交易时间,公众账号ID,商户号,特约商户号,设备号,微信订单号,商户订单号,用户标识,交易类型,交易状态,付款银行,货币种类,应结订单金额,代金券金额,微信退款单号,商户退款单号,退款金额,充值券退款金额,退款类型,退款状态,商品名称,商户数据包,手续费,费率,订单金额,申请退款金额,费率备注
`2026-04-01 12:18:05,`wx3e5c4e6bb99d7c8e,`1693395706,`0,`,`4200003069202604010297573458,`169339570620260401121753085684,`oE02-6NLlP7MbekZev1Hwt0xOjl0,`JSAPI,`SUCCESS,`PAB_CREDIT,`CNY,`1000.00,`0.00,`0,`0,`0.00,`0.00,`,`,`商户:趣捞鱼-3033 电表:10102029 电表充值,`,`5.40000,`0.54%,`1000.00,`0.00,`
`2026-04-01 11:17:53,`wx3e5c4e6bb99d7c8e,`1693395706,`0,`,`4200003080202604015986347576,`169339570620260401111744192574,`oE02-6BPAHYDHt6_ODlWOg1etQaM,`JSAPI,`SUCCESS,`COMM_CREDIT,`CNY,`50.00,`0.00,`0,`0,`0.00,`0.00,`,`,`商户:星辰弓射箭馆A-3026 电表:10102022 电表充值,`,`0.27000,`0.54%,`50.00,`0.00,`
`2026-04-01 09:56:24,`wx3e5c4e6bb99d7c8e,`1693395706,`0,`,`4200003081202604015365457353,`169339570620260401095612664539,`oE02-6GNsm6_O-7buQ6QLtk3D1EY,`JSAPI,`SUCCESS,`CCB_DEBIT,`CNY,`1000.00,`0.00,`0,`0,`0.00,`0.00,`,`,`商户:许府牛-5003-1 电表:10105046 电表充值,`,`5.40000,`0.54%,`1000.00,`0.00,`
`2026-04-01 09:03:21,`wx3e5c4e6bb99d7c8e,`1693395706,`0,`,`4200003082202604018190259235,`16933957062026040109025283499,`oE02-6EmbplIH1QhCvBS-MVsLzF8,`JSAPI,`SUCCESS,`CQRCB_CREDIT,`CNY,`50.00,`0.00,`0,`0,`0.00,`0.00,`,`,`商户:宝宝来当家-3022 电表:10102017 电表充值,`,`0.27000,`0.54%,`50.00,`0.00,`
`2026-04-01 18:02:13,`wx3e5c4e6bb99d7c8e,`1693395706,`0,`,`4200003084202604019410920762,`169339570620260401180202685937,`oE02-6Ck4UxbaML_Tf_BFkfKrsyw,`JSAPI,`SUCCESS,`COMM_CREDIT,`CNY,`300.00,`0.00,`0,`0,`0.00,`0.00,`,`,`商户:蛙赛牛蛙-5009 电表:10104029 电表充值,`,`1.62000,`0.54%,`300.00,`0.00,`
`2026-04-01 09:57:08,`wx3e5c4e6bb99d7c8e,`1693395706,`0,`,`4200003087202604017795658000,`169339570620260401095656138653,`oE02-6GNsm6_O-7buQ6QLtk3D1EY,`JSAPI,`SUCCESS,`GDB_DEBIT,`CNY,`1000.00,`0.00,`0,`0,`0.00,`0.00,`,`,`商户:超鸡魔王-5021B 电表:10104016 电表充值,`,`5.40000,`0.54%,`1000.00,`0.00,`
`2026-04-01 12:14:25,`wx3e5c4e6bb99d7c8e,`1693395706,`0,`,`4200003087202604018230326652,`169339570620260401121418202117,`oE02-6DkzC4n-C1tbBu2G8QgA6Tk,`JSAPI,`SUCCESS,`OTHERS,`CNY,`2000.00,`0.00,`0,`0,`0.00,`0.00,`,`,`商户:瞄一瞄-1001 电表:101B1001 电表充值,`,`10.80000,`0.54%,`2000.00,`0.00,`
`2026-04-01 12:06:08,`wx3e5c4e6bb99d7c8e,`1693395706,`0,`,`4200003092202604017604671683,`16933957062026040112060294747,`oE02-6P9xx4Ge2NwPhp7dMxu3HTg,`JSAPI,`SUCCESS,`OTHERS,`CNY,`200.00,`0.00,`0,`0,`0.00,`0.00,`,`,`商户:遇尚饼-5018 电表:10104014 电表充值,`,`1.08000,`0.54%,`200.00,`0.00,`
`2026-04-01 09:56:43,`wx3e5c4e6bb99d7c8e,`1693395706,`0,`,`4200003131202604012456877520,`16933957062026040109563401031,`oE02-6GNsm6_O-7buQ6QLtk3D1EY,`JSAPI,`SUCCESS,`CCB_DEBIT,`CNY,`1000.00,`0.00,`0,`0,`0.00,`0.00,`,`,`商户:许府牛-5003 电表:10104044 电表充值,`,`5.40000,`0.54%,`1000.00,`0.00,`
`2026-04-01 17:55:46,`wx3e5c4e6bb99d7c8e,`1693395706,`0,`,`4200003134202604012332983152,`1693395706202604011755397684,`oE02-6J105X2x5eXNBHiqf0DkiYk,`JSAPI,`SUCCESS,`GDB_DEBIT,`CNY,`4700.00,`0.00,`0,`0,`0.00,`0.00,`,`,`商户:吉布鲁-5001A 电表:10104048 电表充值,`,`25.38000,`0.54%,`4700.00,`0.00,`
`2026-04-01 17:55:27,`wx3e5c4e6bb99d7c8e,`1693395706,`0,`,`4200003139202604019702986491,`169339570620260401175519619395,`oE02-6J105X2x5eXNBHiqf0DkiYk,`JSAPI,`SUCCESS,`GDB_DEBIT,`CNY,`5300.00,`0.00,`0,`0,`0.00,`0.00,`,`,`商户:吉布鲁-5001 电表:10104001 电表充值,`,`28.62000,`0.54%,`5300.00,`0.00,`
`2026-04-01 18:37:52,`wx3e5c4e6bb99d7c8e,`1693395706,`0,`,`4200003140202604019567973693,`169339570620260401183744980394,`oE02-6Ia1HU2Zc2vlXfeiMIFzp8o,`JSAPI,`SUCCESS,`HUNNX_DEBIT,`CNY,`20.00,`0.00,`0,`0,`0.00,`0.00,`,`,`商户:大黎小齐-4018 电表:10103015 电表充值,`,`0.11000,`0.54%,`20.00,`0.00,`
`2026-04-02 01:36:26,`wx3e5c4e6bb99d7c8e,`1693395706,`0,`,`4200003049202604026385494005,`169339570620260402013617241764,`oE02-6Eed_ogBvcdFAbu0c1HzHvM,`JSAPI,`SUCCESS,`OTHERS,`CNY,`2000.00,`0.00,`0,`0,`0.00,`0.00,`,`,`商户:藤野造型-4002 电表:10103033 电表充值,`,`10.80000,`0.54%,`2000.00,`0.00,`
`2026-04-02 16:02:51,`wx3e5c4e6bb99d7c8e,`1693395706,`0,`,`4200003049202604026692348520,`169339570620260402160207594839,`oE02-6KcG6OBbhpU0unNji46zTSM,`JSAPI,`SUCCESS,`CCB_DEBIT,`CNY,`500.00,`0.00,`0,`0,`0.00,`0.00,`,`,`商户:潮流前线-2008 电表:10101007 电表充值,`,`2.70000,`0.54%,`500.00,`0.00,`
`2026-04-02 13:43:30,`wx3e5c4e6bb99d7c8e,`1693395706,`0,`,`4200003050202604027274597196,`169339570620260402134324940545,`oE02-6EVLN_Ej4a2aMnf-qsvMrZU,`JSAPI,`SUCCESS,`OTHERS,`CNY,`30.00,`0.00,`0,`0,`0.00,`0.00,`,`,`商户:非否-1003 电表:101B1029 电表充值,`,`0.16000,`0.54%,`30.00,`0.00,`
`2026-04-02 13:09:15,`wx3e5c4e6bb99d7c8e,`1693395706,`0,`,`4200003054202604021752544353,`16933957062026040213090631272,`oE02-6Fjocxj0izkSIBJGyS2rEUQ,`JSAPI,`SUCCESS,`ABC_CREDIT,`CNY,`200.00,`0.00,`0,`0,`0.00,`0.00,`,`,`商户:摩趣邦-3009 电表:10102007 电表充值,`,`1.08000,`0.54%,`200.00,`0.00,`
`2026-04-02 12:06:28,`wx3e5c4e6bb99d7c8e,`1693395706,`0,`,`4200003055202604020373556875,`169339570620260402120616694620,`oE02-6CV3L5nPqp6J7b21JNaUv38,`JSAPI,`SUCCESS,`OTHERS,`CNY,`500.00,`0.00,`0,`0,`0.00,`0.00,`,`,`商户:保罗奥德赛-2010 电表:10101008 电表充值,`,`2.70000,`0.54%,`500.00,`0.00,`
`2026-04-02 02:00:30,`wx3e5c4e6bb99d7c8e,`1693395706,`0,`,`4200003071202604021086183341,`169339570620260402020024613957,`oE02-6C-Yu2YI4QRPwbGa_QC7qao,`JSAPI,`SUCCESS,`OTHERS,`CNY,`100.00,`0.00,`0,`0,`0.00,`0.00,`,`,`商户:发发桌球-4008 电表:10103007 电表充值,`,`0.54000,`0.54%,`100.00,`0.00,`
`2026-04-02 02:00:15,`wx3e5c4e6bb99d7c8e,`1693395706,`0,`,`4200003071202604024602804680,`169339570620260402020008000794,`oE02-6C-Yu2YI4QRPwbGa_QC7qao,`JSAPI,`SUCCESS,`OTHERS,`CNY,`200.00,`0.00,`0,`0,`0.00,`0.00,`,`,`商户:发发桌球-4007 电表:10103006 电表充值,`,`1.08000,`0.54%,`200.00,`0.00,`
`2026-04-02 06:05:37,`wx3e5c4e6bb99d7c8e,`1693395706,`0,`,`4200003073202604027806749261,`169339570620260402060531439158,`oE02-6JqX7UVN5CVXNSsbVQCJqp8,`JSAPI,`SUCCESS,`CMBC_CREDIT,`CNY,`500.00,`0.00,`0,`0,`0.00,`0.00,`,`,`商户:星聚会-4001 电表:10103001 电表充值,`,`2.70000,`0.54%,`500.00,`0.00,`
`2026-04-02 13:42:54,`wx3e5c4e6bb99d7c8e,`1693395706,`0,`,`4200003073202604029849010097,`169339570620260402134224079754,`oE02-6KJtCG4WvbeP6FF823vPcwU,`JSAPI,`SUCCESS,`OTHERS,`CNY,`30.00,`0.00,`0,`0,`0.00,`0.00,`,`,`商户:优学派-3032 电表:10102028 电表充值,`,`0.16000,`0.54%,`30.00,`0.00,`
`2026-04-02 12:44:56,`wx3e5c4e6bb99d7c8e,`1693395706,`0,`,`4200003078202604024427197979,`169339570620260402124450222806,`oE02-6J5J6BmahaS460lquFCTG4k,`JSAPI,`SUCCESS,`OTHERS,`CNY,`1000.00,`0.00,`0,`0,`0.00,`0.00,`,`,`商户:胖大厨肉蟹煲-5017 电表:10104010 电表充值,`,`5.40000,`0.54%,`1000.00,`0.00,`
`2026-04-02 02:01:05,`wx3e5c4e6bb99d7c8e,`1693395706,`0,`,`4200003081202604023977457640,`169339570620260402020057978978,`oE02-6C-Yu2YI4QRPwbGa_QC7qao,`JSAPI,`SUCCESS,`CMB_DEBIT,`CNY,`100.00,`0.00,`0,`0,`0.00,`0.00,`,`,`商户:发发桌球-4010 电表:10103009 电表充值,`,`0.54000,`0.54%,`100.00,`0.00,`
`2026-04-02 18:19:23,`wx3e5c4e6bb99d7c8e,`1693395706,`0,`,`4200003084202604028665072028,`169339570620260402181916912820,`oE02-6EmbplIH1QhCvBS-MVsLzF8,`JSAPI,`SUCCESS,`CMB_DEBIT,`CNY,`50.00,`0.00,`0,`0,`0.00,`0.00,`,`,`商户:哈哩屋的小baby-3037 电表:10102025 电表充值,`,`0.27000,`0.54%,`50.00,`0.00,`
`2026-04-02 00:11:54,`wx3e5c4e6bb99d7c8e,`1693395706,`0,`,`4200003085202604025187742173,`169339570620260402001143858982,`oE02-6CPj8RfYlgl8vIvWQJpuV6E,`JSAPI,`SUCCESS,`PAB_CREDIT,`CNY,`200.00,`0.00,`0,`0,`0.00,`0.00,`,`,`商户:米乐熊-3015 电表:10102010 电表充值,`,`1.08000,`0.54%,`200.00,`0.00,`
`2026-04-02 09:20:57,`wx3e5c4e6bb99d7c8e,`1693395706,`0,`,`4200003086202604028013104526,`169339570620260402092048865412,`oE02-6Mu5JX0sYu_00BBXTBx8NWM,`JSAPI,`SUCCESS,`OTHERS,`CNY,`500.00,`0.00,`0,`0,`0.00,`0.00,`,`,`商户:欣椰遇-5023A 电表:10104018 电表充值,`,`2.70000,`0.54%,`500.00,`0.00,`
`2026-04-02 13:42:12,`wx3e5c4e6bb99d7c8e,`1693395706,`0,`,`4200003088202604024849190531,`169339570620260402134203007992,`oE02-6G3fB_H04FhLN5vLrJMEfec,`JSAPI,`SUCCESS,`ICBC_DEBIT,`CNY,`100.00,`0.20,`0,`0,`0.00,`0.00,`,`,`商户:南沫-JYF3-006 电表:10102048 电表充值,`,`0.54000,`0.54%,`100.00,`0.00,`
`2026-04-02 00:52:47,`wx3e5c4e6bb99d7c8e,`1693395706,`0,`,`4200003089202604022610762850,`169339570620260402005237768789,`oE02-6Aa8sgPUWLqC0_MvLC6ZijI,`JSAPI,`SUCCESS,`OTHERS,`CNY,`500.00,`0.00,`0,`0,`0.00,`0.00,`,`,`商户:湘下佬-5006 电表:10104005 电表充值,`,`2.70000,`0.54%,`500.00,`0.00,`
`2026-04-02 02:01:20,`wx3e5c4e6bb99d7c8e,`1693395706,`0,`,`4200003092202604027073277731,`169339570620260402020113062451,`oE02-6C-Yu2YI4QRPwbGa_QC7qao,`JSAPI,`SUCCESS,`CMB_DEBIT,`CNY,`100.00,`0.00,`0,`0,`0.00,`0.00,`,`,`商户:发发桌球专用电梯-4010-1 电表:10105044 电表充值,`,`0.54000,`0.54%,`100.00,`0.00,`
`2026-04-02 11:18:50,`wx3e5c4e6bb99d7c8e,`1693395706,`0,`,`4200003093202604024205685867,`169339570620260402111839639602,`oE02-6BPAHYDHt6_ODlWOg1etQaM,`JSAPI,`SUCCESS,`COMM_CREDIT,`CNY,`50.00,`0.00,`0,`0,`0.00,`0.00,`,`,`商户:星辰弓射箭馆A-3026 电表:10102022 电表充值,`,`0.27000,`0.54%,`50.00,`0.00,`
`2026-04-02 02:00:00,`wx3e5c4e6bb99d7c8e,`1693395706,`0,`,`4200003128202604020128624814,`169339570620260402015954377544,`oE02-6C-Yu2YI4QRPwbGa_QC7qao,`JSAPI,`SUCCESS,`OTHERS,`CNY,`200.00,`0.00,`0,`0,`0.00,`0.00,`,`,`商户:发发桌球-4006 电表:10103005 电表充值,`,`1.08000,`0.54%,`200.00,`0.00,`
`2026-04-02 02:00:49,`wx3e5c4e6bb99d7c8e,`1693395706,`0,`,`4200003132202604021841596151,`169339570620260402020042151926,`oE02-6C-Yu2YI4QRPwbGa_QC7qao,`JSAPI,`SUCCESS,`CMB_DEBIT,`CNY,`300.00,`0.00,`0,`0,`0.00,`0.00,`,`,`商户:发发桌球-4009 电表:10103008 电表充值,`,`1.62000,`0.54%,`300.00,`0.00,`
`2026-04-02 18:03:16,`wx3e5c4e6bb99d7c8e,`1693395706,`0,`,`4200003132202604028307494905,`169339570620260402180308393952,`oE02-6FqvX6sg03mrcbARlA0-gK4,`JSAPI,`SUCCESS,`BOC_DEBIT,`CNY,`500.00,`0.00,`0,`0,`0.00,`0.00,`,`,`商户:森林鸟-1016 电表:101B1014 电表充值,`,`2.70000,`0.54%,`500.00,`0.00,`
`2026-04-03 16:34:42,`wx3e5c4e6bb99d7c8e,`1693395706,`0,`,`4200003056202604039184476080,`169339570620260403163435803469,`oE02-6IK2EbgeZ71eiPAIA7PYbno,`JSAPI,`SUCCESS,`OTHERS,`CNY,`500.00,`0.00,`0,`0,`0.00,`0.00,`,`,`商户:梵西诺保罗-2023 电表:10101020 电表充值,`,`2.70000,`0.54%,`500.00,`0.00,`
`2026-04-03 16:13:26,`wx3e5c4e6bb99d7c8e,`1693395706,`0,`,`4200003067202604031282417329,`169339570620260403161315983788,`oE02-6Cx8K1zoOGRZO8jCwUFBHzc,`JSAPI,`SUCCESS,`ABC_DEBIT,`CNY,`200.00,`0.00,`0,`0,`0.00,`0.00,`,`,`商户:大东-2016B 电表:10101047 电表充值,`,`1.08000,`0.54%,`200.00,`0.00,`
`2026-04-03 18:08:58,`wx3e5c4e6bb99d7c8e,`1693395706,`0,`,`4200003069202604033766401317,`169339570620260403180847129429,`oE02-6EVLN_Ej4a2aMnf-qsvMrZU,`JSAPI,`SUCCESS,`OTHERS,`CNY,`30.00,`0.00,`0,`0,`0.00,`0.00,`,`,`商户:非否-1003 电表:101B1029 电表充值,`,`0.16000,`0.54%,`30.00,`0.00,`
`2026-04-03 12:03:32,`wx3e5c4e6bb99d7c8e,`1693395706,`0,`,`4200003088202604035338284556,`169339570620260403120321395118,`oE02-6OmqUiE1Vzk3dvyFq3gukcs,`JSAPI,`SUCCESS,`OTHERS,`CNY,`100.00,`0.00,`0,`0,`0.00,`0.00,`,`,`商户:亦心恋-2012B 电表:10101045 电表充值,`,`0.54000,`0.54%,`100.00,`0.00,`
`2026-04-03 16:14:29,`wx3e5c4e6bb99d7c8e,`1693395706,`0,`,`4200003094202604037240651112,`169339570620260403161419247798,`oE02-6Cx8K1zoOGRZO8jCwUFBHzc,`JSAPI,`SUCCESS,`ABC_DEBIT,`CNY,`200.00,`0.00,`0,`0,`0.00,`0.00,`,`,`商户:香蜜闺秀-2019 电表:10101017 电表充值,`,`1.08000,`0.54%,`200.00,`0.00,`
`2026-04-03 13:48:47,`wx3e5c4e6bb99d7c8e,`1693395706,`0,`,`4200003132202604035629313649,`169339570620260403134841524292,`oE02-6EbPLwShkVoD2DybplIGnMs,`JSAPI,`SUCCESS,`BANK_CREDIT,`CNY,`500.00,`0.00,`0,`0,`0.00,`0.00,`,`,`商户:恋惠优品-1019-BB 电表:101B1018 电表充值,`,`2.70000,`0.54%,`500.00,`0.00,`
`2026-04-03 09:21:30,`wx3e5c4e6bb99d7c8e,`1693395706,`0,`,`4200003135202604038461950370,`16933957062026040309212490427,`oE02-6KTAhNEQQ8paqMO_agdOqDI,`JSAPI,`SUCCESS,`OTHERS,`CNY,`200.00,`0.00,`0,`0,`0.00,`0.00,`,`,`商户:原匠-2020 电表:10101018 电表充值,`,`1.08000,`0.54%,`200.00,`0.00,`
`2026-04-03 23:23:37,`wx3e5c4e6bb99d7c8e,`1693395706,`0,`,`4200003139202604038611822584,`16933957062026040323233003163,`oE02-6Ck4UxbaML_Tf_BFkfKrsyw,`JSAPI,`SUCCESS,`COMM_CREDIT,`CNY,`300.00,`0.00,`0,`0,`0.00,`0.00,`,`,`商户:蛙赛牛蛙-5009 电表:10104029 电表充值,`,`1.62000,`0.54%,`300.00,`0.00,`
`2026-04-04 12:11:43,`wx3e5c4e6bb99d7c8e,`1693395706,`0,`,`4200003049202604040279847248,`169339570620260404121133963813,`oE02-6JeAHvu4Q7qsHdbXJqGmdNk,`JSAPI,`SUCCESS,`ICBC_CREDIT,`CNY,`1000.00,`0.00,`0,`0,`0.00,`0.00,`,`,`商户:乔克叔叔-3029B 电表:10102057 电表充值,`,`5.40000,`0.54%,`1000.00,`0.00,`
`2026-04-04 02:45:51,`wx3e5c4e6bb99d7c8e,`1693395706,`0,`,`4200003050202604042294599556,`169339570620260404024543395506,`oE02-6C-Yu2YI4QRPwbGa_QC7qao,`JSAPI,`SUCCESS,`CMB_DEBIT,`CNY,`200.00,`0.00,`0,`0,`0.00,`0.00,`,`,`商户:发发桌球-4009 电表:10103008 电表充值,`,`1.08000,`0.54%,`200.00,`0.00,`
`2026-04-04 09:51:47,`wx3e5c4e6bb99d7c8e,`1693395706,`0,`,`4200003054202604042381287950,`169339570620260404095135072592,`oE02-6EmbplIH1QhCvBS-MVsLzF8,`JSAPI,`SUCCESS,`CQRCB_CREDIT,`CNY,`100.00,`1.50,`0,`0,`0.00,`0.00,`,`,`商户:哈哩屋的小baby-3037 电表:10102025 电表充值,`,`0.54000,`0.54%,`100.00,`0.00,`
`2026-04-04 19:33:24,`wx3e5c4e6bb99d7c8e,`1693395706,`0,`,`4200003061202604048155992315,`169339570620260404193216230644,`oE02-6GftSyzgLgNtS3YqFHNJ-2g,`JSAPI,`SUCCESS,`BANK_CREDIT,`CNY,`500.00,`0.00,`0,`0,`0.00,`0.00,`,`,`商户:美思-2039 电表:10101034 电表充值,`,`2.70000,`0.54%,`500.00,`0.00,`
`2026-04-04 02:45:16,`wx3e5c4e6bb99d7c8e,`1693395706,`0,`,`4200003065202604045601919844,`169339570620260404024510728117,`oE02-6C-Yu2YI4QRPwbGa_QC7qao,`JSAPI,`SUCCESS,`CMB_DEBIT,`CNY,`100.00,`0.00,`0,`0,`0.00,`0.00,`,`,`商户:发发桌球-4007 电表:10103006 电表充值,`,`0.54000,`0.54%,`100.00,`0.00,`
`2026-04-04 02:46:23,`wx3e5c4e6bb99d7c8e,`1693395706,`0,`,`4200003071202604041769953736,`169339570620260404024615613382,`oE02-6C-Yu2YI4QRPwbGa_QC7qao,`JSAPI,`SUCCESS,`CMB_DEBIT,`CNY,`100.00,`0.00,`0,`0,`0.00,`0.00,`,`,`商户:发发桌球专用电梯-4010-1 电表:10105044 电表充值,`,`0.54000,`0.54%,`100.00,`0.00,`
`2026-04-04 10:34:47,`wx3e5c4e6bb99d7c8e,`1693395706,`0,`,`4200003071202604047553442910,`169339570620260404103426607854,`oE02-6KJtCG4WvbeP6FF823vPcwU,`JSAPI,`SUCCESS,`OTHERS,`CNY,`100.00,`0.00,`0,`0,`0.00,`0.00,`,`,`商户:优学派-3032 电表:10102028 电表充值,`,`0.54000,`0.54%,`100.00,`0.00,`
`2026-04-04 19:00:36,`wx3e5c4e6bb99d7c8e,`1693395706,`0,`,`4200003074202604041081730112,`169339570620260404190015604653,`oE02-6AebrA2Z2Awv4IlM8SHEdl0,`JSAPI,`SUCCESS,`OTHERS,`CNY,`500.00,`0.00,`0,`0,`0.00,`0.00,`,`,`商户:潮玩空间-1020 电表:101B1020 电表充值,`,`2.70000,`0.54%,`500.00,`0.00,`
`2026-04-04 18:04:51,`wx3e5c4e6bb99d7c8e,`1693395706,`0,`,`4200003078202604045349176744,`169339570620260404180441993248,`oE02-6Hz8LY-FOgFsrEpeYtonFwM,`JSAPI,`SUCCESS,`OTHERS,`CNY,`2000.00,`0.00,`0,`0,`0.00,`0.00,`,`,`商户:蜘蛛王-2006 电表:10101005 电表充值,`,`10.80000,`0.54%,`2000.00,`0.00,`
`2026-04-04 02:45:03,`wx3e5c4e6bb99d7c8e,`1693395706,`0,`,`4200003080202604041649316091,`169339570620260404024456575490,`oE02-6C-Yu2YI4QRPwbGa_QC7qao,`JSAPI,`SUCCESS,`CMB_DEBIT,`CNY,`200.00,`0.00,`0,`0,`0.00,`0.00,`,`,`商户:发发桌球-4006 电表:10103005 电表充值,`,`1.08000,`0.54%,`200.00,`0.00,`
`2026-04-04 00:52:30,`wx3e5c4e6bb99d7c8e,`1693395706,`0,`,`4200003080202604045676813355,`169339570620260404005222415526,`oE02-6N8FvQ3iYoz_PK6xWaqKZuY,`JSAPI,`SUCCESS,`CCB_DEBIT,`CNY,`200.00,`0.00,`0,`0,`0.00,`0.00,`,`,`商户:向荣拳击-4025 电表:10103032 电表充值,`,`1.08000,`0.54%,`200.00,`0.00,`
`2026-04-04 16:28:56,`wx3e5c4e6bb99d7c8e,`1693395706,`0,`,`4200003093202604041157359956,`169339570620260404162851205342,`oE02-6Omx4kZoEqlyXOiVmPAosMQ,`JSAPI,`SUCCESS,`OTHERS,`CNY,`500.00,`0.00,`0,`0,`0.00,`0.00,`,`,`商户:币币之家-3035 电表:10102030 电表充值,`,`2.70000,`0.54%,`500.00,`0.00,`
`2026-04-04 02:46:07,`wx3e5c4e6bb99d7c8e,`1693395706,`0,`,`4200003095202604045343957253,`169339570620260404024559619673,`oE02-6C-Yu2YI4QRPwbGa_QC7qao,`JSAPI,`SUCCESS,`CMB_DEBIT,`CNY,`100.00,`0.00,`0,`0,`0.00,`0.00,`,`,`商户:发发桌球-4010 电表:10103009 电表充值,`,`0.54000,`0.54%,`100.00,`0.00,`
`2026-04-04 08:34:57,`wx3e5c4e6bb99d7c8e,`1693395706,`0,`,`4200003126202604049777936637,`169339570620260404083442856452,`oE02-6EmbplIH1QhCvBS-MVsLzF8,`JSAPI,`SUCCESS,`CMB_DEBIT,`CNY,`100.00,`0.00,`0,`0,`0.00,`0.00,`,`,`商户:宝宝来当家-3022 电表:10102017 电表充值,`,`0.54000,`0.54%,`100.00,`0.00,`
`2026-04-04 02:45:35,`wx3e5c4e6bb99d7c8e,`1693395706,`0,`,`4200003128202604046996333873,`169339570620260404024527459696,`oE02-6C-Yu2YI4QRPwbGa_QC7qao,`JSAPI,`SUCCESS,`CMB_DEBIT,`CNY,`200.00,`0.00,`0,`0,`0.00,`0.00,`,`,`商户:发发桌球-4008 电表:10103007 电表充值,`,`1.08000,`0.54%,`200.00,`0.00,`
`2026-04-04 09:27:19,`wx3e5c4e6bb99d7c8e,`1693395706,`0,`,`4200003130202604045946283707,`169339570620260404092708891713,`oE02-6BPAHYDHt6_ODlWOg1etQaM,`JSAPI,`SUCCESS,`CMBC_CREDIT,`CNY,`50.00,`0.12,`0,`0,`0.00,`0.00,`,`,`商户:星辰弓射箭馆A-3026 电表:10102022 电表充值,`,`0.27000,`0.54%,`50.00,`0.00,`
`2026-04-04 00:04:59,`wx3e5c4e6bb99d7c8e,`1693395706,`0,`,`4200003134202604042922232552,`169339570620260404000449222474,`oE02-6JqX7UVN5CVXNSsbVQCJqp8,`JSAPI,`SUCCESS,`CCB_CREDIT,`CNY,`1000.00,`0.00,`0,`0,`0.00,`0.00,`,`,`商户:星聚会-4001 电表:10103001 电表充值,`,`5.40000,`0.54%,`1000.00,`0.00,`
`2026-04-05 12:05:45,`wx3e5c4e6bb99d7c8e,`1693395706,`0,`,`4200003049202604050426762143,`16933957062026040512053533295,`oE02-6F96JznmnEsnv1yODWShgzc,`JSAPI,`SUCCESS,`OTHERS,`CNY,`1000.00,`0.00,`0,`0,`0.00,`0.00,`,`,`商户:京东之家-2013 电表:10101058 电表充值,`,`5.40000,`0.54%,`1000.00,`0.00,`
`2026-04-05 18:23:49,`wx3e5c4e6bb99d7c8e,`1693395706,`0,`,`4200003055202604053144624706,`169339570620260405182340529276,`oE02-6JYayw2qM0AGswnGiZiYdMM,`JSAPI,`SUCCESS,`ABC_DEBIT,`CNY,`3000.00,`0.00,`0,`0,`0.00,`0.00,`,`,`商户:七匹狼-2038 电表:10101033 电表充值,`,`16.20000,`0.54%,`3000.00,`0.00,`
`2026-04-05 09:56:37,`wx3e5c4e6bb99d7c8e,`1693395706,`0,`,`4200003058202604053004474522,`169339570620260405095624222449,`oE02-6BPAHYDHt6_ODlWOg1etQaM,`JSAPI,`SUCCESS,`CMBC_CREDIT,`CNY,`50.00,`0.10,`0,`0,`0.00,`0.00,`,`,`商户:星辰弓射箭馆A-3026 电表:10102022 电表充值,`,`0.27000,`0.54%,`50.00,`0.00,`
`2026-04-05 18:06:04,`wx3e5c4e6bb99d7c8e,`1693395706,`0,`,`4200003063202604051355053088,`169339570620260405180558867889,`oE02-6EVLN_Ej4a2aMnf-qsvMrZU,`JSAPI,`SUCCESS,`OTHERS,`CNY,`20.00,`0.00,`0,`0,`0.00,`0.00,`,`,`商户:非否-1003 电表:101B1029 电表充值,`,`0.11000,`0.54%,`20.00,`0.00,`
`2026-04-05 12:01:26,`wx3e5c4e6bb99d7c8e,`1693395706,`0,`,`4200003064202604056027237585,`16933957062026040512005816829,`oE02-6FXYk1m9KOS_ovhfYk-gs1w,`JSAPI,`SUCCESS,`CITIC_CREDIT,`CNY,`2000.00,`0.00,`0,`0,`0.00,`0.00,`,`,`商户:沅柒洞石锅拌饭-5011 电表:10104012 电表充值,`,`10.80000,`0.54%,`2000.00,`0.00,`
`2026-04-05 23:31:15,`wx3e5c4e6bb99d7c8e,`1693395706,`0,`,`4200003067202604058657449368,`169339570620260405233057332725,`oE02-6AebrA2Z2Awv4IlM8SHEdl0,`JSAPI,`SUCCESS,`OTHERS,`CNY,`1500.00,`0.00,`0,`0,`0.00,`0.00,`,`,`商户:潮玩空间-1020 电表:101B1020 电表充值,`,`8.10000,`0.54%,`1500.00,`0.00,`
`2026-04-05 18:04:05,`wx3e5c4e6bb99d7c8e,`1693395706,`0,`,`4200003077202604059152901443,`169339570620260405180354677182,`oE02-6H2_murDM920kbaeiXjIEJ4,`JSAPI,`SUCCESS,`ABC_DEBIT,`CNY,`2800.00,`0.00,`0,`0,`0.00,`0.00,`,`,`商户:奥康-2029 电表:10101024 电表充值,`,`15.12000,`0.54%,`2800.00,`0.00,`
`2026-04-05 12:06:58,`wx3e5c4e6bb99d7c8e,`1693395706,`0,`,`4200003087202604053537409486,`169339570620260405120645934469,`oE02-6M3402-OcanYsQBNQ4uqLcE,`JSAPI,`SUCCESS,`OTHERS,`CNY,`5000.00,`0.00,`0,`0,`0.00,`0.00,`,`,`商户:夏日玛莉-5021A 电表:10104049 电表充值,`,`27.00000,`0.54%,`5000.00,`0.00,`
`2026-04-05 00:33:34,`wx3e5c4e6bb99d7c8e,`1693395706,`0,`,`4200003095202604054270410504,`169339570620260405003328040419,`oE02-6JhJF7SxYuGhYzw2lDje3Ak,`JSAPI,`SUCCESS,`ABC_DEBIT,`CNY,`1000.00,`0.00,`0,`0,`0.00,`0.00,`,`,`商户:欣椰遇-5023A 电表:10104018 电表充值,`,`5.40000,`0.54%,`1000.00,`0.00,`
`2026-04-05 07:45:56,`wx3e5c4e6bb99d7c8e,`1693395706,`0,`,`4200003130202604057208835727,`169339570620260405074544645250,`oE02-6Jt6NceUnA3auXuFwyogCak,`JSAPI,`SUCCESS,`CITIC_CREDIT,`CNY,`500.00,`0.00,`0,`0,`0.00,`0.00,`,`,`商户:珂兰雅-2007 电表:10101006 电表充值,`,`2.70000,`0.54%,`500.00,`0.00,`
`2026-04-06 00:21:54,`wx3e5c4e6bb99d7c8e,`1693395706,`0,`,`4200003052202604061087348440,`169339570620260406002146901389,`oE02-6C-Yu2YI4QRPwbGa_QC7qao,`JSAPI,`SUCCESS,`CMB_DEBIT,`CNY,`300.00,`0.00,`0,`0,`0.00,`0.00,`,`,`商户:发发桌球制冰设备-4010-2 电表:10105045 电表充值,`,`1.62000,`0.54%,`300.00,`0.00,`
`2026-04-06 09:57:24,`wx3e5c4e6bb99d7c8e,`1693395706,`0,`,`4200003052202604065869545447,`169339570620260406095710664425,`oE02-6BPAHYDHt6_ODlWOg1etQaM,`JSAPI,`SUCCESS,`CMBC_DEBIT,`CNY,`50.00,`0.77,`0,`0,`0.00,`0.00,`,`,`商户:星辰弓射箭馆A-3026 电表:10102022 电表充值,`,`0.27000,`0.54%,`50.00,`0.00,`
`2026-04-06 00:21:18,`wx3e5c4e6bb99d7c8e,`1693395706,`0,`,`4200003053202604069072907820,`169339570620260406002111288947,`oE02-6C-Yu2YI4QRPwbGa_QC7qao,`JSAPI,`SUCCESS,`CMB_DEBIT,`CNY,`100.00,`0.00,`0,`0,`0.00,`0.00,`,`,`商户:发发桌球-4010 电表:10103009 电表充值,`,`0.54000,`0.54%,`100.00,`0.00,`
`2026-04-06 09:45:42,`wx3e5c4e6bb99d7c8e,`1693395706,`0,`,`4200003057202604065426122172,`169339570620260406094534851312,`oE02-6HRT2QljKnSMQCz8SRAsROw,`JSAPI,`SUCCESS,`OTHERS,`CNY,`1000.00,`0.00,`0,`0,`0.00,`0.00,`,`,`商户:大锤配镜-2009A 电表:10101043 电表充值,`,`5.40000,`0.54%,`1000.00,`0.00,`
`2026-04-06 18:55:18,`wx3e5c4e6bb99d7c8e,`1693395706,`0,`,`4200003065202604062323142277,`169339570620260406185511359716,`oE02-6DFDbQMEEs4CcVG2XYNQlgc,`JSAPI,`SUCCESS,`OTHERS,`CNY,`200.00,`0.00,`0,`0,`0.00,`0.00,`,`,`商户:忆扬亦可-2009B 电表:10101029 电表充值,`,`1.08000,`0.54%,`200.00,`0.00,`
`2026-04-06 00:20:17,`wx3e5c4e6bb99d7c8e,`1693395706,`0,`,`4200003065202604064714884127,`169339570620260406002009724151,`oE02-6C-Yu2YI4QRPwbGa_QC7qao,`JSAPI,`SUCCESS,`OTHERS,`CNY,`200.00,`0.00,`0,`0,`0.00,`0.00,`,`,`商户:发发桌球-4006 电表:10103005 电表充值,`,`1.08000,`0.54%,`200.00,`0.00,`
`2026-04-06 09:41:58,`wx3e5c4e6bb99d7c8e,`1693395706,`0,`,`4200003069202604063640344268,`16933957062026040609414831039,`oE02-6Aa8sgPUWLqC0_MvLC6ZijI,`JSAPI,`SUCCESS,`OTHERS,`CNY,`500.00,`0.00,`0,`0,`0.00,`0.00,`,`,`商户:湘下佬-5006 电表:10104005 电表充值,`,`2.70000,`0.54%,`500.00,`0.00,`
`2026-04-06 00:52:51,`wx3e5c4e6bb99d7c8e,`1693395706,`0,`,`4200003087202604060838855861,`16933957062026040600524003113,`oE02-6GNsm6_O-7buQ6QLtk3D1EY,`JSAPI,`SUCCESS,`GDB_DEBIT,`CNY,`3000.00,`0.00,`0,`0,`0.00,`0.00,`,`,`商户:超鸡魔王-5021B 电表:10104016 电表充值,`,`16.20000,`0.54%,`3000.00,`0.00,`
`2026-04-06 00:21:02,`wx3e5c4e6bb99d7c8e,`1693395706,`0,`,`4200003093202604061470059893,`169339570620260406002055637515,`oE02-6C-Yu2YI4QRPwbGa_QC7qao,`JSAPI,`SUCCESS,`CMB_DEBIT,`CNY,`300.00,`0.00,`0,`0,`0.00,`0.00,`,`,`商户:发发桌球-4009 电表:10103008 电表充值,`,`1.62000,`0.54%,`300.00,`0.00,`
`2026-04-06 00:21:33,`wx3e5c4e6bb99d7c8e,`1693395706,`0,`,`4200003125202604067275708710,`169339570620260406002126030977,`oE02-6C-Yu2YI4QRPwbGa_QC7qao,`JSAPI,`SUCCESS,`CMB_DEBIT,`CNY,`100.00,`0.00,`0,`0,`0.00,`0.00,`,`,`商户:发发桌球专用电梯-4010-1 电表:10105044 电表充值,`,`0.54000,`0.54%,`100.00,`0.00,`
`2026-04-06 00:20:30,`wx3e5c4e6bb99d7c8e,`1693395706,`0,`,`4200003133202604066458097534,`169339570620260406002024841161,`oE02-6C-Yu2YI4QRPwbGa_QC7qao,`JSAPI,`SUCCESS,`OTHERS,`CNY,`100.00,`0.00,`0,`0,`0.00,`0.00,`,`,`商户:发发桌球-4007 电表:10103006 电表充值,`,`0.54000,`0.54%,`100.00,`0.00,`
`2026-04-06 21:25:01,`wx3e5c4e6bb99d7c8e,`1693395706,`0,`,`4200003137202604067425231748,`169339570620260406212456922776,`oE02-6EVLN_Ej4a2aMnf-qsvMrZU,`JSAPI,`SUCCESS,`OTHERS,`CNY,`5.00,`0.00,`0,`0,`0.00,`0.00,`,`,`商户:非否-1003 电表:101B1029 电表充值,`,`0.03000,`0.54%,`5.00,`0.00,`
`2026-04-06 17:47:47,`wx3e5c4e6bb99d7c8e,`1693395706,`0,`,`4200003138202604067822863548,`169339570620260406174736674158,`oE02-6P9xx4Ge2NwPhp7dMxu3HTg,`JSAPI,`SUCCESS,`OTHERS,`CNY,`200.00,`0.00,`0,`0,`0.00,`0.00,`,`,`商户:遇尚饼-5018 电表:10104014 电表充值,`,`1.08000,`0.54%,`200.00,`0.00,`
`2026-04-06 00:20:46,`wx3e5c4e6bb99d7c8e,`1693395706,`0,`,`4200003140202604067367232861,`169339570620260406002038179267,`oE02-6C-Yu2YI4QRPwbGa_QC7qao,`JSAPI,`SUCCESS,`OTHERS,`CNY,`200.00,`0.00,`0,`0,`0.00,`0.00,`,`,`商户:发发桌球-4008 电表:10103007 电表充值,`,`1.08000,`0.54%,`200.00,`0.00,`
`2026-04-07 12:17:25,`wx3e5c4e6bb99d7c8e,`1693395706,`0,`,`4200003052202604075710855048,`169339570620260407121717327358,`oE02-6Cx8K1zoOGRZO8jCwUFBHzc,`JSAPI,`SUCCESS,`CCB_DEBIT,`CNY,`500.00,`0.00,`0,`0,`0.00,`0.00,`,`,`商户:大东-2016B 电表:10101047 电表充值,`,`2.70000,`0.54%,`500.00,`0.00,`
`2026-04-07 00:02:10,`wx3e5c4e6bb99d7c8e,`1693395706,`0,`,`4200003053202604072603772846,`169339570620260407000205116998,`oE02-6F_zNKdWnV92xzEKRek1Tm4,`JSAPI,`SUCCESS,`CMB_DEBIT,`CNY,`200.00,`0.00,`0,`0,`0.00,`0.00,`,`,`商户:OPPO-1005 电表:101B1004 电表充值,`,`1.08000,`0.54%,`200.00,`0.00,`
`2026-04-07 07:10:22,`wx3e5c4e6bb99d7c8e,`1693395706,`0,`,`4200003056202604072183362385,`169339570620260407071015059227,`oE02-6G5RJuLWn9jhAUQtUJm3XZU,`JSAPI,`SUCCESS,`CCB_CREDIT,`CNY,`500.00,`0.00,`0,`0,`0.00,`0.00,`,`,`商户:洗脸猫-2036 电表:10101032 电表充值,`,`2.70000,`0.54%,`500.00,`0.00,`
`2026-04-07 12:01:04,`wx3e5c4e6bb99d7c8e,`1693395706,`0,`,`4200003058202604070396185547,`169339570620260407120057151119,`oE02-6Ck4UxbaML_Tf_BFkfKrsyw,`JSAPI,`SUCCESS,`COMM_CREDIT,`CNY,`300.00,`0.00,`0,`0,`0.00,`0.00,`,`,`商户:蛙赛牛蛙-5009 电表:10104029 电表充值,`,`1.62000,`0.54%,`300.00,`0.00,`
`2026-04-07 10:29:07,`wx3e5c4e6bb99d7c8e,`1693395706,`0,`,`4200003059202604071611381313,`169339570620260407102851271261,`oE02-6LLKMq1o5Cdv1Xcx6HoiPbc,`JSAPI,`SUCCESS,`PSBC_CREDIT,`CNY,`3800.00,`2.00,`0,`0,`0.00,`0.00,`,`,`商户:名创优品-1059 电表:101B1032 电表充值,`,`20.52000,`0.54%,`3800.00,`0.00,`
`2026-04-07 08:10:36,`wx3e5c4e6bb99d7c8e,`1693395706,`0,`,`4200003064202604079478823708,`169339570620260407081017898290,`oE02-6Dfh-dvRvC_euTsES1B3bpU,`JSAPI,`SUCCESS,`CMB_DEBIT,`CNY,`1000.00,`0.00,`0,`0,`0.00,`0.00,`,`,`商户:柠季-1009AB 电表:101B1052 电表充值,`,`5.40000,`0.54%,`1000.00,`0.00,`
`2026-04-07 07:24:04,`wx3e5c4e6bb99d7c8e,`1693395706,`0,`,`4200003066202604073362173752,`16933957062026040707235109930,`oE02-6Fjocxj0izkSIBJGyS2rEUQ,`JSAPI,`SUCCESS,`CMBC_CREDIT,`CNY,`200.00,`0.00,`0,`0,`0.00,`0.00,`,`,`商户:摩趣邦-3009 电表:10102007 电表充值,`,`1.08000,`0.54%,`200.00,`0.00,`
`2026-04-07 00:20:29,`wx3e5c4e6bb99d7c8e,`1693395706,`0,`,`4200003070202604075879347271,`169339570620260407002020833406,`oE02-6JqX7UVN5CVXNSsbVQCJqp8,`JSAPI,`SUCCESS,`CCB_CREDIT,`CNY,`1000.00,`0.00,`0,`0,`0.00,`0.00,`,`,`商户:星聚会-4001 电表:10103001 电表充值,`,`5.40000,`0.54%,`1000.00,`0.00,`
`2026-04-07 10:00:56,`wx3e5c4e6bb99d7c8e,`1693395706,`0,`,`4200003071202604079955564113,`169339570620260407100050134710,`oE02-6Nb6prUpRKZ1N5bmimugA-k,`JSAPI,`SUCCESS,`OTHERS,`CNY,`1000.00,`0.00,`0,`0,`0.00,`0.00,`,`,`商户:新百伦领跑-2016AA 电表:10101014 电表充值,`,`5.40000,`0.54%,`1000.00,`0.00,`
`2026-04-07 16:58:45,`wx3e5c4e6bb99d7c8e,`1693395706,`0,`,`4200003079202604076991998161,`169339570620260407165838001147,`oE02-6OmqUiE1Vzk3dvyFq3gukcs,`JSAPI,`SUCCESS,`OTHERS,`CNY,`100.00,`0.00,`0,`0,`0.00,`0.00,`,`,`商户:亦心恋-2012B 电表:10101045 电表充值,`,`0.54000,`0.54%,`100.00,`0.00,`
`2026-04-07 18:11:32,`wx3e5c4e6bb99d7c8e,`1693395706,`0,`,`4200003134202604070041598983,`169339570620260407181126903464,`oE02-6Ia1HU2Zc2vlXfeiMIFzp8o,`JSAPI,`SUCCESS,`OTHERS,`CNY,`20.00,`0.00,`0,`0,`0.00,`0.00,`,`,`商户:大黎小齐-4018 电表:10103015 电表充值,`,`0.11000,`0.54%,`20.00,`0.00,`
`2026-04-07 13:06:09,`wx3e5c4e6bb99d7c8e,`1693395706,`0,`,`4200003137202604074536937912,`169339570620260407130601897920,`oE02-6FkeTOYnCyNqO3C8zayHMPc,`JSAPI,`SUCCESS,`OTHERS,`CNY,`100.00,`0.00,`0,`0,`0.00,`0.00,`,`,`商户:美甲美睫-4031 电表:10103028 电表充值,`,`0.54000,`0.54%,`100.00,`0.00,`
`2026-04-08 12:10:57,`wx3e5c4e6bb99d7c8e,`1693395706,`0,`,`4200003053202604085823742118,`169339570620260408120921098641,`oE02-6CGP0ULV2uSKYj4rQjP088E,`JSAPI,`SUCCESS,`GDB_CREDIT,`CNY,`2000.00,`0.00,`0,`0,`0.00,`0.00,`,`,`商户:六福珠宝-1036 电表:101B1034 电表充值,`,`10.80000,`0.54%,`2000.00,`0.00,`
`2026-04-08 22:52:06,`wx3e5c4e6bb99d7c8e,`1693395706,`0,`,`4200003054202604080919062418,`169339570620260408225158450712,`oE02-6DkzC4n-C1tbBu2G8QgA6Tk,`JSAPI,`SUCCESS,`OTHERS,`CNY,`2000.00,`0.00,`0,`0,`0.00,`0.00,`,`,`商户:瞄一瞄-1001 电表:101B1001 电表充值,`,`10.80000,`0.54%,`2000.00,`0.00,`
`2026-04-08 00:16:03,`wx3e5c4e6bb99d7c8e,`1693395706,`0,`,`4200003054202604082825230589,`16933957062026040800155689760,`oE02-6C-Yu2YI4QRPwbGa_QC7qao,`JSAPI,`SUCCESS,`OTHERS,`CNY,`100.00,`0.00,`0,`0,`0.00,`0.00,`,`,`商户:发发桌球-4010 电表:10103009 电表充值,`,`0.54000,`0.54%,`100.00,`0.00,`
`2026-04-08 00:15:49,`wx3e5c4e6bb99d7c8e,`1693395706,`0,`,`4200003056202604085223082150,`169339570620260408001541195720,`oE02-6C-Yu2YI4QRPwbGa_QC7qao,`JSAPI,`SUCCESS,`CMB_DEBIT,`CNY,`200.00,`0.00,`0,`0,`0.00,`0.00,`,`,`商户:发发桌球-4009 电表:10103008 电表充值,`,`1.08000,`0.54%,`200.00,`0.00,`
`2026-04-08 11:43:34,`wx3e5c4e6bb99d7c8e,`1693395706,`0,`,`4200003058202604080563044384,`169339570620260408114328661770,`oE02-6NYbse_cEBzNk30EJrG7Gbc,`JSAPI,`SUCCESS,`OTHERS,`CNY,`499.00,`0.00,`0,`0,`0.00,`0.00,`,`,`商户:哈森-1038 电表:101B1036 电表充值,`,`2.69000,`0.54%,`499.00,`0.00,`
`2026-04-08 00:16:37,`wx3e5c4e6bb99d7c8e,`1693395706,`0,`,`4200003072202604088335111236,`169339570620260408001631686485,`oE02-6C-Yu2YI4QRPwbGa_QC7qao,`JSAPI,`SUCCESS,`OTHERS,`CNY,`400.00,`0.00,`0,`0,`0.00,`0.00,`,`,`商户:发发桌球制冰设备-4010-2 电表:10105045 电表充值,`,`2.16000,`0.54%,`400.00,`0.00,`
`2026-04-08 00:15:30,`wx3e5c4e6bb99d7c8e,`1693395706,`0,`,`4200003074202604080706158441,`169339570620260408001524730151,`oE02-6C-Yu2YI4QRPwbGa_QC7qao,`JSAPI,`SUCCESS,`CMB_DEBIT,`CNY,`200.00,`0.00,`0,`0,`0.00,`0.00,`,`,`商户:发发桌球-4008 电表:10103007 电表充值,`,`1.08000,`0.54%,`200.00,`0.00,`
`2026-04-08 12:14:22,`wx3e5c4e6bb99d7c8e,`1693395706,`0,`,`4200003074202604082982864042,`169339570620260408121414706579,`oE02-6G0Spcwrbpj7hsnV4v2UlPg,`JSAPI,`SUCCESS,`OTHERS,`CNY,`200.00,`0.00,`0,`0,`0.00,`0.00,`,`,`商户:银点-2003 电表:10101003 电表充值,`,`1.08000,`0.54%,`200.00,`0.00,`
`2026-04-08 00:09:57,`wx3e5c4e6bb99d7c8e,`1693395706,`0,`,`4200003076202604083924672072,`169339570620260408000951466274,`oE02-6C-Yu2YI4QRPwbGa_QC7qao,`JSAPI,`SUCCESS,`CMB_DEBIT,`CNY,`200.00,`0.00,`0,`0,`0.00,`0.00,`,`,`商户:发发桌球-4007 电表:10103006 电表充值,`,`1.08000,`0.54%,`200.00,`0.00,`
`2026-04-08 00:11:06,`wx3e5c4e6bb99d7c8e,`1693395706,`0,`,`4200003076202604088266649242,`16933957062026040800105502752,`oE02-6CPj8RfYlgl8vIvWQJpuV6E,`JSAPI,`SUCCESS,`PAB_CREDIT,`CNY,`200.00,`0.00,`0,`0,`0.00,`0.00,`,`,`商户:米乐熊-3015 电表:10102010 电表充值,`,`1.08000,`0.54%,`200.00,`0.00,`
`2026-04-08 00:09:30,`wx3e5c4e6bb99d7c8e,`1693395706,`0,`,`4200003092202604083913134880,`169339570620260408000922817245,`oE02-6C-Yu2YI4QRPwbGa_QC7qao,`JSAPI,`SUCCESS,`CMB_DEBIT,`CNY,`100.00,`0.00,`0,`0,`0.00,`0.00,`,`,`商户:发发桌球-4006 电表:10103005 电表充值,`,`0.54000,`0.54%,`100.00,`0.00,`
`2026-04-08 08:49:03,`wx3e5c4e6bb99d7c8e,`1693395706,`0,`,`4200003095202604086846249712,`169339570620260408084857656495,`oE02-6KTAhNEQQ8paqMO_agdOqDI,`JSAPI,`SUCCESS,`OTHERS,`CNY,`200.00,`0.00,`0,`0,`0.00,`0.00,`,`,`商户:原匠-2020 电表:10101018 电表充值,`,`1.08000,`0.54%,`200.00,`0.00,`
`2026-04-08 08:47:22,`wx3e5c4e6bb99d7c8e,`1693395706,`0,`,`4200003126202604085834843356,`169339570620260408084708624578,`oE02-6GNsm6_O-7buQ6QLtk3D1EY,`JSAPI,`SUCCESS,`CCB_DEBIT,`CNY,`500.00,`0.00,`0,`0,`0.00,`0.00,`,`,`商户:许府牛-5003 电表:10104044 电表充值,`,`2.70000,`0.54%,`500.00,`0.00,`
`2026-04-08 00:16:19,`wx3e5c4e6bb99d7c8e,`1693395706,`0,`,`4200003134202604083583934460,`169339570620260408001611504604,`oE02-6C-Yu2YI4QRPwbGa_QC7qao,`JSAPI,`SUCCESS,`OTHERS,`CNY,`100.00,`0.00,`0,`0,`0.00,`0.00,`,`,`商户:发发桌球专用电梯-4010-1 电表:10105044 电表充值,`,`0.54000,`0.54%,`100.00,`0.00,`
`2026-04-09 15:26:55,`wx3e5c4e6bb99d7c8e,`1693395706,`0,`,`4200003057202604093537076862,`169339570620260409152649042744,`oE02-6ARmcQ3HHTvRp_707PMDC3Y,`JSAPI,`SUCCESS,`CCB_DEBIT,`CNY,`1000.00,`0.00,`0,`0,`0.00,`0.00,`,`,`商户:火火兔启蒙玩学馆-3016 电表:10102013 电表充值,`,`5.40000,`0.54%,`1000.00,`0.00,`
`2026-04-09 20:12:36,`wx3e5c4e6bb99d7c8e,`1693395706,`0,`,`4200003062202604099353476573,`169339570620260409201230356323,`oE02-6JqX7UVN5CVXNSsbVQCJqp8,`JSAPI,`SUCCESS,`CCB_CREDIT,`CNY,`1000.00,`0.00,`0,`0,`0.00,`0.00,`,`,`商户:星聚会-4001 电表:10103001 电表充值,`,`5.40000,`0.54%,`1000.00,`0.00,`
`2026-04-09 08:55:02,`wx3e5c4e6bb99d7c8e,`1693395706,`0,`,`4200003067202604091513496144,`169339570620260409085431006869,`oE02-6EAt3c4ucn9WlgoLz1TToeU,`JSAPI,`SUCCESS,`PSBC_DEBIT,`CNY,`10000.00,`0.00,`0,`0,`0.00,`0.00,`,`,`商户:星球很忙-3017 电表:10102014 电表充值,`,`54.00000,`0.54%,`10000.00,`0.00,`
`2026-04-09 14:26:30,`wx3e5c4e6bb99d7c8e,`1693395706,`0,`,`4200003075202604093086155125,`169339570620260409142621407488,`oE02-6KJtCG4WvbeP6FF823vPcwU,`JSAPI,`SUCCESS,`ICBC_DEBIT,`CNY,`60.00,`0.00,`0,`0,`0.00,`0.00,`,`,`商户:优学派-3032 电表:10102028 电表充值,`,`0.32000,`0.54%,`60.00,`0.00,`
`2026-04-09 09:53:55,`wx3e5c4e6bb99d7c8e,`1693395706,`0,`,`4200003082202604092437838450,`169339570620260409095339761186,`oE02-6BPAHYDHt6_ODlWOg1etQaM,`JSAPI,`SUCCESS,`CMBC_DEBIT,`CNY,`50.00,`0.52,`0,`0,`0.00,`0.00,`,`,`商户:星辰弓射箭馆A-3026 电表:10102022 电表充值,`,`0.27000,`0.54%,`50.00,`0.00,`
`2026-04-09 09:01:45,`wx3e5c4e6bb99d7c8e,`1693395706,`0,`,`4200003091202604099422588249,`169339570620260409090139963283,`oE02-6H05LM_YFW_ytPoIV2e8q1w,`JSAPI,`SUCCESS,`CCB_DEBIT,`CNY,`500.00,`0.00,`0,`0,`0.00,`0.00,`,`,`商户:balabala-3008 电表:10102006 电表充值,`,`2.70000,`0.54%,`500.00,`0.00,`
`2026-04-10 00:56:11,`wx3e5c4e6bb99d7c8e,`1693395706,`0,`,`4200003053202604108405726040,`169339570620260410005605636197,`oE02-6C-Yu2YI4QRPwbGa_QC7qao,`JSAPI,`SUCCESS,`OTHERS,`CNY,`400.00,`0.00,`0,`0,`0.00,`0.00,`,`,`商户:发发桌球制冰设备-4010-2 电表:10105045 电表充值,`,`2.16000,`0.54%,`400.00,`0.00,`
`2026-04-10 00:55:38,`wx3e5c4e6bb99d7c8e,`1693395706,`0,`,`4200003053202604109082874213,`169339570620260410005531310263,`oE02-6C-Yu2YI4QRPwbGa_QC7qao,`JSAPI,`SUCCESS,`OTHERS,`CNY,`100.00,`0.00,`0,`0,`0.00,`0.00,`,`,`商户:发发桌球-4010 电表:10103009 电表充值,`,`0.54000,`0.54%,`100.00,`0.00,`
`2026-04-10 09:43:09,`wx3e5c4e6bb99d7c8e,`1693395706,`0,`,`4200003055202604107500024185,`169339570620260410094302806696,`oE02-6JhJF7SxYuGhYzw2lDje3Ak,`JSAPI,`SUCCESS,`ABC_DEBIT,`CNY,`1000.00,`0.00,`0,`0,`0.00,`0.00,`,`,`商户:欣椰遇-5023A 电表:10104018 电表充值,`,`5.40000,`0.54%,`1000.00,`0.00,`
`2026-04-10 10:41:05,`wx3e5c4e6bb99d7c8e,`1693395706,`0,`,`4200003063202604104559513932,`169339570620260410104058069827,`oE02-6G3fB_H04FhLN5vLrJMEfec,`JSAPI,`SUCCESS,`ICBC_DEBIT,`CNY,`50.00,`0.00,`0,`0,`0.00,`0.00,`,`,`商户:南沫-JYF3-006 电表:10102048 电表充值,`,`0.27000,`0.54%,`50.00,`0.00,`
`2026-04-10 00:25:51,`wx3e5c4e6bb99d7c8e,`1693395706,`0,`,`4200003066202604102390001745,`169339570620260410002351873482,`oE02-6HBMg6Nxk6BM1tQsIbCo0dk,`JSAPI,`SUCCESS,`BOC_DEBIT,`CNY,`3000.00,`2.00,`0,`0,`0.00,`0.00,`,`,`商户:潮正和-5010 电表:10104009 电表充值,`,`16.20000,`0.54%,`3000.00,`0.00,`
`2026-04-10 00:55:23,`wx3e5c4e6bb99d7c8e,`1693395706,`0,`,`4200003067202604106570411854,`169339570620260410005514425860,`oE02-6C-Yu2YI4QRPwbGa_QC7qao,`JSAPI,`SUCCESS,`OTHERS,`CNY,`300.00,`0.00,`0,`0,`0.00,`0.00,`,`,`商户:发发桌球-4009 电表:10103008 电表充值,`,`1.62000,`0.54%,`300.00,`0.00,`
`2026-04-10 15:38:35,`wx3e5c4e6bb99d7c8e,`1693395706,`0,`,`4200003076202604102614065256,`169339570620260410153826518437,`oE02-6Cx8K1zoOGRZO8jCwUFBHzc,`JSAPI,`SUCCESS,`ABC_CREDIT,`CNY,`200.00,`0.00,`0,`0,`0.00,`0.00,`,`,`商户:香蜜闺秀-2019 电表:10101017 电表充值,`,`1.08000,`0.54%,`200.00,`0.00,`
`2026-04-10 13:33:16,`wx3e5c4e6bb99d7c8e,`1693395706,`0,`,`4200003082202604106019586291,`169339570620260410133307577240,`oE02-6Ck4UxbaML_Tf_BFkfKrsyw,`JSAPI,`SUCCESS,`COMM_CREDIT,`CNY,`300.00,`0.00,`0,`0,`0.00,`0.00,`,`,`商户:蛙赛牛蛙-5009 电表:10104029 电表充值,`,`1.62000,`0.54%,`300.00,`0.00,`
`2026-04-10 09:48:33,`wx3e5c4e6bb99d7c8e,`1693395706,`0,`,`4200003085202604102902864435,`169339570620260410094828245375,`oE02-6GkpQdc0zHgtOp4ekdJfpXM,`JSAPI,`SUCCESS,`ICBC_DEBIT,`CNY,`2000.00,`0.00,`0,`0,`0.00,`0.00,`,`,`商户:衡晨文体-1057 电表:101B1043 电表充值,`,`10.80000,`0.54%,`2000.00,`0.00,`
`2026-04-10 12:14:42,`wx3e5c4e6bb99d7c8e,`1693395706,`0,`,`4200003087202604102041277053,`169339570620260410121437634539,`oE02-6KYEib9cEZHQjUVpiIe4WSI,`JSAPI,`SUCCESS,`OTHERS,`CNY,`40.00,`0.00,`0,`0,`0.00,`0.00,`,`,`商户:树山回声-4028 电表:10103024 电表充值,`,`0.22000,`0.54%,`40.00,`0.00,`
`2026-04-10 00:55:54,`wx3e5c4e6bb99d7c8e,`1693395706,`0,`,`4200003090202604102840845430,`169339570620260410005546197143,`oE02-6C-Yu2YI4QRPwbGa_QC7qao,`JSAPI,`SUCCESS,`OTHERS,`CNY,`100.00,`0.00,`0,`0,`0.00,`0.00,`,`,`商户:发发桌球专用电梯-4010-1 电表:10105044 电表充值,`,`0.54000,`0.54%,`100.00,`0.00,`
`2026-04-10 00:54:31,`wx3e5c4e6bb99d7c8e,`1693395706,`0,`,`4200003091202604100431506138,`169339570620260410005425403651,`oE02-6C-Yu2YI4QRPwbGa_QC7qao,`JSAPI,`SUCCESS,`CMB_DEBIT,`CNY,`200.00,`0.00,`0,`0,`0.00,`0.00,`,`,`商户:发发桌球-4006 电表:10103005 电表充值,`,`1.08000,`0.54%,`200.00,`0.00,`
`2026-04-10 00:55:00,`wx3e5c4e6bb99d7c8e,`1693395706,`0,`,`4200003093202604109706339700,`169339570620260410005454657174,`oE02-6C-Yu2YI4QRPwbGa_QC7qao,`JSAPI,`SUCCESS,`CMB_DEBIT,`CNY,`100.00,`0.00,`0,`0,`0.00,`0.00,`,`,`商户:发发桌球-4008 电表:10103007 电表充值,`,`0.54000,`0.54%,`100.00,`0.00,`
`2026-04-10 13:57:19,`wx3e5c4e6bb99d7c8e,`1693395706,`0,`,`4200003125202604103034401158,`169339570620260410135713923454,`oE02-6Omx4kZoEqlyXOiVmPAosMQ,`JSAPI,`SUCCESS,`OTHERS,`CNY,`500.00,`0.00,`0,`0,`0.00,`0.00,`,`,`商户:币币之家-3035 电表:10102030 电表充值,`,`2.70000,`0.54%,`500.00,`0.00,`
`2026-04-10 12:25:38,`wx3e5c4e6bb99d7c8e,`1693395706,`0,`,`4200003128202604107212768392,`169339570620260410122530206714,`oE02-6E8FMV3b4KQ3WEYKNZms8qA,`JSAPI,`SUCCESS,`GDB_CREDIT,`CNY,`1000.00,`1.60,`0,`0,`0.00,`0.00,`,`,`商户:两个水果-5005 电表:10104004 电表充值,`,`5.40000,`0.54%,`1000.00,`0.00,`
`2026-04-10 09:42:42,`wx3e5c4e6bb99d7c8e,`1693395706,`0,`,`4200003129202604109659275254,`169339570620260410094143055187,`oE02-6BPAHYDHt6_ODlWOg1etQaM,`JSAPI,`SUCCESS,`PAB_CREDIT,`CNY,`50.00,`0.00,`0,`0,`0.00,`0.00,`,`,`商户:星辰弓射箭馆A-3026 电表:10102022 电表充值,`,`0.27000,`0.54%,`50.00,`0.00,`
`2026-04-10 10:20:57,`wx3e5c4e6bb99d7c8e,`1693395706,`0,`,`4200003130202604104978634277,`169339570620260410102050521378,`oE02-6Ia1HU2Zc2vlXfeiMIFzp8o,`JSAPI,`SUCCESS,`OTHERS,`CNY,`20.00,`0.00,`0,`0,`0.00,`0.00,`,`,`商户:大黎小齐-4018 电表:10103015 电表充值,`,`0.11000,`0.54%,`20.00,`0.00,`
`2026-04-10 12:02:53,`wx3e5c4e6bb99d7c8e,`1693395706,`0,`,`4200003135202604109237673202,`169339570620260410120237927555,`oE02-6EmbplIH1QhCvBS-MVsLzF8,`JSAPI,`SUCCESS,`PAB_CREDIT,`CNY,`100.00,`0.00,`0,`0,`0.00,`0.00,`,`,`商户:哈哩屋的小baby-3037 电表:10102025 电表充值,`,`0.54000,`0.54%,`100.00,`0.00,`
`2026-04-10 00:54:45,`wx3e5c4e6bb99d7c8e,`1693395706,`0,`,`4200003140202604105040506851,`16933957062026041000544042739,`oE02-6C-Yu2YI4QRPwbGa_QC7qao,`JSAPI,`SUCCESS,`CMB_DEBIT,`CNY,`300.00,`0.00,`0,`0,`0.00,`0.00,`,`,`商户:发发桌球-4007 电表:10103006 电表充值,`,`1.62000,`0.54%,`300.00,`0.00,`
`2026-04-11 00:09:10,`wx3e5c4e6bb99d7c8e,`1693395706,`0,`,`4200003052202604113769385128,`169339570620260411000902742774,`oE02-6N8FvQ3iYoz_PK6xWaqKZuY,`JSAPI,`SUCCESS,`CCB_DEBIT,`CNY,`100.00,`0.00,`0,`0,`0.00,`0.00,`,`,`商户:向荣拳击-4025 电表:10103032 电表充值,`,`0.54000,`0.54%,`100.00,`0.00,`
`2026-04-11 18:21:47,`wx3e5c4e6bb99d7c8e,`1693395706,`0,`,`4200003056202604118488063929,`169339570620260411182138271635,`oE02-6P9xx4Ge2NwPhp7dMxu3HTg,`JSAPI,`SUCCESS,`OTHERS,`CNY,`200.00,`0.00,`0,`0,`0.00,`0.00,`,`,`商户:遇尚饼-5018 电表:10104014 电表充值,`,`1.08000,`0.54%,`200.00,`0.00,`
`2026-04-11 14:57:55,`wx3e5c4e6bb99d7c8e,`1693395706,`0,`,`4200003058202604116986660064,`169339570620260411145748582138,`oE02-6J5J6BmahaS460lquFCTG4k,`JSAPI,`SUCCESS,`OTHERS,`CNY,`1000.00,`0.00,`0,`0,`0.00,`0.00,`,`,`商户:胖大厨肉蟹煲-5017 电表:10104010 电表充值,`,`5.40000,`0.54%,`1000.00,`0.00,`
`2026-04-11 20:11:04,`wx3e5c4e6bb99d7c8e,`1693395706,`0,`,`4200003061202604116376305976,`169339570620260411201059442594,`oE02-6AcSO4YMZtTv5JG5nKWbYWE,`JSAPI,`SUCCESS,`PSBC_DEBIT,`CNY,`500.00,`0.00,`0,`0,`0.00,`0.00,`,`,`商户:亨利风尚-2022 电表:10101019 电表充值,`,`2.70000,`0.54%,`500.00,`0.00,`
`2026-04-11 14:07:16,`wx3e5c4e6bb99d7c8e,`1693395706,`0,`,`4200003064202604112008940266,`169339570620260411140703672811,`oE02-6EbPLwShkVoD2DybplIGnMs,`JSAPI,`SUCCESS,`OTHERS,`CNY,`1000.00,`0.00,`0,`0,`0.00,`0.00,`,`,`商户:恋惠优品-1019-BB 电表:101B1018 电表充值,`,`5.40000,`0.54%,`1000.00,`0.00,`
`2026-04-11 18:11:21,`wx3e5c4e6bb99d7c8e,`1693395706,`0,`,`4200003066202604115346068778,`169339570620260411181116163477,`oE02-6Eed_ogBvcdFAbu0c1HzHvM,`JSAPI,`SUCCESS,`OTHERS,`CNY,`500.00,`0.00,`0,`0,`0.00,`0.00,`,`,`商户:藤野造型-4002 电表:10103033 电表充值,`,`2.70000,`0.54%,`500.00,`0.00,`
`2026-04-11 12:07:50,`wx3e5c4e6bb99d7c8e,`1693395706,`0,`,`4200003079202604119940578159,`16933957062026041112074436433,`oE02-6KYEib9cEZHQjUVpiIe4WSI,`JSAPI,`SUCCESS,`OTHERS,`CNY,`400.00,`0.00,`0,`0,`0.00,`0.00,`,`,`商户:树山回声-4028 电表:10103024 电表充值,`,`2.16000,`0.54%,`400.00,`0.00,`
`2026-04-11 18:06:40,`wx3e5c4e6bb99d7c8e,`1693395706,`0,`,`4200003080202604114580193144,`169339570620260411180633318781,`oE02-6EEcCGWRtV3hJFCYIYjZV7M,`JSAPI,`SUCCESS,`OTHERS,`CNY,`100.00,`0.00,`0,`0,`0.00,`0.00,`,`,`商户:TOMATO BAG-1030 电表:101B1027 电表充值,`,`0.54000,`0.54%,`100.00,`0.00,`
`2026-04-11 10:29:14,`wx3e5c4e6bb99d7c8e,`1693395706,`0,`,`4200003080202604116316523836,`169339570620260411102904450728,`oE02-6BPAHYDHt6_ODlWOg1etQaM,`JSAPI,`SUCCESS,`PAB_CREDIT,`CNY,`50.00,`0.00,`0,`0,`0.00,`0.00,`,`,`商户:星辰弓射箭馆A-3026 电表:10102022 电表充值,`,`0.27000,`0.54%,`50.00,`0.00,`
`2026-04-11 12:08:14,`wx3e5c4e6bb99d7c8e,`1693395706,`0,`,`4200003080202604119102310286,`169339570620260411120807684405,`oE02-6DFDbQMEEs4CcVG2XYNQlgc,`JSAPI,`SUCCESS,`OTHERS,`CNY,`200.00,`0.00,`0,`0,`0.00,`0.00,`,`,`商户:忆扬亦可-2009B 电表:10101029 电表充值,`,`1.08000,`0.54%,`200.00,`0.00,`
`2026-04-11 15:28:51,`wx3e5c4e6bb99d7c8e,`1693395706,`0,`,`4200003084202604112145427163,`169339570620260411152834116588,`oE02-6Dkh4X9bWshnvAd06fy7Fhc,`JSAPI,`SUCCESS,`OTHERS,`CNY,`1000.00,`0.00,`0,`0,`0.00,`0.00,`,`,`商户:欧露艾米-2012A 电表:10101011 电表充值,`,`5.40000,`0.54%,`1000.00,`0.00,`
`2026-04-11 14:16:14,`wx3e5c4e6bb99d7c8e,`1693395706,`0,`,`4200003084202604119304512854,`169339570620260411141608465538,`oE02-6OmqUiE1Vzk3dvyFq3gukcs,`JSAPI,`SUCCESS,`OTHERS,`CNY,`100.00,`0.00,`0,`0,`0.00,`0.00,`,`,`商户:亦心恋-2012B 电表:10101045 电表充值,`,`0.54000,`0.54%,`100.00,`0.00,`
`2026-04-11 20:07:46,`wx3e5c4e6bb99d7c8e,`1693395706,`0,`,`4200003086202604112635199048,`1693395706202604112007416042,`oE02-6AcSO4YMZtTv5JG5nKWbYWE,`JSAPI,`SUCCESS,`OTHERS,`CNY,`500.00,`0.00,`0,`0,`0.00,`0.00,`,`,`商户:亨利风尚-2022 电表:10101019 电表充值,`,`2.70000,`0.54%,`500.00,`0.00,`
`2026-04-11 19:00:43,`wx3e5c4e6bb99d7c8e,`1693395706,`0,`,`4200003091202604112806592717,`169339570620260411190030712992,`oE02-6GNsm6_O-7buQ6QLtk3D1EY,`JSAPI,`SUCCESS,`CCB_DEBIT,`CNY,`500.00,`0.00,`0,`0,`0.00,`0.00,`,`,`商户:许府牛-5003 电表:10104044 电表充值,`,`2.70000,`0.54%,`500.00,`0.00,`
`2026-04-11 16:14:45,`wx3e5c4e6bb99d7c8e,`1693395706,`0,`,`4200003132202604111514487206,`169339570620260411161437967140,`oE02-6IzKgIY18TLssvYc-ZrfRGc,`JSAPI,`SUCCESS,`OTHERS,`CNY,`200.00,`0.00,`0,`0,`0.00,`0.00,`,`,`商户:吧啦啦-JYF5-004 电表:10104040 电表充值,`,`1.08000,`0.54%,`200.00,`0.00,`
`2026-04-11 10:38:24,`wx3e5c4e6bb99d7c8e,`1693395706,`0,`,`4200003133202604112964529721,`169339570620260411103815381748,`oE02-6Aa8sgPUWLqC0_MvLC6ZijI,`JSAPI,`SUCCESS,`OTHERS,`CNY,`200.00,`0.00,`0,`0,`0.00,`0.00,`,`,`商户:湘下佬-5006 电表:10104005 电表充值,`,`1.08000,`0.54%,`200.00,`0.00,`
`2026-04-11 02:08:22,`wx3e5c4e6bb99d7c8e,`1693395706,`0,`,`4200003133202604115555203549,`169339570620260411020815631977,`oE02-6C-Yu2YI4QRPwbGa_QC7qao,`JSAPI,`SUCCESS,`OTHERS,`CNY,`200.00,`0.00,`0,`0,`0.00,`0.00,`,`,`商户:发发桌球制冰设备-4010-2 电表:10105045 电表充值,`,`1.08000,`0.54%,`200.00,`0.00,`
`2026-04-11 19:40:03,`wx3e5c4e6bb99d7c8e,`1693395706,`0,`,`4200003138202604111800674959,`169339570620260411193957598167,`oE02-6HRT2QljKnSMQCz8SRAsROw,`JSAPI,`SUCCESS,`OTHERS,`CNY,`1000.00,`0.00,`0,`0,`0.00,`0.00,`,`,`商户:大锤配镜-2009A 电表:10101043 电表充值,`,`5.40000,`0.54%,`1000.00,`0.00,`
`2026-04-11 00:32:45,`wx3e5c4e6bb99d7c8e,`1693395706,`0,`,`4200003139202604118386901825,`169339570620260411003229730354,`oE02-6PxZLjdPV8pyaEwJ1hcfx_U,`JSAPI,`SUCCESS,`GDB_CREDIT,`CNY,`500.00,`0.60,`0,`0,`0.00,`0.00,`,`,`商户:芬腾-2005 电表:10101004 电表充值,`,`2.70000,`0.54%,`500.00,`0.00,`
`2026-04-11 12:12:42,`wx3e5c4e6bb99d7c8e,`1693395706,`0,`,`4200003140202604110559222476,`169339570620260411121233099866,`oE02-6HRT2QljKnSMQCz8SRAsROw,`JSAPI,`SUCCESS,`OTHERS,`CNY,`1000.00,`0.00,`0,`0,`0.00,`0.00,`,`,`商户:大锤配镜-2009A 电表:10101043 电表充值,`,`5.40000,`0.54%,`1000.00,`0.00,`
`2026-04-11 00:02:01,`wx3e5c4e6bb99d7c8e,`1693395706,`0,`,`4200003140202604116470572064,`169339570620260411000152156958,`oE02-6EmbplIH1QhCvBS-MVsLzF8,`JSAPI,`SUCCESS,`PAB_CREDIT,`CNY,`100.00,`0.00,`0,`0,`0.00,`0.00,`,`,`商户:宝宝来当家-3022 电表:10102017 电表充值,`,`0.54000,`0.54%,`100.00,`0.00,`
`2026-04-12 00:17:44,`wx3e5c4e6bb99d7c8e,`1693395706,`0,`,`4200003059202604122454768362,`169339570620260412001736285382,`oE02-6C-Yu2YI4QRPwbGa_QC7qao,`JSAPI,`SUCCESS,`OTHERS,`CNY,`100.00,`0.00,`0,`0,`0.00,`0.00,`,`,`商户:发发桌球-4009 电表:10103008 电表充值,`,`0.54000,`0.54%,`100.00,`0.00,`
`2026-04-12 18:06:33,`wx3e5c4e6bb99d7c8e,`1693395706,`0,`,`4200003059202604125784537686,`169339570620260412180605283683,`oE02-6CtxFlmxNYTHLTZVUBP49u4,`JSAPI,`SUCCESS,`OTHERS,`CNY,`500.00,`0.00,`0,`0,`0.00,`0.00,`,`,`商户:昨美女装-1015 电表:101B1013 电表充值,`,`2.70000,`0.54%,`500.00,`0.00,`
`2026-04-12 00:16:50,`wx3e5c4e6bb99d7c8e,`1693395706,`0,`,`4200003060202604129414170382,`169339570620260412001644900587,`oE02-6C-Yu2YI4QRPwbGa_QC7qao,`JSAPI,`SUCCESS,`OTHERS,`CNY,`100.00,`0.00,`0,`0,`0.00,`0.00,`,`,`商户:发发桌球-4006 电表:10103005 电表充值,`,`0.54000,`0.54%,`100.00,`0.00,`
`2026-04-12 18:04:02,`wx3e5c4e6bb99d7c8e,`1693395706,`0,`,`4200003064202604126762570435,`1693395706202604121803563051,`oE02-6JqX7UVN5CVXNSsbVQCJqp8,`JSAPI,`SUCCESS,`CCB_CREDIT,`CNY,`1000.00,`0.00,`0,`0,`0.00,`0.00,`,`,`商户:星聚会-4001 电表:10103001 电表充值,`,`5.40000,`0.54%,`1000.00,`0.00,`
`2026-04-12 12:31:28,`wx3e5c4e6bb99d7c8e,`1693395706,`0,`,`4200003065202604124817520285,`169339570620260412123119396394,`oE02-6KJtCG4WvbeP6FF823vPcwU,`JSAPI,`SUCCESS,`OTHERS,`CNY,`30.00,`0.00,`0,`0,`0.00,`0.00,`,`,`商户:优学派-3032 电表:10102028 电表充值,`,`0.16000,`0.54%,`30.00,`0.00,`
`2026-04-12 00:17:06,`wx3e5c4e6bb99d7c8e,`1693395706,`0,`,`4200003069202604126452475245,`169339570620260412001658591670,`oE02-6C-Yu2YI4QRPwbGa_QC7qao,`JSAPI,`SUCCESS,`OTHERS,`CNY,`100.00,`0.00,`0,`0,`0.00,`0.00,`,`,`商户:发发桌球-4007 电表:10103006 电表充值,`,`0.54000,`0.54%,`100.00,`0.00,`
`2026-04-12 00:17:20,`wx3e5c4e6bb99d7c8e,`1693395706,`0,`,`4200003075202604123360792981,`169339570620260412001713748887,`oE02-6C-Yu2YI4QRPwbGa_QC7qao,`JSAPI,`SUCCESS,`OTHERS,`CNY,`100.00,`0.00,`0,`0,`0.00,`0.00,`,`,`商户:发发桌球-4008 电表:10103007 电表充值,`,`0.54000,`0.54%,`100.00,`0.00,`
`2026-04-12 07:03:28,`wx3e5c4e6bb99d7c8e,`1693395706,`0,`,`4200003086202604124412949470,`16933957062026041207031843581,`oE02-6AHlv_-p82d4R-YgM2vUI_Q,`JSAPI,`SUCCESS,`OTHERS,`CNY,`100.00,`0.00,`0,`0,`0.00,`0.00,`,`,`商户:尼彩文心-3023 电表:10102020 电表充值,`,`0.54000,`0.54%,`100.00,`0.00,`
`2026-04-12 18:18:55,`wx3e5c4e6bb99d7c8e,`1693395706,`0,`,`4200003088202604120301973825,`169339570620260412181849412187,`oE02-6Ia1HU2Zc2vlXfeiMIFzp8o,`JSAPI,`SUCCESS,`HUNNX_DEBIT,`CNY,`20.00,`0.00,`0,`0,`0.00,`0.00,`,`,`商户:大黎小齐-4018 电表:10103015 电表充值,`,`0.11000,`0.54%,`20.00,`0.00,`
`2026-04-12 11:47:17,`wx3e5c4e6bb99d7c8e,`1693395706,`0,`,`4200003088202604122070034242,`169339570620260412114711764526,`oE02-6KTAhNEQQ8paqMO_agdOqDI,`JSAPI,`SUCCESS,`OTHERS,`CNY,`200.00,`0.00,`0,`0,`0.00,`0.00,`,`,`商户:原匠-2020 电表:10101018 电表充值,`,`1.08000,`0.54%,`200.00,`0.00,`
`2026-04-12 00:17:59,`wx3e5c4e6bb99d7c8e,`1693395706,`0,`,`4200003132202604129947878013,`169339570620260412001752203782,`oE02-6C-Yu2YI4QRPwbGa_QC7qao,`JSAPI,`SUCCESS,`OTHERS,`CNY,`100.00,`0.00,`0,`0,`0.00,`0.00,`,`,`商户:发发桌球-4010 电表:10103009 电表充值,`,`0.54000,`0.54%,`100.00,`0.00,`
`2026-04-12 00:18:19,`wx3e5c4e6bb99d7c8e,`1693395706,`0,`,`4200003133202604127129202792,`169339570620260412001812664549,`oE02-6C-Yu2YI4QRPwbGa_QC7qao,`JSAPI,`SUCCESS,`CMB_DEBIT,`CNY,`500.00,`0.00,`0,`0,`0.00,`0.00,`,`,`商户:发发桌球制冰设备-4010-2 电表:10105045 电表充值,`,`2.70000,`0.54%,`500.00,`0.00,`
`2026-04-13 02:01:13,`wx3e5c4e6bb99d7c8e,`1693395706,`0,`,`4200003069202604137519733501,`169339570620260413020104811135,`oE02-6AebrA2Z2Awv4IlM8SHEdl0,`JSAPI,`SUCCESS,`OTHERS,`CNY,`1500.00,`0.00,`0,`0,`0.00,`0.00,`,`,`商户:潮玩空间-1020 电表:101B1020 电表充值,`,`8.10000,`0.54%,`1500.00,`0.00,`
`2026-04-13 19:42:01,`wx3e5c4e6bb99d7c8e,`1693395706,`0,`,`4200003074202604134245442948,`169339570620260413194151373369,`oE02-6DxHM4KuX0ZOX_lkfrjxzjo,`JSAPI,`SUCCESS,`HRXJB_DEBIT,`CNY,`1000.00,`0.00,`0,`0,`0.00,`0.00,`,`,`商户:INX吾限舞蹈-4019 电表:10103016 电表充值,`,`5.40000,`0.54%,`1000.00,`0.00,`
`2026-04-13 08:41:59,`wx3e5c4e6bb99d7c8e,`1693395706,`0,`,`4200003085202604135784700954,`169339570620260413084150795838,`oE02-6JhJF7SxYuGhYzw2lDje3Ak,`JSAPI,`SUCCESS,`CSCB_DEBIT,`CNY,`1000.00,`0.00,`0,`0,`0.00,`0.00,`,`,`商户:欣椰遇-5023A 电表:10104018 电表充值,`,`5.40000,`0.54%,`1000.00,`0.00,`
`2026-04-13 10:29:32,`wx3e5c4e6bb99d7c8e,`1693395706,`0,`,`4200003095202604135607900071,`169339570620260413102925925121,`oE02-6OFydYeb2aGP3DCscTCZ4Bg,`JSAPI,`SUCCESS,`ABC_DEBIT,`CNY,`1000.00,`0.00,`0,`0,`0.00,`0.00,`,`,`商户:童年衣柜-3029A 电表:10102032 电表充值,`,`5.40000,`0.54%,`1000.00,`0.00,`
`2026-04-13 18:20:25,`wx3e5c4e6bb99d7c8e,`1693395706,`0,`,`4200003129202604131083414732,`169339570620260413182007897438,`oE02-6EmbplIH1QhCvBS-MVsLzF8,`JSAPI,`SUCCESS,`PAB_CREDIT,`CNY,`100.00,`0.00,`0,`0,`0.00,`0.00,`,`,`商户:哈哩屋的小baby-3037 电表:10102025 电表充值,`,`0.54000,`0.54%,`100.00,`0.00,`
`2026-04-13 09:44:41,`wx3e5c4e6bb99d7c8e,`1693395706,`0,`,`4200003133202604132591880847,`169339570620260413094432955361,`oE02-6BPAHYDHt6_ODlWOg1etQaM,`JSAPI,`SUCCESS,`PAB_CREDIT,`CNY,`50.00,`0.00,`0,`0,`0.00,`0.00,`,`,`商户:星辰弓射箭馆A-3026 电表:10102022 电表充值,`,`0.27000,`0.54%,`50.00,`0.00,`
`2026-04-13 12:03:39,`wx3e5c4e6bb99d7c8e,`1693395706,`0,`,`4200003137202604131531984047,`169339570620260413120324406792,`oE02-6BRn6Bo0O9F9O1tGXkxDkJ0,`JSAPI,`SUCCESS,`GDB_CREDIT,`CNY,`500.00,`0.00,`0,`0,`0.00,`0.00,`,`,`商户:愤怒的弹珠-3005 电表:10102003 电表充值,`,`2.70000,`0.54%,`500.00,`0.00,`
`2026-04-13 18:01:29,`wx3e5c4e6bb99d7c8e,`1693395706,`0,`,`4200003137202604132825434385,`169339570620260413180119108966,`oE02-6Ceh7p9yKCzIO5nPU2-VCbM,`JSAPI,`SUCCESS,`CCB_DEBIT,`CNY,`2000.00,`0.00,`0,`0,`0.00,`0.00,`,`,`商户:华南虎-2025 电表:10101021 电表充值,`,`10.80000,`0.54%,`2000.00,`0.00,`
`2026-04-14 01:20:19,`wx3e5c4e6bb99d7c8e,`1693395706,`0,`,`4200003049202604147365782236,`169339570620260414012013558310,`oE02-6C-Yu2YI4QRPwbGa_QC7qao,`JSAPI,`SUCCESS,`OTHERS,`CNY,`300.00,`0.00,`0,`0,`0.00,`0.00,`,`,`商户:发发桌球-4007 电表:10103006 电表充值,`,`1.62000,`0.54%,`300.00,`0.00,`
`2026-04-14 01:21:09,`wx3e5c4e6bb99d7c8e,`1693395706,`0,`,`4200003054202604143434272666,`169339570620260414012103513518,`oE02-6C-Yu2YI4QRPwbGa_QC7qao,`JSAPI,`SUCCESS,`CMB_DEBIT,`CNY,`100.00,`0.00,`0,`0,`0.00,`0.00,`,`,`商户:发发桌球-4010 电表:10103009 电表充值,`,`0.54000,`0.54%,`100.00,`0.00,`
`2026-04-14 12:36:39,`wx3e5c4e6bb99d7c8e,`1693395706,`0,`,`4200003062202604141585443195,`169339570620260414123625677161,`oE02-6APDs_fmR1uw11dqI0589WY,`JSAPI,`SUCCESS,`PAB_CREDIT,`CNY,`1000.00,`1.60,`0,`0,`0.00,`0.00,`,`,`商户:滚球De店-1029 电表:101B1028 电表充值,`,`5.40000,`0.54%,`1000.00,`0.00,`
`2026-04-14 01:20:55,`wx3e5c4e6bb99d7c8e,`1693395706,`0,`,`4200003062202604145546844042,`169339570620260414012046980896,`oE02-6C-Yu2YI4QRPwbGa_QC7qao,`JSAPI,`SUCCESS,`CMB_DEBIT,`CNY,`300.00,`0.00,`0,`0,`0.00,`0.00,`,`,`商户:发发桌球-4009 电表:10103008 电表充值,`,`1.62000,`0.54%,`300.00,`0.00,`
`2026-04-14 01:20:02,`wx3e5c4e6bb99d7c8e,`1693395706,`0,`,`4200003063202604144654532956,`169339570620260414011955746262,`oE02-6C-Yu2YI4QRPwbGa_QC7qao,`JSAPI,`SUCCESS,`OTHERS,`CNY,`100.00,`0.00,`0,`0,`0.00,`0.00,`,`,`商户:发发桌球-4006 电表:10103005 电表充值,`,`0.54000,`0.54%,`100.00,`0.00,`
`2026-04-14 01:21:26,`wx3e5c4e6bb99d7c8e,`1693395706,`0,`,`4200003070202604143102993431,`169339570620260414012117953898,`oE02-6C-Yu2YI4QRPwbGa_QC7qao,`JSAPI,`SUCCESS,`CMB_DEBIT,`CNY,`100.00,`0.00,`0,`0,`0.00,`0.00,`,`,`商户:发发桌球专用电梯-4010-1 电表:10105044 电表充值,`,`0.54000,`0.54%,`100.00,`0.00,`
`2026-04-14 10:00:56,`wx3e5c4e6bb99d7c8e,`1693395706,`0,`,`4200003079202604147764954761,`169339570620260414100050057599,`oE02-6IX-3M2mDAix8fJ3A9kuink,`JSAPI,`SUCCESS,`CMB_DEBIT,`CNY,`2000.00,`0.00,`0,`0,`0.00,`0.00,`,`,`商户:UAU-1050B 电表:101B1021 电表充值,`,`10.80000,`0.54%,`2000.00,`0.00,`
`2026-04-14 01:21:46,`wx3e5c4e6bb99d7c8e,`1693395706,`0,`,`4200003087202604142522503174,`16933957062026041401213880873,`oE02-6C-Yu2YI4QRPwbGa_QC7qao,`JSAPI,`SUCCESS,`CMB_DEBIT,`CNY,`300.00,`0.00,`0,`0,`0.00,`0.00,`,`,`商户:发发桌球制冰设备-4010-2 电表:10105045 电表充值,`,`1.62000,`0.54%,`300.00,`0.00,`
`2026-04-14 11:04:46,`wx3e5c4e6bb99d7c8e,`1693395706,`0,`,`4200003089202604144599137124,`169339570620260414110436620542,`oE02-6Ck4UxbaML_Tf_BFkfKrsyw,`JSAPI,`SUCCESS,`COMM_CREDIT,`CNY,`300.00,`0.00,`0,`0,`0.00,`0.00,`,`,`商户:蛙赛牛蛙-5009 电表:10104029 电表充值,`,`1.62000,`0.54%,`300.00,`0.00,`
`2026-04-14 13:58:40,`wx3e5c4e6bb99d7c8e,`1693395706,`0,`,`4200003089202604146602909202,`169339570620260414135833858335,`oE02-6Eed_ogBvcdFAbu0c1HzHvM,`JSAPI,`SUCCESS,`OTHERS,`CNY,`1000.00,`0.00,`0,`0,`0.00,`0.00,`,`,`商户:藤野造型-4002 电表:10103033 电表充值,`,`5.40000,`0.54%,`1000.00,`0.00,`
`2026-04-14 14:44:21,`wx3e5c4e6bb99d7c8e,`1693395706,`0,`,`4200003128202604148495111021,`169339570620260414144355713473,`oE02-6KJtCG4WvbeP6FF823vPcwU,`JSAPI,`SUCCESS,`OTHERS,`CNY,`40.00,`0.00,`0,`0,`0.00,`0.00,`,`,`商户:优学派-3032 电表:10102028 电表充值,`,`0.22000,`0.54%,`40.00,`0.00,`
`2026-04-14 01:20:36,`wx3e5c4e6bb99d7c8e,`1693395706,`0,`,`4200003136202604140241762191,`169339570620260414012029247972,`oE02-6C-Yu2YI4QRPwbGa_QC7qao,`JSAPI,`SUCCESS,`CMB_DEBIT,`CNY,`200.00,`0.00,`0,`0,`0.00,`0.00,`,`,`商户:发发桌球-4008 电表:10103007 电表充值,`,`1.08000,`0.54%,`200.00,`0.00,`
`2026-04-14 22:59:34,`wx3e5c4e6bb99d7c8e,`1693395706,`0,`,`4200003137202604145841447565,`169339570620260414225920473489,`oE02-6GftSyzgLgNtS3YqFHNJ-2g,`JSAPI,`SUCCESS,`BANK_CREDIT,`CNY,`500.00,`1.80,`0,`0,`0.00,`0.00,`,`,`商户:布迪设计-2028 电表:10101025 电表充值,`,`2.70000,`0.54%,`500.00,`0.00,`
`2026-04-15 10:09:39,`wx3e5c4e6bb99d7c8e,`1693395706,`0,`,`4200003054202604158011858205,`169339570620260415100929974815,`oE02-6BPAHYDHt6_ODlWOg1etQaM,`JSAPI,`SUCCESS,`PAB_CREDIT,`CNY,`50.00,`0.00,`0,`0,`0.00,`0.00,`,`,`商户:星辰弓射箭馆A-3026 电表:10102022 电表充值,`,`0.27000,`0.54%,`50.00,`0.00,`
`2026-04-15 00:01:25,`wx3e5c4e6bb99d7c8e,`1693395706,`0,`,`4200003063202604150629203620,`169339570620260415000113180691,`oE02-6CPj8RfYlgl8vIvWQJpuV6E,`JSAPI,`SUCCESS,`PAB_CREDIT,`CNY,`200.00,`0.00,`0,`0,`0.00,`0.00,`,`,`商户:米乐熊-3015 电表:10102010 电表充值,`,`1.08000,`0.54%,`200.00,`0.00,`
`2026-04-15 21:03:25,`wx3e5c4e6bb99d7c8e,`1693395706,`0,`,`4200003065202604154179843798,`169339570620260415210317416697,`oE02-6DkzC4n-C1tbBu2G8QgA6Tk,`JSAPI,`SUCCESS,`PSBC_DEBIT,`CNY,`2000.00,`0.00,`0,`0,`0.00,`0.00,`,`,`商户:瞄一瞄-1001 电表:101B1001 电表充值,`,`10.80000,`0.54%,`2000.00,`0.00,`
`2026-04-15 12:19:16,`wx3e5c4e6bb99d7c8e,`1693395706,`0,`,`4200003074202604150149335060,`169339570620260415121907858459,`oE02-6FqvX6sg03mrcbARlA0-gK4,`JSAPI,`SUCCESS,`BOC_DEBIT,`CNY,`500.00,`0.00,`0,`0,`0.00,`0.00,`,`,`商户:森林鸟-1016 电表:101B1014 电表充值,`,`2.70000,`0.54%,`500.00,`0.00,`
`2026-04-15 21:03:47,`wx3e5c4e6bb99d7c8e,`1693395706,`0,`,`4200003083202604150517311116,`169339570620260415210341181103,`oE02-6DkzC4n-C1tbBu2G8QgA6Tk,`JSAPI,`SUCCESS,`PSBC_DEBIT,`CNY,`1000.00,`0.00,`0,`0,`0.00,`0.00,`,`,`商户:瞄一瞄-1032 电表:101B1003 电表充值,`,`5.40000,`0.54%,`1000.00,`0.00,`
`2026-04-15 12:01:28,`wx3e5c4e6bb99d7c8e,`1693395706,`0,`,`4200003083202604156829844162,`169339570620260415120116878836,`oE02-6GfQ7NW6TNLinGoYn1aqu84,`JSAPI,`SUCCESS,`GLB_DEBIT,`CNY,`1000.00,`0.00,`0,`0,`0.00,`0.00,`,`,`商户:勇者急速1-2026 电表:10101052 电表充值,`,`5.40000,`0.54%,`1000.00,`0.00,`
`2026-04-15 21:37:57,`wx3e5c4e6bb99d7c8e,`1693395706,`0,`,`4200003084202604156452376235,`169339570620260415213745024296,`oE02-6GNsm6_O-7buQ6QLtk3D1EY,`JSAPI,`SUCCESS,`CCB_DEBIT,`CNY,`500.00,`0.00,`0,`0,`0.00,`0.00,`,`,`商户:许府牛-5003 电表:10104044 电表充值,`,`2.70000,`0.54%,`500.00,`0.00,`
`2026-04-15 10:14:45,`wx3e5c4e6bb99d7c8e,`1693395706,`0,`,`4200003086202604156837089437,`169339570620260415101438247426,`oE02-6G3fB_H04FhLN5vLrJMEfec,`JSAPI,`SUCCESS,`OTHERS,`CNY,`50.00,`0.00,`0,`0,`0.00,`0.00,`,`,`商户:南沫-JYF3-006 电表:10102048 电表充值,`,`0.27000,`0.54%,`50.00,`0.00,`
`2026-04-15 21:38:14,`wx3e5c4e6bb99d7c8e,`1693395706,`0,`,`4200003091202604158119786244,`169339570620260415213805378113,`oE02-6GNsm6_O-7buQ6QLtk3D1EY,`JSAPI,`SUCCESS,`CCB_DEBIT,`CNY,`500.00,`0.00,`0,`0,`0.00,`0.00,`,`,`商户:许府牛-5003-1 电表:10105046 电表充值,`,`2.70000,`0.54%,`500.00,`0.00,`
`2026-04-15 11:03:22,`wx3e5c4e6bb99d7c8e,`1693395706,`0,`,`4200003095202604153760276097,`169339570620260415110310609362,`oE02-6F96JznmnEsnv1yODWShgzc,`JSAPI,`SUCCESS,`OTHERS,`CNY,`1000.00,`0.00,`0,`0,`0.00,`0.00,`,`,`商户:京东之家-2013 电表:10101058 电表充值,`,`5.40000,`0.54%,`1000.00,`0.00,`
`2026-04-16 08:17:23,`wx3e5c4e6bb99d7c8e,`1693395706,`0,`,`4200003051202604162242820478,`169339570620260416081711030137,`oE02-6JqX7UVN5CVXNSsbVQCJqp8,`JSAPI,`SUCCESS,`CIB_CREDIT,`CNY,`1000.00,`0.00,`0,`0,`0.00,`0.00,`,`,`商户:星聚会-4001 电表:10103001 电表充值,`,`5.40000,`0.54%,`1000.00,`0.00,`
`2026-04-16 00:31:40,`wx3e5c4e6bb99d7c8e,`1693395706,`0,`,`4200003057202604169305079551,`169339570620260416003132654511,`oE02-6C-Yu2YI4QRPwbGa_QC7qao,`JSAPI,`SUCCESS,`OTHERS,`CNY,`100.00,`0.00,`0,`0,`0.00,`0.00,`,`,`商户:发发桌球专用电梯-4010-1 电表:10105044 电表充值,`,`0.54000,`0.54%,`100.00,`0.00,`
`2026-04-16 00:31:10,`wx3e5c4e6bb99d7c8e,`1693395706,`0,`,`4200003058202604162976310346,`16933957062026041600310301322,`oE02-6C-Yu2YI4QRPwbGa_QC7qao,`JSAPI,`SUCCESS,`OTHERS,`CNY,`200.00,`0.00,`0,`0,`0.00,`0.00,`,`,`商户:发发桌球-4009 电表:10103008 电表充值,`,`1.08000,`0.54%,`200.00,`0.00,`
`2026-04-16 00:30:20,`wx3e5c4e6bb99d7c8e,`1693395706,`0,`,`4200003063202604167098250450,`169339570620260416003015139595,`oE02-6C-Yu2YI4QRPwbGa_QC7qao,`JSAPI,`SUCCESS,`CMB_DEBIT,`CNY,`100.00,`0.00,`0,`0,`0.00,`0.00,`,`,`商户:发发桌球-4006 电表:10103005 电表充值,`,`0.54000,`0.54%,`100.00,`0.00,`
`2026-04-16 09:53:25,`wx3e5c4e6bb99d7c8e,`1693395706,`0,`,`4200003064202604161186336791,`169339570620260416095315209410,`oE02-6BPAHYDHt6_ODlWOg1etQaM,`JSAPI,`SUCCESS,`PAB_CREDIT,`CNY,`50.00,`0.00,`0,`0,`0.00,`0.00,`,`,`商户:星辰弓射箭馆A-3026 电表:10102022 电表充值,`,`0.27000,`0.54%,`50.00,`0.00,`
`2026-04-16 05:23:47,`wx3e5c4e6bb99d7c8e,`1693395706,`0,`,`4200003064202604165427247028,`169339570620260416052339649290,`oE02-6N8FvQ3iYoz_PK6xWaqKZuY,`JSAPI,`SUCCESS,`OTHERS,`CNY,`100.00,`0.00,`0,`0,`0.00,`0.00,`,`,`商户:向荣拳击-4025 电表:10103032 电表充值,`,`0.54000,`0.54%,`100.00,`0.00,`
`2026-04-16 11:25:53,`wx3e5c4e6bb99d7c8e,`1693395706,`0,`,`4200003065202604167444491131,`169339570620260416112546994901,`oE02-6IX22MYfkP79rjexntoXask,`JSAPI,`SUCCESS,`OTHERS,`CNY,`500.00,`0.00,`0,`0,`0.00,`0.00,`,`,`商户:弹珠有名-JYF3-008 电表:10102042 电表充值,`,`2.70000,`0.54%,`500.00,`0.00,`
`2026-04-16 19:37:47,`wx3e5c4e6bb99d7c8e,`1693395706,`0,`,`4200003067202604165185085371,`169339570620260416193741201143,`oE02-6M3402-OcanYsQBNQ4uqLcE,`JSAPI,`SUCCESS,`OTHERS,`CNY,`5000.00,`0.00,`0,`0,`0.00,`0.00,`,`,`商户:夏日玛莉-5021A 电表:10104049 电表充值,`,`27.00000,`0.54%,`5000.00,`0.00,`
`2026-04-16 15:54:58,`wx3e5c4e6bb99d7c8e,`1693395706,`0,`,`4200003076202604163331068801,`169339570620260416155449549784,`oE02-6KJtCG4WvbeP6FF823vPcwU,`JSAPI,`SUCCESS,`OTHERS,`CNY,`40.00,`0.00,`0,`0,`0.00,`0.00,`,`,`商户:优学派-3032 电表:10102028 电表充值,`,`0.22000,`0.54%,`40.00,`0.00,`
`2026-04-16 20:56:53,`wx3e5c4e6bb99d7c8e,`1693395706,`0,`,`4200003081202604160305502101,`169339570620260416205645462981,`oE02-6Cx8K1zoOGRZO8jCwUFBHzc,`JSAPI,`SUCCESS,`OTHERS,`CNY,`500.00,`0.00,`0,`0,`0.00,`0.00,`,`,`商户:大东-2016B 电表:10101047 电表充值,`,`2.70000,`0.54%,`500.00,`0.00,`
`2026-04-16 00:30:38,`wx3e5c4e6bb99d7c8e,`1693395706,`0,`,`4200003082202604161362436575,`169339570620260416003031026513,`oE02-6C-Yu2YI4QRPwbGa_QC7qao,`JSAPI,`SUCCESS,`CMB_DEBIT,`CNY,`100.00,`0.00,`0,`0,`0.00,`0.00,`,`,`商户:发发桌球-4007 电表:10103006 电表充值,`,`0.54000,`0.54%,`100.00,`0.00,`
`2026-04-16 00:31:56,`wx3e5c4e6bb99d7c8e,`1693395706,`0,`,`4200003083202604168348659993,`169339570620260416003148772493,`oE02-6C-Yu2YI4QRPwbGa_QC7qao,`JSAPI,`SUCCESS,`OTHERS,`CNY,`100.00,`0.00,`0,`0,`0.00,`0.00,`,`,`商户:发发桌球制冰设备-4010-2 电表:10105045 电表充值,`,`0.54000,`0.54%,`100.00,`0.00,`
`2026-04-16 00:30:52,`wx3e5c4e6bb99d7c8e,`1693395706,`0,`,`4200003094202604168610663467,`169339570620260416003044992236,`oE02-6C-Yu2YI4QRPwbGa_QC7qao,`JSAPI,`SUCCESS,`CMB_DEBIT,`CNY,`100.00,`0.00,`0,`0,`0.00,`0.00,`,`,`商户:发发桌球-4008 电表:10103007 电表充值,`,`0.54000,`0.54%,`100.00,`0.00,`
`2026-04-16 00:31:24,`wx3e5c4e6bb99d7c8e,`1693395706,`0,`,`4200003096202604165474227842,`16933957062026041600311740113,`oE02-6C-Yu2YI4QRPwbGa_QC7qao,`JSAPI,`SUCCESS,`OTHERS,`CNY,`100.00,`0.00,`0,`0,`0.00,`0.00,`,`,`商户:发发桌球-4010 电表:10103009 电表充值,`,`0.54000,`0.54%,`100.00,`0.00,`
`2026-04-16 12:22:40,`wx3e5c4e6bb99d7c8e,`1693395706,`0,`,`4200003126202604162429313702,`169339570620260416122231098788,`oE02-6HDJG4V3iMp9UE2R75WFv7E,`JSAPI,`SUCCESS,`OTHERS,`CNY,`1000.00,`0.00,`0,`0,`0.00,`0.00,`,`,`商户:芭妮瑞丝-2011A 电表:10101046 电表充值,`,`5.40000,`0.54%,`1000.00,`0.00,`
`2026-04-16 11:31:43,`wx3e5c4e6bb99d7c8e,`1693395706,`0,`,`4200003136202604161040608599,`169339570620260416113136973917,`oE02-6IX22MYfkP79rjexntoXask,`JSAPI,`SUCCESS,`OTHERS,`CNY,`500.00,`0.00,`0,`0,`0.00,`0.00,`,`,`商户:弹珠有名-JYF3-008 电表:10102042 电表充值,`,`2.70000,`0.54%,`500.00,`0.00,`
`2026-04-16 07:49:24,`wx3e5c4e6bb99d7c8e,`1693395706,`0,`,`4200003137202604161572422628,`169339570620260416074918218974,`oE02-6Ia1HU2Zc2vlXfeiMIFzp8o,`JSAPI,`SUCCESS,`HUNNX_DEBIT,`CNY,`20.00,`0.00,`0,`0,`0.00,`0.00,`,`,`商户:大黎小齐-4018 电表:10103015 电表充值,`,`0.11000,`0.54%,`20.00,`0.00,`
`2026-04-17 18:22:31,`wx3e5c4e6bb99d7c8e,`1693395706,`0,`,`4200003053202604173070156482,`169339570620260417182224509897,`oE02-6IK2EbgeZ71eiPAIA7PYbno,`JSAPI,`SUCCESS,`OTHERS,`CNY,`500.00,`0.00,`0,`0,`0.00,`0.00,`,`,`商户:梵西诺保罗-2023 电表:10101020 电表充值,`,`2.70000,`0.54%,`500.00,`0.00,`
`2026-04-17 14:05:20,`wx3e5c4e6bb99d7c8e,`1693395706,`0,`,`4200003059202604174926925513,`16933957062026041714051437675,`oE02-6Omx4kZoEqlyXOiVmPAosMQ,`JSAPI,`SUCCESS,`OTHERS,`CNY,`500.00,`0.00,`0,`0,`0.00,`0.00,`,`,`商户:币币之家-3035 电表:10102030 电表充值,`,`2.70000,`0.54%,`500.00,`0.00,`
`2026-04-17 19:16:16,`wx3e5c4e6bb99d7c8e,`1693395706,`0,`,`4200003062202604170130896762,`169339570620260417191607261244,`oE02-6Ck4UxbaML_Tf_BFkfKrsyw,`JSAPI,`SUCCESS,`COMM_CREDIT,`CNY,`300.00,`0.00,`0,`0,`0.00,`0.00,`,`,`商户:蛙赛牛蛙-5009 电表:10104029 电表充值,`,`1.62000,`0.54%,`300.00,`0.00,`
`2026-04-17 12:33:34,`wx3e5c4e6bb99d7c8e,`1693395706,`0,`,`4200003062202604171830482025,`169339570620260417123327531703,`oE02-6DFDbQMEEs4CcVG2XYNQlgc,`JSAPI,`SUCCESS,`ICBC_DEBIT,`CNY,`500.00,`0.00,`0,`0,`0.00,`0.00,`,`,`商户:忆扬亦可-2009B 电表:10101029 电表充值,`,`2.70000,`0.54%,`500.00,`0.00,`
`2026-04-17 12:25:39,`wx3e5c4e6bb99d7c8e,`1693395706,`0,`,`4200003063202604170752794346,`169339570620260417122532335232,`oE02-6CV3L5nPqp6J7b21JNaUv38,`JSAPI,`SUCCESS,`OTHERS,`CNY,`1000.00,`0.00,`0,`0,`0.00,`0.00,`,`,`商户:保罗奥德赛-2010 电表:10101008 电表充值,`,`5.40000,`0.54%,`1000.00,`0.00,`
`2026-04-17 08:36:15,`wx3e5c4e6bb99d7c8e,`1693395706,`0,`,`4200003065202604171023143401,`169339570620260417083544179272,`oE02-6FXYk1m9KOS_ovhfYk-gs1w,`JSAPI,`SUCCESS,`CMB_CREDIT,`CNY,`2000.00,`0.00,`0,`0,`0.00,`0.00,`,`,`商户:沅柒洞石锅拌饭-5011 电表:10104012 电表充值,`,`10.80000,`0.54%,`2000.00,`0.00,`
`2026-04-17 16:29:19,`wx3e5c4e6bb99d7c8e,`1693395706,`0,`,`4200003075202604175513044939,`169339570620260417162910235879,`oE02-6C-CE_vKVrOnq6R7EcWDw6g,`JSAPI,`SUCCESS,`ICBC_DEBIT,`CNY,`2000.00,`0.00,`0,`0,`0.00,`0.00,`,`,`商户:谷之星-1053 电表:101B1041 电表充值,`,`10.80000,`0.54%,`2000.00,`0.00,`
`2026-04-17 19:30:12,`wx3e5c4e6bb99d7c8e,`1693395706,`0,`,`4200003094202604178993580210,`169339570620260417193005183768,`oE02-6P9xx4Ge2NwPhp7dMxu3HTg,`JSAPI,`SUCCESS,`OTHERS,`CNY,`100.00,`0.00,`0,`0,`0.00,`0.00,`,`,`商户:遇尚饼-5018 电表:10104014 电表充值,`,`0.54000,`0.54%,`100.00,`0.00,`
`2026-04-17 00:08:16,`wx3e5c4e6bb99d7c8e,`1693395706,`0,`,`4200003095202604174000265035,`169339570620260417000805551220,`oE02-6OmqUiE1Vzk3dvyFq3gukcs,`JSAPI,`SUCCESS,`OTHERS,`CNY,`100.00,`0.00,`0,`0,`0.00,`0.00,`,`,`商户:亦心恋-2012B 电表:10101045 电表充值,`,`0.54000,`0.54%,`100.00,`0.00,`
`2026-04-17 16:01:11,`wx3e5c4e6bb99d7c8e,`1693395706,`0,`,`4200003129202604173983207131,`169339570620260417155942665555,`oE02-6GkpQdc0zHgtOp4ekdJfpXM,`JSAPI,`SUCCESS,`SPDB_DEBIT,`CNY,`1000.00,`0.00,`0,`0,`0.00,`0.00,`,`,`商户:衡晨文体-3025 电表:10102021 电表充值,`,`5.40000,`0.54%,`1000.00,`0.00,`
`2026-04-17 18:31:39,`wx3e5c4e6bb99d7c8e,`1693395706,`0,`,`4200003134202604174375614903,`169339570620260417183132713527,`oE02-6C-Yu2YI4QRPwbGa_QC7qao,`JSAPI,`SUCCESS,`OTHERS,`CNY,`100.00,`0.00,`0,`0,`0.00,`0.00,`,`,`商户:发发桌球-4007 电表:10103006 电表充值,`,`0.54000,`0.54%,`100.00,`0.00,`
`2026-04-18 07:29:55,`wx3e5c4e6bb99d7c8e,`1693395706,`0,`,`4200003050202604185466552411,`1693395706202604180729501559,`oE02-6KTAhNEQQ8paqMO_agdOqDI,`JSAPI,`SUCCESS,`OTHERS,`CNY,`200.00,`0.00,`0,`0,`0.00,`0.00,`,`,`商户:原匠-2020 电表:10101018 电表充值,`,`1.08000,`0.54%,`200.00,`0.00,`
`2026-04-18 00:54:19,`wx3e5c4e6bb99d7c8e,`1693395706,`0,`,`4200003054202604181166452878,`169339570620260418005413599716,`oE02-6C-Yu2YI4QRPwbGa_QC7qao,`JSAPI,`SUCCESS,`OTHERS,`CNY,`200.00,`0.00,`0,`0,`0.00,`0.00,`,`,`商户:发发桌球-4006 电表:10103005 电表充值,`,`1.08000,`0.54%,`200.00,`0.00,`
`2026-04-18 00:54:34,`wx3e5c4e6bb99d7c8e,`1693395706,`0,`,`4200003060202604180824450211,`169339570620260418005428810715,`oE02-6C-Yu2YI4QRPwbGa_QC7qao,`JSAPI,`SUCCESS,`OTHERS,`CNY,`300.00,`0.00,`0,`0,`0.00,`0.00,`,`,`商户:发发桌球-4007 电表:10103006 电表充值,`,`1.62000,`0.54%,`300.00,`0.00,`
`2026-04-18 09:10:09,`wx3e5c4e6bb99d7c8e,`1693395706,`0,`,`4200003060202604189246102438,`169339570620260418090959177504,`oE02-6J105X2x5eXNBHiqf0DkiYk,`JSAPI,`SUCCESS,`GDB_DEBIT,`CNY,`3900.00,`0.00,`0,`0,`0.00,`0.00,`,`,`商户:吉布鲁-5001A 电表:10104048 电表充值,`,`21.06000,`0.54%,`3900.00,`0.00,`
`2026-04-18 09:02:57,`wx3e5c4e6bb99d7c8e,`1693395706,`0,`,`4200003063202604188082649720,`169339570620260418090247145855,`oE02-6Jt6NceUnA3auXuFwyogCak,`JSAPI,`SUCCESS,`CITIC_CREDIT,`CNY,`500.00,`0.20,`0,`0,`0.00,`0.00,`,`,`商户:珂兰雅-2007 电表:10101006 电表充值,`,`2.70000,`0.54%,`500.00,`0.00,`
`2026-04-18 09:53:18,`wx3e5c4e6bb99d7c8e,`1693395706,`0,`,`4200003075202604185731547147,`169339570620260418095257800151,`oE02-6BPAHYDHt6_ODlWOg1etQaM,`JSAPI,`SUCCESS,`CMBC_CREDIT,`CNY,`50.00,`0.00,`0,`0,`0.00,`0.00,`,`,`商户:星辰弓射箭馆A-3026 电表:10102022 电表充值,`,`0.27000,`0.54%,`50.00,`0.00,`
`2026-04-18 18:15:03,`wx3e5c4e6bb99d7c8e,`1693395706,`0,`,`4200003076202604183658804491,`169339570620260418181454211559,`oE02-6NLlP7MbekZev1Hwt0xOjl0,`JSAPI,`SUCCESS,`PAB_CREDIT,`CNY,`1000.00,`1.00,`0,`0,`0.00,`0.00,`,`,`商户:趣捞鱼-3033 电表:10102029 电表充值,`,`5.40000,`0.54%,`1000.00,`0.00,`
`2026-04-18 12:40:39,`wx3e5c4e6bb99d7c8e,`1693395706,`0,`,`4200003076202604185681866071,`169339570620260418124025849423,`oE02-6NYbse_cEBzNk30EJrG7Gbc,`JSAPI,`SUCCESS,`CMBC_DEBIT,`CNY,`801.00,`1.00,`0,`0,`0.00,`0.00,`,`,`商户:哈森-1038 电表:101B1036 电表充值,`,`4.33000,`0.54%,`801.00,`0.00,`
`2026-04-18 22:14:37,`wx3e5c4e6bb99d7c8e,`1693395706,`0,`,`4200003081202604185324405677,`169339570620260418221429567171,`oE02-6Cx8K1zoOGRZO8jCwUFBHzc,`JSAPI,`SUCCESS,`OTHERS,`CNY,`200.00,`0.00,`0,`0,`0.00,`0.00,`,`,`商户:香蜜闺秀-2019 电表:10101017 电表充值,`,`1.08000,`0.54%,`200.00,`0.00,`
`2026-04-18 00:54:48,`wx3e5c4e6bb99d7c8e,`1693395706,`0,`,`4200003095202604187845373436,`169339570620260418005443156909,`oE02-6C-Yu2YI4QRPwbGa_QC7qao,`JSAPI,`SUCCESS,`OTHERS,`CNY,`100.00,`0.00,`0,`0,`0.00,`0.00,`,`,`商户:发发桌球-4008 电表:10103007 电表充值,`,`0.54000,`0.54%,`100.00,`0.00,`
`2026-04-18 09:10:33,`wx3e5c4e6bb99d7c8e,`1693395706,`0,`,`4200003130202604187279465479,`169339570620260418091026899932,`oE02-6J105X2x5eXNBHiqf0DkiYk,`JSAPI,`SUCCESS,`GDB_DEBIT,`CNY,`4100.00,`0.00,`0,`0,`0.00,`0.00,`,`,`商户:吉布鲁-5001 电表:10104001 电表充值,`,`22.14000,`0.54%,`4100.00,`0.00,`
`2026-04-18 00:55:40,`wx3e5c4e6bb99d7c8e,`1693395706,`0,`,`4200003132202604180629262483,`169339570620260418005531748943,`oE02-6C-Yu2YI4QRPwbGa_QC7qao,`JSAPI,`SUCCESS,`CMB_DEBIT,`CNY,`100.00,`0.00,`0,`0,`0.00,`0.00,`,`,`商户:发发桌球专用电梯-4010-1 电表:10105044 电表充值,`,`0.54000,`0.54%,`100.00,`0.00,`
`2026-04-18 00:55:08,`wx3e5c4e6bb99d7c8e,`1693395706,`0,`,`4200003136202604183154437873,`169339570620260418005458340216,`oE02-6C-Yu2YI4QRPwbGa_QC7qao,`JSAPI,`SUCCESS,`CMB_DEBIT,`CNY,`300.00,`0.00,`0,`0,`0.00,`0.00,`,`,`商户:发发桌球-4009 电表:10103008 电表充值,`,`1.62000,`0.54%,`300.00,`0.00,`
`2026-04-18 00:55:23,`wx3e5c4e6bb99d7c8e,`1693395706,`0,`,`4200003139202604181985559953,`169339570620260418005516164896,`oE02-6C-Yu2YI4QRPwbGa_QC7qao,`JSAPI,`SUCCESS,`CMB_DEBIT,`CNY,`100.00,`0.00,`0,`0,`0.00,`0.00,`,`,`商户:发发桌球-4010 电表:10103009 电表充值,`,`0.54000,`0.54%,`100.00,`0.00,`
`2026-04-19 12:01:38,`wx3e5c4e6bb99d7c8e,`1693395706,`0,`,`4200003060202604194306911046,`1693395706202604191201223437,`oE02-6EmbplIH1QhCvBS-MVsLzF8,`JSAPI,`SUCCESS,`PAB_CREDIT,`CNY,`100.00,`0.00,`0,`0,`0.00,`0.00,`,`,`商户:宝宝来当家-3022 电表:10102017 电表充值,`,`0.54000,`0.54%,`100.00,`0.00,`
`2026-04-19 12:01:03,`wx3e5c4e6bb99d7c8e,`1693395706,`0,`,`4200003065202604195244223086,`16933957062026041912005067743,`oE02-6MBeIJ13F76nUSjmKnKUO_k,`JSAPI,`SUCCESS,`CCB_CREDIT,`CNY,`2000.00,`0.00,`0,`0,`0.00,`0.00,`,`,`商户:周大生-1035 电表:101B1031 电表充值,`,`10.80000,`0.54%,`2000.00,`0.00,`
`2026-04-19 09:55:42,`wx3e5c4e6bb99d7c8e,`1693395706,`0,`,`4200003065202604196515204891,`16933957062026041909553403794,`oE02-6BPAHYDHt6_ODlWOg1etQaM,`JSAPI,`SUCCESS,`CMBC_CREDIT,`CNY,`50.00,`0.00,`0,`0,`0.00,`0.00,`,`,`商户:星辰弓射箭馆A-3026 电表:10102022 电表充值,`,`0.27000,`0.54%,`50.00,`0.00,`
`2026-04-19 06:31:24,`wx3e5c4e6bb99d7c8e,`1693395706,`0,`,`4200003068202604197293279792,`169339570620260419063112577900,`oE02-6JqX7UVN5CVXNSsbVQCJqp8,`JSAPI,`SUCCESS,`CMB_CREDIT,`CNY,`500.00,`0.00,`0,`0,`0.00,`0.00,`,`,`商户:星聚会-4001 电表:10103001 电表充值,`,`2.70000,`0.54%,`500.00,`0.00,`
`2026-04-19 20:04:49,`wx3e5c4e6bb99d7c8e,`1693395706,`0,`,`4200003068202604197872742972,`169339570620260419200433202887,`oE02-6Lz3W_tTrYj1WuWJiGxZFvA,`JSAPI,`SUCCESS,`CITIC_CREDIT,`CNY,`2500.00,`0.00,`0,`0,`0.00,`0.00,`,`,`商户:伶俐-1018 电表:101B1016 电表充值,`,`13.50000,`0.54%,`2500.00,`0.00,`
`2026-04-19 18:08:07,`wx3e5c4e6bb99d7c8e,`1693395706,`0,`,`4200003070202604190106301780,`169339570620260419180801473293,`oE02-6Eed_ogBvcdFAbu0c1HzHvM,`JSAPI,`SUCCESS,`OTHERS,`CNY,`2000.00,`0.00,`0,`0,`0.00,`0.00,`,`,`商户:藤野造型-4002 电表:10103033 电表充值,`,`10.80000,`0.54%,`2000.00,`0.00,`
`2026-04-19 18:08:55,`wx3e5c4e6bb99d7c8e,`1693395706,`0,`,`4200003076202604194366835380,`169339570620260419180840959661,`oE02-6GNsm6_O-7buQ6QLtk3D1EY,`JSAPI,`SUCCESS,`GDB_DEBIT,`CNY,`1000.00,`0.00,`0,`0,`0.00,`0.00,`,`,`商户:超鸡魔王-5021B 电表:10104016 电表充值,`,`5.40000,`0.54%,`1000.00,`0.00,`
`2026-04-19 08:44:41,`wx3e5c4e6bb99d7c8e,`1693395706,`0,`,`4200003078202604193929390870,`169339570620260419084427326969,`oE02-6GNsm6_O-7buQ6QLtk3D1EY,`JSAPI,`SUCCESS,`CCB_DEBIT,`CNY,`500.00,`0.00,`0,`0,`0.00,`0.00,`,`,`商户:许府牛-5003 电表:10104044 电表充值,`,`2.70000,`0.54%,`500.00,`0.00,`
`2026-04-19 12:02:16,`wx3e5c4e6bb99d7c8e,`1693395706,`0,`,`4200003084202604190212263458,`16933957062026041912020571368,`oE02-6EmbplIH1QhCvBS-MVsLzF8,`JSAPI,`SUCCESS,`PAB_CREDIT,`CNY,`100.00,`0.00,`0,`0,`0.00,`0.00,`,`,`商户:哈哩屋的小baby-3037 电表:10102025 电表充值,`,`0.54000,`0.54%,`100.00,`0.00,`
`2026-04-19 20:44:22,`wx3e5c4e6bb99d7c8e,`1693395706,`0,`,`4200003094202604199300283794,`169339570620260419204415329873,`oE02-6P9xx4Ge2NwPhp7dMxu3HTg,`JSAPI,`SUCCESS,`OTHERS,`CNY,`100.00,`0.00,`0,`0,`0.00,`0.00,`,`,`商户:遇尚饼-5018 电表:10104014 电表充值,`,`0.54000,`0.54%,`100.00,`0.00,`
`2026-04-19 08:09:47,`wx3e5c4e6bb99d7c8e,`1693395706,`0,`,`4200003095202604191116376642,`169339570620260419080933552282,`oE02-6Ia1HU2Zc2vlXfeiMIFzp8o,`JSAPI,`SUCCESS,`HUNNX_DEBIT,`CNY,`10.00,`0.00,`0,`0,`0.00,`0.00,`,`,`商户:大黎小齐-4018 电表:10103015 电表充值,`,`0.05000,`0.54%,`10.00,`0.00,`
`2026-04-19 07:30:40,`wx3e5c4e6bb99d7c8e,`1693395706,`0,`,`4200003131202604195222706200,`169339570620260419073032928835,`oE02-6G0Spcwrbpj7hsnV4v2UlPg,`JSAPI,`SUCCESS,`OTHERS,`CNY,`200.00,`0.00,`0,`0,`0.00,`0.00,`,`,`商户:银点-2003 电表:10101003 电表充值,`,`1.08000,`0.54%,`200.00,`0.00,`
`2026-04-19 11:14:05,`wx3e5c4e6bb99d7c8e,`1693395706,`0,`,`4200003135202604194377818499,`169339570620260419111354504231,`oE02-6KJtCG4WvbeP6FF823vPcwU,`JSAPI,`SUCCESS,`CCB_DEBIT,`CNY,`50.00,`0.00,`0,`0,`0.00,`0.00,`,`,`商户:优学派-3032 电表:10102028 电表充值,`,`0.27000,`0.54%,`50.00,`0.00,`
`2026-04-20 00:39:45,`wx3e5c4e6bb99d7c8e,`1693395706,`0,`,`4200003050202604204455991096,`169339570620260420003937993464,`oE02-6C-Yu2YI4QRPwbGa_QC7qao,`JSAPI,`SUCCESS,`CMB_DEBIT,`CNY,`100.00,`0.00,`0,`0,`0.00,`0.00,`,`,`商户:发发桌球制冰设备-4010-2 电表:10105045 电表充值,`,`0.54000,`0.54%,`100.00,`0.00,`
`2026-04-20 21:27:34,`wx3e5c4e6bb99d7c8e,`1693395706,`0,`,`4200003055202604201721522446,`169339570620260420212723191599,`oE02-6HQXAiNSQXeSU3bKziI_SX4,`JSAPI,`SUCCESS,`CMB_CREDIT,`CNY,`1000.00,`1.00,`0,`0,`0.00,`0.00,`,`,`商户:AIAL-1039 电表:101B1037 电表充值,`,`5.40000,`0.54%,`1000.00,`0.00,`
`2026-04-20 00:38:47,`wx3e5c4e6bb99d7c8e,`1693395706,`0,`,`4200003058202604203009654703,`169339570620260420003842016562,`oE02-6C-Yu2YI4QRPwbGa_QC7qao,`JSAPI,`SUCCESS,`CMB_DEBIT,`CNY,`300.00,`0.00,`0,`0,`0.00,`0.00,`,`,`商户:发发桌球-4007 电表:10103006 电表充值,`,`1.62000,`0.54%,`300.00,`0.00,`
`2026-04-20 00:39:30,`wx3e5c4e6bb99d7c8e,`1693395706,`0,`,`4200003060202604200265499859,`169339570620260420003925606530,`oE02-6C-Yu2YI4QRPwbGa_QC7qao,`JSAPI,`SUCCESS,`CMB_DEBIT,`CNY,`100.00,`0.00,`0,`0,`0.00,`0.00,`,`,`商户:发发桌球-4010 电表:10103009 电表充值,`,`0.54000,`0.54%,`100.00,`0.00,`
`2026-04-20 10:30:54,`wx3e5c4e6bb99d7c8e,`1693395706,`0,`,`4200003066202604203593614336,`169339570620260420103040010432,`oE02-6GftSyzgLgNtS3YqFHNJ-2g,`JSAPI,`SUCCESS,`BANK_CREDIT,`CNY,`500.00,`1.80,`0,`0,`0.00,`0.00,`,`,`商户:美思-2039 电表:10101034 电表充值,`,`2.70000,`0.54%,`500.00,`0.00,`
`2026-04-20 23:48:14,`wx3e5c4e6bb99d7c8e,`1693395706,`0,`,`4200003073202604201973853600,`169339570620260420234805291683,`oE02-6Aa8sgPUWLqC0_MvLC6ZijI,`JSAPI,`SUCCESS,`OTHERS,`CNY,`100.00,`0.00,`0,`0,`0.00,`0.00,`,`,`商户:湘下佬-5006 电表:10104005 电表充值,`,`0.54000,`0.54%,`100.00,`0.00,`
`2026-04-20 12:09:16,`wx3e5c4e6bb99d7c8e,`1693395706,`0,`,`4200003078202604207785756376,`169339570620260420120847878497,`oE02-6Hz8LY-FOgFsrEpeYtonFwM,`JSAPI,`SUCCESS,`CMB_CREDIT,`CNY,`2000.00,`0.20,`0,`0,`0.00,`0.00,`,`,`商户:蜘蛛王-2006 电表:10101005 电表充值,`,`10.80000,`0.54%,`2000.00,`0.00,`
`2026-04-20 12:34:57,`wx3e5c4e6bb99d7c8e,`1693395706,`0,`,`4200003085202604200918393390,`169339570620260420123452016107,`oE02-6Ia1HU2Zc2vlXfeiMIFzp8o,`JSAPI,`SUCCESS,`HUNNX_DEBIT,`CNY,`10.00,`0.00,`0,`0,`0.00,`0.00,`,`,`商户:大黎小齐-4018 电表:10103015 电表充值,`,`0.05000,`0.54%,`10.00,`0.00,`
`2026-04-20 00:39:02,`wx3e5c4e6bb99d7c8e,`1693395706,`0,`,`4200003086202604202172353860,`169339570620260420003855011832,`oE02-6C-Yu2YI4QRPwbGa_QC7qao,`JSAPI,`SUCCESS,`CMB_DEBIT,`CNY,`200.00,`0.00,`0,`0,`0.00,`0.00,`,`,`商户:发发桌球-4008 电表:10103007 电表充值,`,`1.08000,`0.54%,`200.00,`0.00,`
`2026-04-20 12:26:59,`wx3e5c4e6bb99d7c8e,`1693395706,`0,`,`4200003088202604205801611710,`169339570620260420122642471596,`oE02-6NC8EWIxLODp4ArvX_pZHvo,`JSAPI,`SUCCESS,`CEB_CREDIT,`CNY,`500.00,`0.00,`0,`0,`0.00,`0.00,`,`,`商户:开心哈乐-2021 电表:10101010 电表充值,`,`2.70000,`0.54%,`500.00,`0.00,`
`2026-04-20 00:40:15,`wx3e5c4e6bb99d7c8e,`1693395706,`0,`,`4200003095202604208647932720,`169339570620260420004008061544,`oE02-6C-Yu2YI4QRPwbGa_QC7qao,`JSAPI,`SUCCESS,`CMB_DEBIT,`CNY,`100.00,`0.00,`0,`0,`0.00,`0.00,`,`,`商户:发发桌球专用电梯-4010-1 电表:10105044 电表充值,`,`0.54000,`0.54%,`100.00,`0.00,`
`2026-04-20 00:39:18,`wx3e5c4e6bb99d7c8e,`1693395706,`0,`,`4200003096202604209349129436,`169339570620260420003911009233,`oE02-6C-Yu2YI4QRPwbGa_QC7qao,`JSAPI,`SUCCESS,`CMB_DEBIT,`CNY,`300.00,`0.00,`0,`0,`0.00,`0.00,`,`,`商户:发发桌球-4009 电表:10103008 电表充值,`,`1.62000,`0.54%,`300.00,`0.00,`
`2026-04-20 00:38:29,`wx3e5c4e6bb99d7c8e,`1693395706,`0,`,`4200003126202604206106687800,`169339570620260420003823240374,`oE02-6C-Yu2YI4QRPwbGa_QC7qao,`JSAPI,`SUCCESS,`CMB_DEBIT,`CNY,`200.00,`0.00,`0,`0,`0.00,`0.00,`,`,`商户:发发桌球-4006 电表:10103005 电表充值,`,`1.08000,`0.54%,`200.00,`0.00,`
`2026-04-20 14:34:06,`wx3e5c4e6bb99d7c8e,`1693395706,`0,`,`4200003135202604200782685764,`169339570620260420143400015392,`oE02-6JqX7UVN5CVXNSsbVQCJqp8,`JSAPI,`SUCCESS,`CMB_CREDIT,`CNY,`500.00,`0.00,`0,`0,`0.00,`0.00,`,`,`商户:星聚会-4001 电表:10103001 电表充值,`,`2.70000,`0.54%,`500.00,`0.00,`
`2026-04-20 00:42:37,`wx3e5c4e6bb99d7c8e,`1693395706,`0,`,`4200003135202604209670523041,`169339570620260420004231683719,`oE02-6C-Yu2YI4QRPwbGa_QC7qao,`JSAPI,`SUCCESS,`CMB_DEBIT,`CNY,`400.00,`0.00,`0,`0,`0.00,`0.00,`,`,`商户:发发桌球制冰设备-4010-2 电表:10105045 电表充值,`,`2.16000,`0.54%,`400.00,`0.00,`
`2026-04-21 00:11:34,`wx3e5c4e6bb99d7c8e,`1693395706,`0,`,`4200003051202604217075668320,`169339570620260421001127605806,`oE02-6N8FvQ3iYoz_PK6xWaqKZuY,`JSAPI,`SUCCESS,`OTHERS,`CNY,`100.00,`0.00,`0,`0,`0.00,`0.00,`,`,`商户:向荣拳击-4025 电表:10103032 电表充值,`,`0.54000,`0.54%,`100.00,`0.00,`
`2026-04-21 21:04:52,`wx3e5c4e6bb99d7c8e,`1693395706,`0,`,`4200003070202604210673223509,`169339570620260421210439400425,`oE02-6KJtCG4WvbeP6FF823vPcwU,`JSAPI,`SUCCESS,`OTHERS,`CNY,`50.00,`0.00,`0,`0,`0.00,`0.00,`,`,`商户:优学派-3032 电表:10102028 电表充值,`,`0.27000,`0.54%,`50.00,`0.00,`
`2026-04-21 09:43:55,`wx3e5c4e6bb99d7c8e,`1693395706,`0,`,`4200003084202604216522341573,`169339570620260421094349293592,`oE02-6Id_ofjBujuJM0TRpdXe5pg,`JSAPI,`SUCCESS,`ABC_DEBIT,`CNY,`500.00,`0.00,`0,`0,`0.00,`0.00,`,`,`商户:卓诗尼-2037 电表:10101031 电表充值,`,`2.70000,`0.54%,`500.00,`0.00,`
`2026-04-21 19:05:28,`wx3e5c4e6bb99d7c8e,`1693395706,`0,`,`4200003090202604212493716495,`16933957062026042119052107083,`oE02-6OmqUiE1Vzk3dvyFq3gukcs,`JSAPI,`SUCCESS,`OTHERS,`CNY,`100.00,`0.00,`0,`0,`0.00,`0.00,`,`,`商户:亦心恋-2012B 电表:10101045 电表充值,`,`0.54000,`0.54%,`100.00,`0.00,`
`2026-04-21 10:19:19,`wx3e5c4e6bb99d7c8e,`1693395706,`0,`,`4200003094202604210138914606,`169339570620260421101909945882,`oE02-6G3fB_H04FhLN5vLrJMEfec,`JSAPI,`SUCCESS,`OTHERS,`CNY,`100.00,`0.00,`0,`0,`0.00,`0.00,`,`,`商户:南沫-JYF3-006 电表:10102048 电表充值,`,`0.54000,`0.54%,`100.00,`0.00,`
`2026-04-21 12:00:55,`wx3e5c4e6bb99d7c8e,`1693395706,`0,`,`4200003130202604217862502876,`169339570620260421120048394228,`oE02-6DWniko6ophz4ZAZ-8aPdH8,`JSAPI,`SUCCESS,`CMB_CREDIT,`CNY,`1000.00,`1.00,`0,`0,`0.00,`0.00,`,`,`商户:学乐英语-3021A 电表:10102019 电表充值,`,`5.40000,`0.54%,`1000.00,`0.00,`
`2026-04-21 00:01:15,`wx3e5c4e6bb99d7c8e,`1693395706,`0,`,`4200003132202604213953060196,`169339570620260421000105599533,`oE02-6Ck4UxbaML_Tf_BFkfKrsyw,`JSAPI,`SUCCESS,`COMM_CREDIT,`CNY,`200.00,`0.00,`0,`0,`0.00,`0.00,`,`,`商户:蛙赛牛蛙-5009 电表:10104029 电表充值,`,`1.08000,`0.54%,`200.00,`0.00,`
`2026-04-21 12:20:37,`wx3e5c4e6bb99d7c8e,`1693395706,`0,`,`4200003137202604211820058590,`169339570620260421122029691467,`oE02-6AebrA2Z2Awv4IlM8SHEdl0,`JSAPI,`SUCCESS,`OTHERS,`CNY,`2000.00,`0.00,`0,`0,`0.00,`0.00,`,`,`商户:潮玩空间-1020 电表:101B1020 电表充值,`,`10.80000,`0.54%,`2000.00,`0.00,`
`2026-04-21 09:29:09,`wx3e5c4e6bb99d7c8e,`1693395706,`0,`,`4200003137202604217631915806,`169339570620260421092901405972,`oE02-6BPAHYDHt6_ODlWOg1etQaM,`JSAPI,`SUCCESS,`CMBC_CREDIT,`CNY,`50.00,`0.00,`0,`0,`0.00,`0.00,`,`,`商户:星辰弓射箭馆A-3026 电表:10102022 电表充值,`,`0.27000,`0.54%,`50.00,`0.00,`
`2026-04-22 00:27:31,`wx3e5c4e6bb99d7c8e,`1693395706,`0,`,`4200003053202604226800243456,`169339570620260422002726160453,`oE02-6C-Yu2YI4QRPwbGa_QC7qao,`JSAPI,`SUCCESS,`OTHERS,`CNY,`300.00,`0.00,`0,`0,`0.00,`0.00,`,`,`商户:发发桌球制冰设备-4010-2 电表:10105045 电表充值,`,`1.62000,`0.54%,`300.00,`0.00,`
`2026-04-22 12:16:43,`wx3e5c4e6bb99d7c8e,`1693395706,`0,`,`4200003068202604228156619792,`169339570620260422121604857762,`oE02-6IcMeniurlbdX1dpF3922P0,`JSAPI,`SUCCESS,`GDB_CREDIT,`CNY,`1000.00,`5.00,`0,`0,`0.00,`0.00,`,`,`商户:七度银饰-JYF1-003 电表:101B1053 电表充值,`,`5.40000,`0.54%,`1000.00,`0.00,`
`2026-04-22 18:44:51,`wx3e5c4e6bb99d7c8e,`1693395706,`0,`,`4200003074202604220555229017,`169339570620260422184443947808,`oE02-6J5J6BmahaS460lquFCTG4k,`JSAPI,`SUCCESS,`OTHERS,`CNY,`1000.00,`0.00,`0,`0,`0.00,`0.00,`,`,`商户:胖大厨肉蟹煲-5017 电表:10104010 电表充值,`,`5.40000,`0.54%,`1000.00,`0.00,`
`2026-04-22 00:26:07,`wx3e5c4e6bb99d7c8e,`1693395706,`0,`,`4200003083202604226553040193,`169339570620260422002559480138,`oE02-6C-Yu2YI4QRPwbGa_QC7qao,`JSAPI,`SUCCESS,`CMB_DEBIT,`CNY,`200.00,`0.00,`0,`0,`0.00,`0.00,`,`,`商户:发发桌球-4009 电表:10103008 电表充值,`,`1.08000,`0.54%,`200.00,`0.00,`
`2026-04-22 18:56:24,`wx3e5c4e6bb99d7c8e,`1693395706,`0,`,`4200003084202604225434437913,`169339570620260422185616211707,`oE02-6Ljvc24R7sX7smv2afKGsMw,`JSAPI,`SUCCESS,`OTHERS,`CNY,`2000.00,`0.00,`0,`0,`0.00,`0.00,`,`,`商户:MA-2031 电表:10101026 电表充值,`,`10.80000,`0.54%,`2000.00,`0.00,`
`2026-04-22 00:25:36,`wx3e5c4e6bb99d7c8e,`1693395706,`0,`,`4200003086202604225754258043,`169339570620260422002529015359,`oE02-6C-Yu2YI4QRPwbGa_QC7qao,`JSAPI,`SUCCESS,`CMB_DEBIT,`CNY,`100.00,`0.00,`0,`0,`0.00,`0.00,`,`,`商户:发发桌球-4007 电表:10103006 电表充值,`,`0.54000,`0.54%,`100.00,`0.00,`
`2026-04-22 17:08:29,`wx3e5c4e6bb99d7c8e,`1693395706,`0,`,`4200003088202604226027265740,`169339570620260422170820547813,`oE02-6DkzC4n-C1tbBu2G8QgA6Tk,`JSAPI,`SUCCESS,`PSBC_DEBIT,`CNY,`3000.00,`0.00,`0,`0,`0.00,`0.00,`,`,`商户:瞄一瞄-1001 电表:101B1001 电表充值,`,`16.20000,`0.54%,`3000.00,`0.00,`
`2026-04-22 06:17:30,`wx3e5c4e6bb99d7c8e,`1693395706,`0,`,`4200003090202604224856379385,`169339570620260422061723816308,`oE02-6JqX7UVN5CVXNSsbVQCJqp8,`JSAPI,`SUCCESS,`CMB_DEBIT,`CNY,`300.00,`0.00,`0,`0,`0.00,`0.00,`,`,`商户:星聚会-4001 电表:10103001 电表充值,`,`1.62000,`0.54%,`300.00,`0.00,`
`2026-04-22 00:25:20,`wx3e5c4e6bb99d7c8e,`1693395706,`0,`,`4200003092202604229658099980,`169339570620260422002513948952,`oE02-6C-Yu2YI4QRPwbGa_QC7qao,`JSAPI,`SUCCESS,`CMB_DEBIT,`CNY,`100.00,`0.00,`0,`0,`0.00,`0.00,`,`,`商户:发发桌球-4006 电表:10103005 电表充值,`,`0.54000,`0.54%,`100.00,`0.00,`
`2026-04-22 10:17:19,`wx3e5c4e6bb99d7c8e,`1693395706,`0,`,`4200003095202604220519407482,`169339570620260422101705053347,`oE02-6BPAHYDHt6_ODlWOg1etQaM,`JSAPI,`SUCCESS,`CMBC_CREDIT,`CNY,`50.00,`0.00,`0,`0,`0.00,`0.00,`,`,`商户:星辰弓射箭馆A-3026 电表:10102022 电表充值,`,`0.27000,`0.54%,`50.00,`0.00,`
`2026-04-22 00:27:10,`wx3e5c4e6bb99d7c8e,`1693395706,`0,`,`4200003125202604224283154122,`169339570620260422002700531303,`oE02-6C-Yu2YI4QRPwbGa_QC7qao,`JSAPI,`SUCCESS,`OTHERS,`CNY,`200.00,`0.00,`0,`0,`0.00,`0.00,`,`,`商户:发发桌球-4010 电表:10103009 电表充值,`,`1.08000,`0.54%,`200.00,`0.00,`
`2026-04-22 11:17:28,`wx3e5c4e6bb99d7c8e,`1693395706,`0,`,`4200003131202604220596237760,`169339570620260422111722224101,`oE02-6AaFt8tMUCmzMYNoOIA5qU4,`JSAPI,`SUCCESS,`OTHERS,`CNY,`500.00,`0.00,`0,`0,`0.00,`0.00,`,`,`商户:飞科-JYF2-004 电表:10101036 电表充值,`,`2.70000,`0.54%,`500.00,`0.00,`
`2026-04-22 00:25:50,`wx3e5c4e6bb99d7c8e,`1693395706,`0,`,`4200003135202604221078385318,`169339570620260422002544531106,`oE02-6C-Yu2YI4QRPwbGa_QC7qao,`JSAPI,`SUCCESS,`CMB_DEBIT,`CNY,`200.00,`0.00,`0,`0,`0.00,`0.00,`,`,`商户:发发桌球-4008 电表:10103007 电表充值,`,`1.08000,`0.54%,`200.00,`0.00,`
`2026-04-23 10:08:27,`wx3e5c4e6bb99d7c8e,`1693395706,`0,`,`4200003050202604238330443491,`169339570620260423100821999960,`oE02-6H05LM_YFW_ytPoIV2e8q1w,`JSAPI,`SUCCESS,`CCB_DEBIT,`CNY,`500.00,`0.00,`0,`0,`0.00,`0.00,`,`,`商户:balabala-3008 电表:10102006 电表充值,`,`2.70000,`0.54%,`500.00,`0.00,`
`2026-04-23 14:33:59,`wx3e5c4e6bb99d7c8e,`1693395706,`0,`,`4200003059202604232783858129,`169339570620260423143346671737,`oE02-6Ax0pM6KQFTSnRvNDar8QZM,`JSAPI,`SUCCESS,`CMB_DEBIT,`CNY,`500.00,`0.00,`0,`0,`0.00,`0.00,`,`,`商户:九拍-3031 电表:10102027 电表充值,`,`2.70000,`0.54%,`500.00,`0.00,`
`2026-04-23 13:55:09,`wx3e5c4e6bb99d7c8e,`1693395706,`0,`,`4200003067202604232598699838,`169339570620260423135502397376,`oE02-6P9xx4Ge2NwPhp7dMxu3HTg,`JSAPI,`SUCCESS,`OTHERS,`CNY,`100.00,`0.00,`0,`0,`0.00,`0.00,`,`,`商户:遇尚饼-5018 电表:10104014 电表充值,`,`0.54000,`0.54%,`100.00,`0.00,`
`2026-04-23 10:40:55,`wx3e5c4e6bb99d7c8e,`1693395706,`0,`,`4200003067202604237000099547,`169339570620260423104044319664,`oE02-6GNsm6_O-7buQ6QLtk3D1EY,`JSAPI,`SUCCESS,`CCB_DEBIT,`CNY,`500.00,`0.00,`0,`0,`0.00,`0.00,`,`,`商户:许府牛-5003 电表:10104044 电表充值,`,`2.70000,`0.54%,`500.00,`0.00,`
`2026-04-23 20:45:14,`wx3e5c4e6bb99d7c8e,`1693395706,`0,`,`4200003073202604230149119141,`169339570620260423204502111416,`oE02-6EmbplIH1QhCvBS-MVsLzF8,`JSAPI,`SUCCESS,`CITIC_CREDIT,`CNY,`100.00,`2.60,`0,`0,`0.00,`0.00,`,`,`商户:哈哩屋的小baby-3037 电表:10102025 电表充值,`,`0.54000,`0.54%,`100.00,`0.00,`
`2026-04-23 18:09:57,`wx3e5c4e6bb99d7c8e,`1693395706,`0,`,`4200003092202604232399572723,`169339570620260423180947706571,`oE02-6JqX7UVN5CVXNSsbVQCJqp8,`JSAPI,`SUCCESS,`PAB_CREDIT,`CNY,`1000.00,`0.20,`0,`0,`0.00,`0.00,`,`,`商户:星聚会-4001 电表:10103001 电表充值,`,`5.40000,`0.54%,`1000.00,`0.00,`
`2026-04-23 12:09:23,`wx3e5c4e6bb99d7c8e,`1693395706,`0,`,`4200003094202604237940520922,`169339570620260423120915852695,`oE02-6Cx8K1zoOGRZO8jCwUFBHzc,`JSAPI,`SUCCESS,`OTHERS,`CNY,`500.00,`0.00,`0,`0,`0.00,`0.00,`,`,`商户:大东-2016B 电表:10101047 电表充值,`,`2.70000,`0.54%,`500.00,`0.00,`
`2026-04-23 15:16:52,`wx3e5c4e6bb99d7c8e,`1693395706,`0,`,`4200003095202604233456952963,`169339570620260423151646493989,`oE02-6KTAhNEQQ8paqMO_agdOqDI,`JSAPI,`SUCCESS,`OTHERS,`CNY,`200.00,`0.00,`0,`0,`0.00,`0.00,`,`,`商户:原匠-2020 电表:10101018 电表充值,`,`1.08000,`0.54%,`200.00,`0.00,`
`2026-04-23 12:09:47,`wx3e5c4e6bb99d7c8e,`1693395706,`0,`,`4200003127202604235565915336,`169339570620260423120937857669,`oE02-6Cx8K1zoOGRZO8jCwUFBHzc,`JSAPI,`SUCCESS,`OTHERS,`CNY,`200.00,`0.00,`0,`0,`0.00,`0.00,`,`,`商户:香蜜闺秀-2019 电表:10101017 电表充值,`,`1.08000,`0.54%,`200.00,`0.00,`
`2026-04-23 18:02:29,`wx3e5c4e6bb99d7c8e,`1693395706,`0,`,`4200003127202604239670983624,`1693395706202604231802215694,`oE02-6EbPLwShkVoD2DybplIGnMs,`JSAPI,`SUCCESS,`BANK_CREDIT,`CNY,`1000.00,`0.00,`0,`0,`0.00,`0.00,`,`,`商户:恋惠优品-1021 电表:101B1015 电表充值,`,`5.40000,`0.54%,`1000.00,`0.00,`
`2026-04-23 10:23:03,`wx3e5c4e6bb99d7c8e,`1693395706,`0,`,`4200003138202604238033448846,`169339570620260423102254915285,`oE02-6LAFBF_au4jO5bke8zyk6e4,`JSAPI,`SUCCESS,`CMBC_CREDIT,`CNY,`500.00,`0.00,`0,`0,`0.00,`0.00,`,`,`商户:杰米熊-3028 电表:10102059 电表充值,`,`2.70000,`0.54%,`500.00,`0.00,`
`2026-04-24 18:13:54,`wx3e5c4e6bb99d7c8e,`1693395706,`0,`,`4200003050202604240096327752,`169339570620260424181346982302,`oE02-6KcG6OBbhpU0unNji46zTSM,`JSAPI,`SUCCESS,`CCB_DEBIT,`CNY,`200.00,`0.00,`0,`0,`0.00,`0.00,`,`,`商户:潮流前线-2008 电表:10101007 电表充值,`,`1.08000,`0.54%,`200.00,`0.00,`
`2026-04-24 00:41:42,`wx3e5c4e6bb99d7c8e,`1693395706,`0,`,`4200003051202604241938365440,`169339570620260424004135519343,`oE02-6C-Yu2YI4QRPwbGa_QC7qao,`JSAPI,`SUCCESS,`CMB_DEBIT,`CNY,`100.00,`0.00,`0,`0,`0.00,`0.00,`,`,`商户:发发桌球-4010 电表:10103009 电表充值,`,`0.54000,`0.54%,`100.00,`0.00,`
`2026-04-24 12:16:46,`wx3e5c4e6bb99d7c8e,`1693395706,`0,`,`4200003052202604247035811075,`169339570620260424121634493552,`oE02-6HJm7NbKwrQVO06NGTN4OOI,`JSAPI,`SUCCESS,`COMM_DEBIT,`CNY,`2000.00,`0.00,`0,`0,`0.00,`0.00,`,`,`商户:融艺舞蹈-4012 电表:10103011 电表充值,`,`10.80000,`0.54%,`2000.00,`0.00,`
`2026-04-24 12:28:35,`wx3e5c4e6bb99d7c8e,`1693395706,`0,`,`4200003059202604242475008928,`16933957062026042412282889420,`oE02-6HRT2QljKnSMQCz8SRAsROw,`JSAPI,`SUCCESS,`OTHERS,`CNY,`1000.00,`0.00,`0,`0,`0.00,`0.00,`,`,`商户:大锤配镜-2009A 电表:10101043 电表充值,`,`5.40000,`0.54%,`1000.00,`0.00,`
`2026-04-24 00:41:11,`wx3e5c4e6bb99d7c8e,`1693395706,`0,`,`4200003060202604247341290510,`169339570620260424004103510855,`oE02-6C-Yu2YI4QRPwbGa_QC7qao,`JSAPI,`SUCCESS,`CMB_DEBIT,`CNY,`100.00,`0.00,`0,`0,`0.00,`0.00,`,`,`商户:发发桌球-4008 电表:10103007 电表充值,`,`0.54000,`0.54%,`100.00,`0.00,`
`2026-04-24 00:41:58,`wx3e5c4e6bb99d7c8e,`1693395706,`0,`,`4200003061202604240248620902,`169339570620260424004151080553,`oE02-6C-Yu2YI4QRPwbGa_QC7qao,`JSAPI,`SUCCESS,`CMB_DEBIT,`CNY,`100.00,`0.00,`0,`0,`0.00,`0.00,`,`,`商户:发发桌球专用电梯-4010-1 电表:10105044 电表充值,`,`0.54000,`0.54%,`100.00,`0.00,`
`2026-04-24 08:24:05,`wx3e5c4e6bb99d7c8e,`1693395706,`0,`,`4200003062202604241179104368,`169339570620260424082350947562,`oE02-6CPj8RfYlgl8vIvWQJpuV6E,`JSAPI,`SUCCESS,`CMBC_CREDIT,`CNY,`500.00,`0.00,`0,`0,`0.00,`0.00,`,`,`商户:米乐熊-3015 电表:10102010 电表充值,`,`2.70000,`0.54%,`500.00,`0.00,`
`2026-04-24 15:41:50,`wx3e5c4e6bb99d7c8e,`1693395706,`0,`,`4200003063202604244861549753,`169339570620260424154144160546,`oE02-6PeIz5IxoOyt3lET5KFisbI,`JSAPI,`SUCCESS,`OTHERS,`CNY,`4000.00,`0.00,`0,`0,`0.00,`0.00,`,`,`商户:书亦烧仙草-5022 电表:10104017 电表充值,`,`21.60000,`0.54%,`4000.00,`0.00,`
`2026-04-24 18:13:48,`wx3e5c4e6bb99d7c8e,`1693395706,`0,`,`4200003063202604247671086976,`169339570620260424181340005293,`oE02-6AHlv_-p82d4R-YgM2vUI_Q,`JSAPI,`SUCCESS,`OTHERS,`CNY,`100.00,`0.00,`0,`0,`0.00,`0.00,`,`,`商户:尼彩文心-3023 电表:10102020 电表充值,`,`0.54000,`0.54%,`100.00,`0.00,`
`2026-04-24 00:42:12,`wx3e5c4e6bb99d7c8e,`1693395706,`0,`,`4200003069202604249816852428,`169339570620260424004205217961,`oE02-6C-Yu2YI4QRPwbGa_QC7qao,`JSAPI,`SUCCESS,`CMB_DEBIT,`CNY,`100.00,`0.00,`0,`0,`0.00,`0.00,`,`,`商户:发发桌球制冰设备-4010-2 电表:10105045 电表充值,`,`0.54000,`0.54%,`100.00,`0.00,`
`2026-04-24 00:40:32,`wx3e5c4e6bb99d7c8e,`1693395706,`0,`,`4200003074202604245780244134,`169339570620260424004024170733,`oE02-6C-Yu2YI4QRPwbGa_QC7qao,`JSAPI,`SUCCESS,`CMB_DEBIT,`CNY,`100.00,`0.00,`0,`0,`0.00,`0.00,`,`,`商户:发发桌球-4006 电表:10103005 电表充值,`,`0.54000,`0.54%,`100.00,`0.00,`
`2026-04-24 18:12:12,`wx3e5c4e6bb99d7c8e,`1693395706,`0,`,`4200003081202604245025091355,`169339570620260424181205212700,`oE02-6Ia1HU2Zc2vlXfeiMIFzp8o,`JSAPI,`SUCCESS,`OTHERS,`CNY,`10.00,`0.00,`0,`0,`0.00,`0.00,`,`,`商户:大黎小齐-4017 电表:10103014 电表充值,`,`0.05000,`0.54%,`10.00,`0.00,`
`2026-04-24 00:16:07,`wx3e5c4e6bb99d7c8e,`1693395706,`0,`,`4200003083202604240613185763,`169339570620260424001536833258,`oE02-6Ck4UxbaML_Tf_BFkfKrsyw,`JSAPI,`SUCCESS,`COMM_DEBIT,`CNY,`200.00,`0.00,`0,`0,`0.00,`0.00,`,`,`商户:蛙赛牛蛙-5009 电表:10104029 电表充值,`,`1.08000,`0.54%,`200.00,`0.00,`
`2026-04-24 00:40:52,`wx3e5c4e6bb99d7c8e,`1693395706,`0,`,`4200003083202604244217235102,`169339570620260424004047540193,`oE02-6C-Yu2YI4QRPwbGa_QC7qao,`JSAPI,`SUCCESS,`CMB_DEBIT,`CNY,`300.00,`0.00,`0,`0,`0.00,`0.00,`,`,`商户:发发桌球-4007 电表:10103006 电表充值,`,`1.62000,`0.54%,`300.00,`0.00,`
`2026-04-24 09:52:35,`wx3e5c4e6bb99d7c8e,`1693395706,`0,`,`4200003087202604247041071101,`169339570620260424095222719487,`oE02-6BPAHYDHt6_ODlWOg1etQaM,`JSAPI,`SUCCESS,`PAB_CREDIT,`CNY,`50.00,`0.00,`0,`0,`0.00,`0.00,`,`,`商户:星辰弓射箭馆A-3026 电表:10102022 电表充值,`,`0.27000,`0.54%,`50.00,`0.00,`
`2026-04-24 00:41:27,`wx3e5c4e6bb99d7c8e,`1693395706,`0,`,`4200003090202604242412526105,`16933957062026042400412101672,`oE02-6C-Yu2YI4QRPwbGa_QC7qao,`JSAPI,`SUCCESS,`CMB_DEBIT,`CNY,`300.00,`0.00,`0,`0,`0.00,`0.00,`,`,`商户:发发桌球-4009 电表:10103008 电表充值,`,`1.62000,`0.54%,`300.00,`0.00,`
`2026-04-24 13:58:33,`wx3e5c4e6bb99d7c8e,`1693395706,`0,`,`4200003130202604249010565463,`169339570620260424135827641352,`oE02-6Omx4kZoEqlyXOiVmPAosMQ,`JSAPI,`SUCCESS,`OTHERS,`CNY,`500.00,`0.00,`0,`0,`0.00,`0.00,`,`,`商户:币币之家-3035 电表:10102030 电表充值,`,`2.70000,`0.54%,`500.00,`0.00,`
`2026-04-24 17:43:01,`wx3e5c4e6bb99d7c8e,`1693395706,`0,`,`4200003135202604242300690069,`169339570620260424174255796911,`oE02-6CtxFlmxNYTHLTZVUBP49u4,`JSAPI,`SUCCESS,`OTHERS,`CNY,`500.00,`0.00,`0,`0,`0.00,`0.00,`,`,`商户:昨美女装-1015 电表:101B1013 电表充值,`,`2.70000,`0.54%,`500.00,`0.00,`
`2026-04-25 12:29:01,`wx3e5c4e6bb99d7c8e,`1693395706,`0,`,`4200003054202604258664037676,`169339570620260425122855149911,`oE02-6LRnYIn5XOk8gKtyXYSzOjU,`JSAPI,`SUCCESS,`CCB_DEBIT,`CNY,`500.00,`0.00,`0,`0,`0.00,`0.00,`,`,`商户:维克多机器人-4022 电表:10103019 电表充值,`,`2.70000,`0.54%,`500.00,`0.00,`
`2026-04-25 10:03:12,`wx3e5c4e6bb99d7c8e,`1693395706,`0,`,`4200003061202604257920891181,`169339570620260425100305136962,`oE02-6BPAHYDHt6_ODlWOg1etQaM,`JSAPI,`SUCCESS,`PAB_CREDIT,`CNY,`50.00,`0.00,`0,`0,`0.00,`0.00,`,`,`商户:星辰弓射箭馆A-3026 电表:10102022 电表充值,`,`0.27000,`0.54%,`50.00,`0.00,`
`2026-04-25 11:23:51,`wx3e5c4e6bb99d7c8e,`1693395706,`0,`,`4200003065202604256527409107,`169339570620260425112342187822,`oE02-6IzKgIY18TLssvYc-ZrfRGc,`JSAPI,`SUCCESS,`HUNNX_DEBIT,`CNY,`500.00,`0.00,`0,`0,`0.00,`0.00,`,`,`商户:吧啦啦-JYF5-004 电表:10104040 电表充值,`,`2.70000,`0.54%,`500.00,`0.00,`
`2026-04-25 13:18:38,`wx3e5c4e6bb99d7c8e,`1693395706,`0,`,`4200003068202604257649056195,`169339570620260425131831772623,`oE02-6F96JznmnEsnv1yODWShgzc,`JSAPI,`SUCCESS,`OTHERS,`CNY,`1000.00,`0.00,`0,`0,`0.00,`0.00,`,`,`商户:京东之家-2013 电表:10101058 电表充值,`,`5.40000,`0.54%,`1000.00,`0.00,`
`2026-04-25 12:47:53,`wx3e5c4e6bb99d7c8e,`1693395706,`0,`,`4200003078202604252408646482,`169339570620260425124746123245,`oE02-6EbPLwShkVoD2DybplIGnMs,`JSAPI,`SUCCESS,`BANK_CREDIT,`CNY,`1000.00,`0.00,`0,`0,`0.00,`0.00,`,`,`商户:恋惠优品-1019-BB 电表:101B1018 电表充值,`,`5.40000,`0.54%,`1000.00,`0.00,`
`2026-04-25 18:52:20,`wx3e5c4e6bb99d7c8e,`1693395706,`0,`,`4200003086202604256567867343,`169339570620260425185210316246,`oE02-6OMLn5KSTWFR-kITF7F_OAI,`JSAPI,`SUCCESS,`ABC_DEBIT,`CNY,`1000.00,`0.00,`0,`0,`0.00,`0.00,`,`,`商户:范缇-1017 电表:101B1039 电表充值,`,`5.40000,`0.54%,`1000.00,`0.00,`
`2026-04-25 10:20:19,`wx3e5c4e6bb99d7c8e,`1693395706,`0,`,`4200003093202604254614246687,`169339570620260425102008107998,`oE02-6KJtCG4WvbeP6FF823vPcwU,`JSAPI,`SUCCESS,`OTHERS,`CNY,`100.00,`0.00,`0,`0,`0.00,`0.00,`,`,`商户:优学派-3032 电表:10102028 电表充值,`,`0.54000,`0.54%,`100.00,`0.00,`
`2026-04-25 02:13:33,`wx3e5c4e6bb99d7c8e,`1693395706,`0,`,`4200003125202604251833607661,`169339570620260425021324029882,`oE02-6Ia1HU2Zc2vlXfeiMIFzp8o,`JSAPI,`SUCCESS,`OTHERS,`CNY,`20.00,`0.00,`0,`0,`0.00,`0.00,`,`,`商户:大黎小齐-4018 电表:10103015 电表充值,`,`0.11000,`0.54%,`20.00,`0.00,`
`2026-04-25 08:49:53,`wx3e5c4e6bb99d7c8e,`1693395706,`0,`,`4200003137202604258050651414,`169339570620260425084945942352,`oE02-6EEcCGWRtV3hJFCYIYjZV7M,`JSAPI,`SUCCESS,`OTHERS,`CNY,`100.00,`0.00,`0,`0,`0.00,`0.00,`,`,`商户:花语集洋装馆-1030 电表:101B1027 电表充值,`,`0.54000,`0.54%,`100.00,`0.00,`
`2026-04-26 16:04:23,`wx3e5c4e6bb99d7c8e,`1693395706,`0,`,`4200003055202604263702581739,`169339570620260426160415214399,`oE02-6OmqUiE1Vzk3dvyFq3gukcs,`JSAPI,`SUCCESS,`OTHERS,`CNY,`100.00,`0.00,`0,`0,`0.00,`0.00,`,`,`商户:亦心恋-2012B 电表:10101045 电表充值,`,`0.54000,`0.54%,`100.00,`0.00,`
`2026-04-26 01:08:32,`wx3e5c4e6bb99d7c8e,`1693395706,`0,`,`4200003055202604268488056448,`169339570620260426010824246480,`oE02-6C-Yu2YI4QRPwbGa_QC7qao,`JSAPI,`SUCCESS,`CMB_DEBIT,`CNY,`100.00,`0.00,`0,`0,`0.00,`0.00,`,`,`商户:发发桌球专用电梯-4010-1 电表:10105044 电表充值,`,`0.54000,`0.54%,`100.00,`0.00,`
`2026-04-26 01:08:47,`wx3e5c4e6bb99d7c8e,`1693395706,`0,`,`4200003058202604268484218461,`169339570620260426010841477132,`oE02-6C-Yu2YI4QRPwbGa_QC7qao,`JSAPI,`SUCCESS,`CMB_DEBIT,`CNY,`200.00,`0.00,`0,`0,`0.00,`0.00,`,`,`商户:发发桌球制冰设备-4010-2 电表:10105045 电表充值,`,`1.08000,`0.54%,`200.00,`0.00,`
`2026-04-26 18:56:30,`wx3e5c4e6bb99d7c8e,`1693395706,`0,`,`4200003060202604264769392978,`169339570620260426185623666620,`oE02-6P9xx4Ge2NwPhp7dMxu3HTg,`JSAPI,`SUCCESS,`OTHERS,`CNY,`200.00,`0.00,`0,`0,`0.00,`0.00,`,`,`商户:遇尚饼-5018 电表:10104014 电表充值,`,`1.08000,`0.54%,`200.00,`0.00,`
`2026-04-26 12:21:49,`wx3e5c4e6bb99d7c8e,`1693395706,`0,`,`4200003075202604265813430731,`169339570620260426122140698207,`oE02-6Ck4UxbaML_Tf_BFkfKrsyw,`JSAPI,`SUCCESS,`COMM_CREDIT,`CNY,`300.00,`0.00,`0,`0,`0.00,`0.00,`,`,`商户:蛙赛牛蛙-5009 电表:10104029 电表充值,`,`1.62000,`0.54%,`300.00,`0.00,`
`2026-04-26 12:02:58,`wx3e5c4e6bb99d7c8e,`1693395706,`0,`,`4200003078202604260356450218,`169339570620260426120252115161,`oE02-6HBMg6Nxk6BM1tQsIbCo0dk,`JSAPI,`SUCCESS,`BOC_CREDIT,`CNY,`3000.00,`0.00,`0,`0,`0.00,`0.00,`,`,`商户:潮正和-5010 电表:10104009 电表充值,`,`16.20000,`0.54%,`3000.00,`0.00,`
`2026-04-26 18:26:22,`wx3e5c4e6bb99d7c8e,`1693395706,`0,`,`4200003078202604262720737143,`169339570620260426182612072593,`oE02-6Aa8sgPUWLqC0_MvLC6ZijI,`JSAPI,`SUCCESS,`OTHERS,`CNY,`100.00,`0.00,`0,`0,`0.00,`0.00,`,`,`商户:湘下佬-5006 电表:10104005 电表充值,`,`0.54000,`0.54%,`100.00,`0.00,`
`2026-04-26 11:22:09,`wx3e5c4e6bb99d7c8e,`1693395706,`0,`,`4200003080202604262963470200,`169339570620260426112202083474,`oE02-6BPAHYDHt6_ODlWOg1etQaM,`JSAPI,`SUCCESS,`PAB_CREDIT,`CNY,`50.00,`0.00,`0,`0,`0.00,`0.00,`,`,`商户:星辰弓射箭馆A-3026 电表:10102022 电表充值,`,`0.27000,`0.54%,`50.00,`0.00,`
`2026-04-26 01:07:39,`wx3e5c4e6bb99d7c8e,`1693395706,`0,`,`4200003081202604268496279753,`169339570620260426010730705851,`oE02-6C-Yu2YI4QRPwbGa_QC7qao,`JSAPI,`SUCCESS,`CMB_DEBIT,`CNY,`100.00,`0.00,`0,`0,`0.00,`0.00,`,`,`商户:发发桌球-4008 电表:10103007 电表充值,`,`0.54000,`0.54%,`100.00,`0.00,`
`2026-04-26 00:01:44,`wx3e5c4e6bb99d7c8e,`1693395706,`0,`,`4200003083202604267717467022,`169339570620260426000134785955,`oE02-6N8FvQ3iYoz_PK6xWaqKZuY,`JSAPI,`SUCCESS,`OTHERS,`CNY,`100.00,`0.00,`0,`0,`0.00,`0.00,`,`,`商户:向荣拳击-4025 电表:10103032 电表充值,`,`0.54000,`0.54%,`100.00,`0.00,`
`2026-04-26 09:01:44,`wx3e5c4e6bb99d7c8e,`1693395706,`0,`,`4200003085202604263916103984,`169339570620260426090134013282,`oE02-6GNsm6_O-7buQ6QLtk3D1EY,`JSAPI,`SUCCESS,`CCB_DEBIT,`CNY,`500.00,`0.00,`0,`0,`0.00,`0.00,`,`,`商户:许府牛-5003 电表:10104044 电表充值,`,`2.70000,`0.54%,`500.00,`0.00,`
`2026-04-26 01:08:16,`wx3e5c4e6bb99d7c8e,`1693395706,`0,`,`4200003087202604261890635848,`169339570620260426010808105363,`oE02-6C-Yu2YI4QRPwbGa_QC7qao,`JSAPI,`SUCCESS,`CMB_DEBIT,`CNY,`100.00,`0.00,`0,`0,`0.00,`0.00,`,`,`商户:发发桌球-4010 电表:10103009 电表充值,`,`0.54000,`0.54%,`100.00,`0.00,`
`2026-04-26 09:02:15,`wx3e5c4e6bb99d7c8e,`1693395706,`0,`,`4200003088202604260097152982,`169339570620260426090153733147,`oE02-6GNsm6_O-7buQ6QLtk3D1EY,`JSAPI,`SUCCESS,`GDB_DEBIT,`CNY,`500.00,`0.00,`0,`0,`0.00,`0.00,`,`,`商户:超鸡魔王-5021B 电表:10104016 电表充值,`,`2.70000,`0.54%,`500.00,`0.00,`
`2026-04-26 01:07:20,`wx3e5c4e6bb99d7c8e,`1693395706,`0,`,`4200003091202604269908552074,`169339570620260426010714194993,`oE02-6C-Yu2YI4QRPwbGa_QC7qao,`JSAPI,`SUCCESS,`CMB_DEBIT,`CNY,`100.00,`0.00,`0,`0,`0.00,`0.00,`,`,`商户:发发桌球-4007 电表:10103006 电表充值,`,`0.54000,`0.54%,`100.00,`0.00,`
`2026-04-26 22:07:58,`wx3e5c4e6bb99d7c8e,`1693395706,`0,`,`4200003094202604265385156909,`169339570620260426220742103648,`oE02-6IK2EbgeZ71eiPAIA7PYbno,`JSAPI,`SUCCESS,`PAB_CREDIT,`CNY,`200.00,`0.00,`0,`0,`0.00,`0.00,`,`,`商户:梵西诺保罗-2023 电表:10101020 电表充值,`,`1.08000,`0.54%,`200.00,`0.00,`
`2026-04-26 09:01:23,`wx3e5c4e6bb99d7c8e,`1693395706,`0,`,`4200003126202604269344587679,`169339570620260426090109188970,`oE02-6GNsm6_O-7buQ6QLtk3D1EY,`JSAPI,`SUCCESS,`CCB_DEBIT,`CNY,`500.00,`0.00,`0,`0,`0.00,`0.00,`,`,`商户:许府牛-5003-1 电表:10105046 电表充值,`,`2.70000,`0.54%,`500.00,`0.00,`
`2026-04-26 16:27:45,`wx3e5c4e6bb99d7c8e,`1693395706,`0,`,`4200003128202604268032293621,`169339570620260426162733926338,`oE02-6Dfh-dvRvC_euTsES1B3bpU,`JSAPI,`SUCCESS,`CMB_DEBIT,`CNY,`1000.00,`0.00,`0,`0,`0.00,`0.00,`,`,`商户:柠季-1009AB 电表:101B1052 电表充值,`,`5.40000,`0.54%,`1000.00,`0.00,`
`2026-04-26 01:07:59,`wx3e5c4e6bb99d7c8e,`1693395706,`0,`,`4200003131202604264770350269,`169339570620260426010750766955,`oE02-6C-Yu2YI4QRPwbGa_QC7qao,`JSAPI,`SUCCESS,`CMB_DEBIT,`CNY,`100.00,`0.00,`0,`0,`0.00,`0.00,`,`,`商户:发发桌球-4009 电表:10103008 电表充值,`,`0.54000,`0.54%,`100.00,`0.00,`
`2026-04-26 18:00:29,`wx3e5c4e6bb99d7c8e,`1693395706,`0,`,`4200003133202604264749571266,`169339570620260426180022032898,`oE02-6JqX7UVN5CVXNSsbVQCJqp8,`JSAPI,`SUCCESS,`CMBC_CREDIT,`CNY,`500.00,`0.00,`0,`0,`0.00,`0.00,`,`,`商户:星聚会-4001 电表:10103001 电表充值,`,`2.70000,`0.54%,`500.00,`0.00,`
`2026-04-26 01:07:05,`wx3e5c4e6bb99d7c8e,`1693395706,`0,`,`4200003134202604263121629496,`169339570620260426010659491686,`oE02-6C-Yu2YI4QRPwbGa_QC7qao,`JSAPI,`SUCCESS,`CMB_DEBIT,`CNY,`200.00,`0.00,`0,`0,`0.00,`0.00,`,`,`商户:发发桌球-4006 电表:10103005 电表充值,`,`1.08000,`0.54%,`200.00,`0.00,`
`2026-04-27 09:58:14,`wx3e5c4e6bb99d7c8e,`1693395706,`0,`,`4200003052202604276322288818,`169339570620260427095803052193,`oE02-6BPAHYDHt6_ODlWOg1etQaM,`JSAPI,`SUCCESS,`PAB_CREDIT,`CNY,`50.00,`0.00,`0,`0,`0.00,`0.00,`,`,`商户:星辰弓射箭馆A-3026 电表:10102022 电表充值,`,`0.27000,`0.54%,`50.00,`0.00,`
`2026-04-27 18:10:22,`wx3e5c4e6bb99d7c8e,`1693395706,`0,`,`4200003052202604276925333345,`169339570620260427181012231807,`oE02-6EmbplIH1QhCvBS-MVsLzF8,`JSAPI,`SUCCESS,`CITIC_CREDIT,`CNY,`100.00,`0.13,`0,`0,`0.00,`0.00,`,`,`商户:宝宝来当家-3022 电表:10102017 电表充值,`,`0.54000,`0.54%,`100.00,`0.00,`
`2026-04-27 12:23:08,`wx3e5c4e6bb99d7c8e,`1693395706,`0,`,`4200003055202604279478469096,`169339570620260427122301583233,`oE02-6FkeTOYnCyNqO3C8zayHMPc,`JSAPI,`SUCCESS,`OTHERS,`CNY,`100.00,`0.00,`0,`0,`0.00,`0.00,`,`,`商户:美甲美睫-4031 电表:10103028 电表充值,`,`0.54000,`0.54%,`100.00,`0.00,`
`2026-04-27 08:07:05,`wx3e5c4e6bb99d7c8e,`1693395706,`0,`,`4200003062202604274134514228,`169339570620260427080655105802,`oE02-6DFDbQMEEs4CcVG2XYNQlgc,`JSAPI,`SUCCESS,`OTHERS,`CNY,`200.00,`0.00,`0,`0,`0.00,`0.00,`,`,`商户:忆扬亦可-2009B 电表:10101029 电表充值,`,`1.08000,`0.54%,`200.00,`0.00,`
`2026-04-27 10:04:45,`wx3e5c4e6bb99d7c8e,`1693395706,`0,`,`4200003067202604270256049599,`169339570620260427100438006776,`oE02-6EAt3c4ucn9WlgoLz1TToeU,`JSAPI,`SUCCESS,`PSBC_DEBIT,`CNY,`10000.00,`0.20,`0,`0,`0.00,`0.00,`,`,`商户:星球很忙-3017 电表:10102014 电表充值,`,`54.00000,`0.54%,`10000.00,`0.00,`
`2026-04-27 17:28:01,`wx3e5c4e6bb99d7c8e,`1693395706,`0,`,`4200003075202604276691879920,`169339570620260427172753692219,`oE02-6C-Yu2YI4QRPwbGa_QC7qao,`JSAPI,`SUCCESS,`CMB_DEBIT,`CNY,`100.00,`0.00,`0,`0,`0.00,`0.00,`,`,`商户:发发桌球-4009 电表:10103008 电表充值,`,`0.54000,`0.54%,`100.00,`0.00,`
`2026-04-27 17:27:46,`wx3e5c4e6bb99d7c8e,`1693395706,`0,`,`4200003092202604270422780572,`16933957062026042717273726795,`oE02-6C-Yu2YI4QRPwbGa_QC7qao,`JSAPI,`SUCCESS,`CMB_DEBIT,`CNY,`100.00,`0.00,`0,`0,`0.00,`0.00,`,`,`商户:发发桌球-4007 电表:10103006 电表充值,`,`0.54000,`0.54%,`100.00,`0.00,`
`2026-04-27 13:23:15,`wx3e5c4e6bb99d7c8e,`1693395706,`0,`,`4200003126202604279052981923,`169339570620260427132309039649,`oE02-6LeYXwvMHLXvQaFyi6zOqvk,`JSAPI,`SUCCESS,`OTHERS,`CNY,`2000.00,`0.00,`0,`0,`0.00,`0.00,`,`,`商户:熊兮兮-3009 电表:10102007 电表充值,`,`10.80000,`0.54%,`2000.00,`0.00,`
`2026-04-28 00:21:04,`wx3e5c4e6bb99d7c8e,`1693395706,`0,`,`4200003053202604280517156974,`169339570620260428002056853750,`oE02-6C-Yu2YI4QRPwbGa_QC7qao,`JSAPI,`SUCCESS,`CMB_DEBIT,`CNY,`100.00,`0.00,`0,`0,`0.00,`0.00,`,`,`商户:发发桌球-4008 电表:10103007 电表充值,`,`0.54000,`0.54%,`100.00,`0.00,`
`2026-04-28 18:05:25,`wx3e5c4e6bb99d7c8e,`1693395706,`0,`,`4200003055202604288854574738,`169339570620260428180513006533,`oE02-6JqX7UVN5CVXNSsbVQCJqp8,`JSAPI,`SUCCESS,`ICBC_DEBIT,`CNY,`1000.00,`0.00,`0,`0,`0.00,`0.00,`,`,`商户:星聚会-4001 电表:10103001 电表充值,`,`5.40000,`0.54%,`1000.00,`0.00,`
`2026-04-28 18:03:23,`wx3e5c4e6bb99d7c8e,`1693395706,`0,`,`4200003062202604283401431510,`169339570620260428180310988939,`oE02-6H-lgFDi5sL5oiaSz2uYVDY,`JSAPI,`SUCCESS,`CSCB_CREDIT,`CNY,`1200.00,`0.00,`0,`0,`0.00,`0.00,`,`,`商户:紫色花语-1019A 电表:101B1017 电表充值,`,`6.48000,`0.54%,`1200.00,`0.00,`
`2026-04-28 12:01:21,`wx3e5c4e6bb99d7c8e,`1693395706,`0,`,`4200003064202604288348065366,`169339570620260428120116733472,`oE02-6CGW5Sci9IbXdwq4vGoZqc0,`JSAPI,`SUCCESS,`PAB_CREDIT,`CNY,`200.00,`0.00,`0,`0,`0.00,`0.00,`,`,`商户:樊文花-2033 电表:10101028 电表充值,`,`1.08000,`0.54%,`200.00,`0.00,`
`2026-04-28 00:21:20,`wx3e5c4e6bb99d7c8e,`1693395706,`0,`,`4200003071202604285433465010,`169339570620260428002115575603,`oE02-6C-Yu2YI4QRPwbGa_QC7qao,`JSAPI,`SUCCESS,`CMB_DEBIT,`CNY,`300.00,`0.00,`0,`0,`0.00,`0.00,`,`,`商户:发发桌球-4009 电表:10103008 电表充值,`,`1.62000,`0.54%,`300.00,`0.00,`
`2026-04-28 10:57:14,`wx3e5c4e6bb99d7c8e,`1693395706,`0,`,`4200003074202604284342621630,`169339570620260428105708042925,`oE02-6KTAhNEQQ8paqMO_agdOqDI,`JSAPI,`SUCCESS,`OTHERS,`CNY,`200.00,`0.00,`0,`0,`0.00,`0.00,`,`,`商户:原匠-2020 电表:10101018 电表充值,`,`1.08000,`0.54%,`200.00,`0.00,`
`2026-04-28 21:16:05,`wx3e5c4e6bb99d7c8e,`1693395706,`0,`,`4200003075202604283103207625,`16933957062026042821152249043,`oE02-6HKATRFf4Mdrqcv97FgqmnI,`JSAPI,`SUCCESS,`OTHERS,`CNY,`800.00,`0.00,`0,`0,`0.00,`0.00,`,`,`商户:AMXS爱慕斯-1003 电表:101B1029 电表充值,`,`4.32000,`0.54%,`800.00,`0.00,`
`2026-04-28 00:20:36,`wx3e5c4e6bb99d7c8e,`1693395706,`0,`,`4200003083202604282341968176,`16933957062026042800202865599,`oE02-6C-Yu2YI4QRPwbGa_QC7qao,`JSAPI,`SUCCESS,`CMB_DEBIT,`CNY,`100.00,`0.00,`0,`0,`0.00,`0.00,`,`,`商户:发发桌球-4006 电表:10103005 电表充值,`,`0.54000,`0.54%,`100.00,`0.00,`
`2026-04-28 16:44:42,`wx3e5c4e6bb99d7c8e,`1693395706,`0,`,`4200003088202604282345619347,`169339570620260428164436250302,`oE02-6NlixoAidp21E4gh-YVrQx8,`JSAPI,`SUCCESS,`OTHERS,`CNY,`3000.00,`0.00,`0,`0,`0.00,`0.00,`,`,`商户:特步-1031 电表:101B1030 电表充值,`,`16.20000,`0.54%,`3000.00,`0.00,`
`2026-04-28 00:21:35,`wx3e5c4e6bb99d7c8e,`1693395706,`0,`,`4200003089202604282398673995,`169339570620260428002128770130,`oE02-6C-Yu2YI4QRPwbGa_QC7qao,`JSAPI,`SUCCESS,`CMB_DEBIT,`CNY,`100.00,`0.00,`0,`0,`0.00,`0.00,`,`,`商户:发发桌球-4010 电表:10103009 电表充值,`,`0.54000,`0.54%,`100.00,`0.00,`
`2026-04-28 00:20:48,`wx3e5c4e6bb99d7c8e,`1693395706,`0,`,`4200003095202604280499425587,`169339570620260428002043541744,`oE02-6C-Yu2YI4QRPwbGa_QC7qao,`JSAPI,`SUCCESS,`CMB_DEBIT,`CNY,`200.00,`0.00,`0,`0,`0.00,`0.00,`,`,`商户:发发桌球-4007 电表:10103006 电表充值,`,`1.08000,`0.54%,`200.00,`0.00,`
`2026-04-28 00:21:52,`wx3e5c4e6bb99d7c8e,`1693395706,`0,`,`4200003128202604284039890591,`169339570620260428002143156337,`oE02-6C-Yu2YI4QRPwbGa_QC7qao,`JSAPI,`SUCCESS,`OTHERS,`CNY,`100.00,`0.00,`0,`0,`0.00,`0.00,`,`,`商户:发发桌球专用电梯-4010-1 电表:10105044 电表充值,`,`0.54000,`0.54%,`100.00,`0.00,`
`2026-04-28 00:22:13,`wx3e5c4e6bb99d7c8e,`1693395706,`0,`,`4200003130202604284406107290,`169339570620260428002204622596,`oE02-6C-Yu2YI4QRPwbGa_QC7qao,`JSAPI,`SUCCESS,`OTHERS,`CNY,`300.00,`0.00,`0,`0,`0.00,`0.00,`,`,`商户:发发桌球制冰设备-4010-2 电表:10105045 电表充值,`,`1.62000,`0.54%,`300.00,`0.00,`
`2026-04-28 16:28:54,`wx3e5c4e6bb99d7c8e,`1693395706,`0,`,`4200003133202604288908528983,`169339570620260428162848006101,`oE02-6Nb6prUpRKZ1N5bmimugA-k,`JSAPI,`SUCCESS,`OTHERS,`CNY,`1000.00,`0.00,`0,`0,`0.00,`0.00,`,`,`商户:新百伦领跑-2016AA 电表:10101014 电表充值,`,`5.40000,`0.54%,`1000.00,`0.00,`
`2026-04-29 10:30:07,`wx3e5c4e6bb99d7c8e,`1693395706,`0,`,`4200003050202604290699808668,`169339570620260429102954088551,`oE02-6GNsm6_O-7buQ6QLtk3D1EY,`JSAPI,`SUCCESS,`GDB_DEBIT,`CNY,`200.00,`0.00,`0,`0,`0.00,`0.00,`,`,`商户:超鸡魔王-5021B 电表:10104016 电表充值,`,`1.08000,`0.54%,`200.00,`0.00,`
`2026-04-29 07:32:53,`wx3e5c4e6bb99d7c8e,`1693395706,`0,`,`4200003064202604291281518675,`169339570620260429073242180594,`oE02-6N3QYXOWHPkQqW-LL20fhIo,`JSAPI,`SUCCESS,`OTHERS,`CNY,`2000.00,`0.00,`0,`0,`0.00,`0.00,`,`,`商户:苹果-1037 电表:101B1035 电表充值,`,`10.80000,`0.54%,`2000.00,`0.00,`
`2026-04-29 10:28:24,`wx3e5c4e6bb99d7c8e,`1693395706,`0,`,`4200003066202604298134817279,`169339570620260429102818290666,`oE02-6FqvX6sg03mrcbARlA0-gK4,`JSAPI,`SUCCESS,`OTHERS,`CNY,`200.00,`0.00,`0,`0,`0.00,`0.00,`,`,`商户:森林鸟-1016 电表:101B1014 电表充值,`,`1.08000,`0.54%,`200.00,`0.00,`
`2026-04-29 18:04:10,`wx3e5c4e6bb99d7c8e,`1693395706,`0,`,`4200003067202604296209273988,`169339570620260429180330199217,`oE02-6FXYk1m9KOS_ovhfYk-gs1w,`JSAPI,`SUCCESS,`OTHERS,`CNY,`2000.00,`0.00,`0,`0,`0.00,`0.00,`,`,`商户:沅柒洞石锅拌饭-5011 电表:10104012 电表充值,`,`10.80000,`0.54%,`2000.00,`0.00,`
`2026-04-29 00:03:02,`wx3e5c4e6bb99d7c8e,`1693395706,`0,`,`4200003073202604296286541849,`169339570620260429000249289244,`oE02-6JhJF7SxYuGhYzw2lDje3Ak,`JSAPI,`SUCCESS,`OTHERS,`CNY,`2000.00,`0.00,`0,`0,`0.00,`0.00,`,`,`商户:欣椰遇-5023A 电表:10104018 电表充值,`,`10.80000,`0.54%,`2000.00,`0.00,`
`2026-04-29 19:37:30,`wx3e5c4e6bb99d7c8e,`1693395706,`0,`,`4200003075202604294427966220,`169339570620260429193717832865,`oE02-6IK2EbgeZ71eiPAIA7PYbno,`JSAPI,`SUCCESS,`OTHERS,`CNY,`200.00,`0.00,`0,`0,`0.00,`0.00,`,`,`商户:梵西诺保罗-2023 电表:10101020 电表充值,`,`1.08000,`0.54%,`200.00,`0.00,`
`2026-04-29 13:56:34,`wx3e5c4e6bb99d7c8e,`1693395706,`0,`,`4200003082202604292546255085,`169339570620260429135629298406,`oE02-6Gr_5nUYkTQuOkW6gtFpivM,`JSAPI,`SUCCESS,`OTHERS,`CNY,`1000.00,`0.00,`0,`0,`0.00,`0.00,`,`,`商户:波比艾斯-5019 电表:10104013 电表充值,`,`5.40000,`0.54%,`1000.00,`0.00,`
`2026-04-29 11:36:30,`wx3e5c4e6bb99d7c8e,`1693395706,`0,`,`4200003085202604297405345679,`169339570620260429113622555101,`oE02-6G3fB_H04FhLN5vLrJMEfec,`JSAPI,`SUCCESS,`OTHERS,`CNY,`20.00,`0.00,`0,`0,`0.00,`0.00,`,`,`商户:猿辅导、读书郎AI智能学习机-JYF3-006 电表:10102048 电表充值,`,`0.11000,`0.54%,`20.00,`0.00,`
`2026-04-29 12:39:01,`wx3e5c4e6bb99d7c8e,`1693395706,`0,`,`4200003088202604293484209033,`169339570620260429123847683306,`oE02-6APDs_fmR1uw11dqI0589WY,`JSAPI,`SUCCESS,`PAB_CREDIT,`CNY,`1000.00,`1.00,`0,`0,`0.00,`0.00,`,`,`商户:滚球De店-1029 电表:101B1028 电表充值,`,`5.40000,`0.54%,`1000.00,`0.00,`
`2026-04-29 19:37:58,`wx3e5c4e6bb99d7c8e,`1693395706,`0,`,`4200003093202604298013816377,`169339570620260429193752538764,`oE02-6IK2EbgeZ71eiPAIA7PYbno,`JSAPI,`SUCCESS,`OTHERS,`CNY,`100.00,`0.00,`0,`0,`0.00,`0.00,`,`,`商户:梵西诺保罗-2023 电表:10101020 电表充值,`,`0.54000,`0.54%,`100.00,`0.00,`
`2026-04-29 10:56:31,`wx3e5c4e6bb99d7c8e,`1693395706,`0,`,`4200003094202604294897191905,`169339570620260429105622467202,`oE02-6BPAHYDHt6_ODlWOg1etQaM,`JSAPI,`SUCCESS,`PAB_CREDIT,`CNY,`50.00,`0.00,`0,`0,`0.00,`0.00,`,`,`商户:星辰弓射箭馆A-3026 电表:10102022 电表充值,`,`0.27000,`0.54%,`50.00,`0.00,`
`2026-04-29 00:45:35,`wx3e5c4e6bb99d7c8e,`1693395706,`0,`,`4200003138202604292311431361,`169339570620260429004523821684,`oE02-6EmbplIH1QhCvBS-MVsLzF8,`JSAPI,`SUCCESS,`CITIC_CREDIT,`CNY,`100.00,`0.12,`0,`0,`0.00,`0.00,`,`,`商户:哈哩屋的小baby-3037 电表:10102025 电表充值,`,`0.54000,`0.54%,`100.00,`0.00,`
`2026-04-30 12:28:15,`wx3e5c4e6bb99d7c8e,`1693395706,`0,`,`4200003053202604307993633185,`169339570620260430122807812290,`oE02-6Cx8K1zoOGRZO8jCwUFBHzc,`JSAPI,`SUCCESS,`OTHERS,`CNY,`500.00,`0.00,`0,`0,`0.00,`0.00,`,`,`商户:大东-2016B 电表:10101047 电表充值,`,`2.70000,`0.54%,`500.00,`0.00,`
`2026-04-30 13:15:51,`wx3e5c4e6bb99d7c8e,`1693395706,`0,`,`4200003054202604305275519074,`169339570620260430131539982603,`oE02-6ITG1nouWRtfcUhhZKw1R3s,`JSAPI,`SUCCESS,`BOC_DEBIT,`CNY,`1000.00,`0.00,`0,`0,`0.00,`0.00,`,`,`商户:回力-1052 电表:101B1040 电表充值,`,`5.40000,`0.54%,`1000.00,`0.00,`
`2026-04-30 11:30:56,`wx3e5c4e6bb99d7c8e,`1693395706,`0,`,`4200003057202604307416866442,`169339570620260430113050168970,`oE02-6J105X2x5eXNBHiqf0DkiYk,`JSAPI,`SUCCESS,`OTHERS,`CNY,`4800.00,`0.00,`0,`0,`0.00,`0.00,`,`,`商户:吉布鲁-5001A 电表:10104048 电表充值,`,`25.92000,`0.54%,`4800.00,`0.00,`
`2026-04-30 11:31:14,`wx3e5c4e6bb99d7c8e,`1693395706,`0,`,`4200003058202604309389487950,`169339570620260430113107931741,`oE02-6J105X2x5eXNBHiqf0DkiYk,`JSAPI,`SUCCESS,`OTHERS,`CNY,`5200.00,`0.00,`0,`0,`0.00,`0.00,`,`,`商户:吉布鲁-5001 电表:10104001 电表充值,`,`28.08000,`0.54%,`5200.00,`0.00,`
`2026-04-30 18:15:11,`wx3e5c4e6bb99d7c8e,`1693395706,`0,`,`4200003061202604303451421008,`16933957062026043018150496776,`oE02-6JYayw2qM0AGswnGiZiYdMM,`JSAPI,`SUCCESS,`ABC_DEBIT,`CNY,`3000.00,`0.00,`0,`0,`0.00,`0.00,`,`,`商户:七匹狼-2038 电表:10101033 电表充值,`,`16.20000,`0.54%,`3000.00,`0.00,`
`2026-04-30 00:03:14,`wx3e5c4e6bb99d7c8e,`1693395706,`0,`,`4200003063202604301974663422,`169339570620260430000308706517,`oE02-6C-Yu2YI4QRPwbGa_QC7qao,`JSAPI,`SUCCESS,`CMB_DEBIT,`CNY,`100.00,`0.00,`0,`0,`0.00,`0.00,`,`,`商户:发发桌球-4006 电表:10103005 电表充值,`,`0.54000,`0.54%,`100.00,`0.00,`
`2026-04-30 00:05:04,`wx3e5c4e6bb99d7c8e,`1693395706,`0,`,`4200003064202604302006849817,`169339570620260430000457577389,`oE02-6C-Yu2YI4QRPwbGa_QC7qao,`JSAPI,`SUCCESS,`CMB_DEBIT,`CNY,`200.00,`0.00,`0,`0,`0.00,`0.00,`,`,`商户:发发桌球制冰设备-4010-2 电表:10105045 电表充值,`,`1.08000,`0.54%,`200.00,`0.00,`
`2026-04-30 12:28:40,`wx3e5c4e6bb99d7c8e,`1693395706,`0,`,`4200003068202604300094358077,`169339570620260430122833184816,`oE02-6Cx8K1zoOGRZO8jCwUFBHzc,`JSAPI,`SUCCESS,`ABC_DEBIT,`CNY,`200.00,`0.00,`0,`0,`0.00,`0.00,`,`,`商户:香蜜闺秀-2019 电表:10101017 电表充值,`,`1.08000,`0.54%,`200.00,`0.00,`
`2026-04-30 00:04:35,`wx3e5c4e6bb99d7c8e,`1693395706,`0,`,`4200003068202604304026075277,`169339570620260430000430634224,`oE02-6C-Yu2YI4QRPwbGa_QC7qao,`JSAPI,`SUCCESS,`CMB_DEBIT,`CNY,`100.00,`0.00,`0,`0,`0.00,`0.00,`,`,`商户:发发桌球-4010 电表:10103009 电表充值,`,`0.54000,`0.54%,`100.00,`0.00,`
`2026-04-30 00:04:50,`wx3e5c4e6bb99d7c8e,`1693395706,`0,`,`4200003070202604305687050158,`169339570620260430000442893939,`oE02-6C-Yu2YI4QRPwbGa_QC7qao,`JSAPI,`SUCCESS,`CMB_DEBIT,`CNY,`100.00,`0.00,`0,`0,`0.00,`0.00,`,`,`商户:发发桌球专用电梯-4010-1 电表:10105044 电表充值,`,`0.54000,`0.54%,`100.00,`0.00,`
`2026-04-30 00:04:21,`wx3e5c4e6bb99d7c8e,`1693395706,`0,`,`4200003074202604304040234272,`169339570620260430000415130917,`oE02-6C-Yu2YI4QRPwbGa_QC7qao,`JSAPI,`SUCCESS,`CMB_DEBIT,`CNY,`200.00,`0.00,`0,`0,`0.00,`0.00,`,`,`商户:发发桌球-4009 电表:10103008 电表充值,`,`1.08000,`0.54%,`200.00,`0.00,`
`2026-04-30 12:48:33,`wx3e5c4e6bb99d7c8e,`1693395706,`0,`,`4200003084202604304555672376,`169339570620260430124826821749,`oE02-6BMgZRduYAi8Uq6bJ6qOVm0,`JSAPI,`SUCCESS,`CMBC_CREDIT,`CNY,`500.00,`0.00,`0,`0,`0.00,`0.00,`,`,`商户:珂尼莎蔓-2011B 电表:10101009 电表充值,`,`2.70000,`0.54%,`500.00,`0.00,`
`2026-04-30 00:03:53,`wx3e5c4e6bb99d7c8e,`1693395706,`0,`,`4200003086202604304533304283,`169339570620260430000347802948,`oE02-6C-Yu2YI4QRPwbGa_QC7qao,`JSAPI,`SUCCESS,`CMB_DEBIT,`CNY,`200.00,`0.00,`0,`0,`0.00,`0.00,`,`,`商户:发发桌球-4007 电表:10103006 电表充值,`,`1.08000,`0.54%,`200.00,`0.00,`
`2026-04-30 21:05:22,`wx3e5c4e6bb99d7c8e,`1693395706,`0,`,`4200003091202604306654201854,`16933957062026043021045090770,`oE02-6DkzC4n-C1tbBu2G8QgA6Tk,`JSAPI,`SUCCESS,`OTHERS,`CNY,`2000.00,`0.00,`0,`0,`0.00,`0.00,`,`,`商户:瞄一瞄-1001 电表:101B1001 电表充值,`,`10.80000,`0.54%,`2000.00,`0.00,`
`2026-04-30 14:45:55,`wx3e5c4e6bb99d7c8e,`1693395706,`0,`,`4200003126202604306916949948,`169339570620260430144546213638,`oE02-6NMh_QXwPNOIscWZnbscAtQ,`JSAPI,`SUCCESS,`OTHERS,`CNY,`1000.00,`0.00,`0,`0,`0.00,`0.00,`,`,`商户:科大讯飞-1033 电表:101B1033 电表充值,`,`5.40000,`0.54%,`1000.00,`0.00,`
`2026-04-30 12:02:43,`wx3e5c4e6bb99d7c8e,`1693395706,`0,`,`4200003131202604304228088847,`169339570620260430120232928388,`oE02-6Ck4UxbaML_Tf_BFkfKrsyw,`JSAPI,`SUCCESS,`COMM_CREDIT,`CNY,`200.00,`0.00,`0,`0,`0.00,`0.00,`,`,`商户:蛙赛牛蛙-5009 电表:10104029 电表充值,`,`1.08000,`0.54%,`200.00,`0.00,`
`2026-04-30 12:02:10,`wx3e5c4e6bb99d7c8e,`1693395706,`0,`,`4200003133202604303205053830,`169339570620260430120202206978,`oE02-6KJtCG4WvbeP6FF823vPcwU,`JSAPI,`SUCCESS,`OTHERS,`CNY,`20.00,`0.00,`0,`0,`0.00,`0.00,`,`,`商户:优学派-3032 电表:10102028 电表充值,`,`0.11000,`0.54%,`20.00,`0.00,`
`2026-04-30 09:40:37,`wx3e5c4e6bb99d7c8e,`1693395706,`0,`,`4200003133202604308803812901,`169339570620260430094025118595,`oE02-6BPAHYDHt6_ODlWOg1etQaM,`JSAPI,`SUCCESS,`COMM_CREDIT,`CNY,`50.00,`0.00,`0,`0,`0.00,`0.00,`,`,`商户:星辰弓射箭馆A-3026 电表:10102022 电表充值,`,`0.27000,`0.54%,`50.00,`0.00,`
`2026-04-30 00:04:07,`wx3e5c4e6bb99d7c8e,`1693395706,`0,`,`4200003134202604301095370971,`169339570620260430000400142469,`oE02-6C-Yu2YI4QRPwbGa_QC7qao,`JSAPI,`SUCCESS,`CMB_DEBIT,`CNY,`200.00,`0.00,`0,`0,`0.00,`0.00,`,`,`商户:发发桌球-4008 电表:10103007 电表充值,`,`1.08000,`0.54%,`200.00,`0.00,`
`2026-04-30 12:29:20,`wx3e5c4e6bb99d7c8e,`1693395706,`0,`,`4200003134202604301730680420,`169339570620260430122908947467,`oE02-6G0Spcwrbpj7hsnV4v2UlPg,`JSAPI,`SUCCESS,`OTHERS,`CNY,`200.00,`0.00,`0,`0,`0.00,`0.00,`,`,`商户:银点-2003 电表:10101003 电表充值,`,`1.08000,`0.54%,`200.00,`0.00,`
`2026-04-30 19:12:42,`wx3e5c4e6bb99d7c8e,`1693395706,`0,`,`4200003135202604308280853635,`169339570620260430191235865175,`oE02-6HT7KbWR4PwKR6hb-MBdbrU,`JSAPI,`SUCCESS,`OTHERS,`CNY,`1000.00,`0.00,`0,`0,`0.00,`0.00,`,`,`商户:几多全-1010 电表:101B1010 电表充值,`,`5.40000,`0.54%,`1000.00,`0.00,`
总交易单数,应结订单总金额,退款总金额,充值券退款总金额,手续费总金额,订单总金额,申请退款总金额
`402.0,`263065.0,`0.0,`0.0,`1420.56,`263065.0,`0.0