交易时间,公众账号ID,商户号,特约商户号,设备号,微信订单号,商户订单号,用户标识,交易类型,交易状态,付款银行,货币种类,应结订单金额,代金券金额,微信退款单号,商户退款单号,退款金额,充值券退款金额,退款类型,退款状态,商品名称,商户数据包,手续费,费率,订单金额,申请退款金额,费率备注
`2026-04-01 20:37:11,`wxfc262f382d61c3db,`1723333380,`0,`,`4200003049202604018248794132,`6a9e2076f4cc4410b00f6f41d666dc96,`obt9LviKDefZBwqFBsExjuTKGNec,`JSAPI,`SUCCESS,`OTHERS,`CNY,`3.00,`0.00,`0,`0,`0.00,`0.00,`,`,`停车费用,`,`0.02000,`0.54%,`3.00,`0.00,`
`2026-04-01 21:09:47,`wxfc262f382d61c3db,`1723333380,`0,`,`4200003050202604015910728250,`ea45909bafa7450796045c9ca98d7320,`obt9LvmVmzcrzvTNlOvBpNbRrFWI,`JSAPI,`SUCCESS,`OTHERS,`CNY,`3.00,`0.00,`0,`0,`0.00,`0.00,`,`,`停车费用,`,`0.02000,`0.54%,`3.00,`0.00,`
`2026-04-01 11:29:14,`wxfc262f382d61c3db,`1723333380,`0,`,`4200003050202604018529814406,`06fddd62eb084028a1cc6c563330b465,`obt9LvhGWAkbVPWgEWdU8azYt3UU,`JSAPI,`SUCCESS,`CITIC_CREDIT,`CNY,`3.00,`0.00,`0,`0,`0.00,`0.00,`,`,`停车费用,`,`0.02000,`0.54%,`3.00,`0.00,`
`2026-04-01 10:33:54,`wxfc262f382d61c3db,`1723333380,`0,`,`4200003052202604010885300971,`38d6f84d538e495cb6daad0e230947f4,`obt9LvvkEiyuH5pn_cE8158XOAUY,`JSAPI,`SUCCESS,`PAB_CREDIT,`CNY,`3.00,`0.00,`0,`0,`0.00,`0.00,`,`,`停车费用,`,`0.02000,`0.54%,`3.00,`0.00,`
`2026-04-01 11:45:21,`wxfc262f382d61c3db,`1723333380,`0,`,`4200003054202604014363774936,`a2ec3d3a2576494bb155b8046e855623,`obt9LvqrztrxHLTABOYtaFdDZfqw,`JSAPI,`SUCCESS,`CCB_CREDIT,`CNY,`6.00,`0.00,`0,`0,`0.00,`0.00,`,`,`停车费用,`,`0.03000,`0.54%,`6.00,`0.00,`
`2026-04-01 21:26:45,`wxfc262f382d61c3db,`1723333380,`0,`,`4200003054202604015927757640,`77727c91005946b99fd5cb086bc4f22c,`obt9Lvnrq9nV0gdRg4yWNex3Ae0Y,`JSAPI,`SUCCESS,`ABC_DEBIT,`CNY,`6.00,`0.00,`0,`0,`0.00,`0.00,`,`,`停车费用,`,`0.03000,`0.54%,`6.00,`0.00,`
`2026-04-01 11:56:15,`wxfc262f382d61c3db,`1723333380,`0,`,`4200003055202604014234917085,`9d8f375c7740443f9dc736dd5e6a1961,`obt9LvoBZSh9QCAZ6idwDDUqnZLo,`JSAPI,`SUCCESS,`OTHERS,`CNY,`6.00,`0.00,`0,`0,`0.00,`0.00,`,`,`停车费用,`,`0.03000,`0.54%,`6.00,`0.00,`
`2026-04-01 18:11:29,`wxfc262f382d61c3db,`1723333380,`0,`,`4200003055202604017478345558,`de891b5d4d614dcb8e40396187b3b8fc,`obt9Lvk-C30GQkDZOBPN0vOeglrI,`JSAPI,`SUCCESS,`OTHERS,`CNY,`3.00,`0.00,`0,`0,`0.00,`0.00,`,`,`停车费用,`,`0.02000,`0.54%,`3.00,`0.00,`
`2026-04-01 16:06:06,`wxfc262f382d61c3db,`1723333380,`0,`,`4200003056202604010230706209,`4c1eaa3740ab4801a7a5fb4fcc810ece,`obt9LvoRaciDwKeZKqx2_X1SXIYY,`JSAPI,`SUCCESS,`OTHERS,`CNY,`3.00,`0.00,`0,`0,`0.00,`0.00,`,`,`停车费用,`,`0.02000,`0.54%,`3.00,`0.00,`
`2026-04-01 20:37:17,`wxfc262f382d61c3db,`1723333380,`0,`,`4200003056202604011508894634,`795b84793a334b6abe3b2b6cfb85d252,`obt9LvoFm6Lihi-u7Eha1XSLZngE,`JSAPI,`SUCCESS,`OTHERS,`CNY,`9.00,`0.00,`0,`0,`0.00,`0.00,`,`,`停车费用,`,`0.05000,`0.54%,`9.00,`0.00,`
`2026-04-01 21:09:59,`wxfc262f382d61c3db,`1723333380,`0,`,`4200003057202604016447732086,`3d38baf5c196468ba8ab86c559e6a608,`obt9Lvl2Emr6ujU9a-8zPKbfP3zM,`JSAPI,`SUCCESS,`OTHERS,`CNY,`3.00,`0.00,`0,`0,`0.00,`0.00,`,`,`停车费用,`,`0.02000,`0.54%,`3.00,`0.00,`
`2026-04-01 21:37:07,`wxfc262f382d61c3db,`1723333380,`0,`,`4200003058202604017797517445,`76a4c904ad384ccb8dda21ed689f827a,`obt9Lvp8P6GHMblTWbBFGHBkavZU,`JSAPI,`SUCCESS,`BOC_DEBIT,`CNY,`3.00,`0.00,`0,`0,`0.00,`0.00,`,`,`停车费用,`,`0.02000,`0.54%,`3.00,`0.00,`
`2026-04-01 11:06:37,`wxfc262f382d61c3db,`1723333380,`0,`,`4200003062202604012728124511,`8393adf9fb264465ac7be610d4efc598,`obt9LvqD9m8kn5qRo1IswMwOOIus,`JSAPI,`SUCCESS,`OTHERS,`CNY,`3.00,`0.00,`0,`0,`0.00,`0.00,`,`,`停车费用,`,`0.02000,`0.54%,`3.00,`0.00,`
`2026-04-01 22:23:46,`wxfc262f382d61c3db,`1723333380,`0,`,`4200003063202604012503242645,`2c216b3db8ba41428a26225f8476a62d,`obt9LvnyHKG5oNi6b1Xzu7XfuN4Y,`JSAPI,`SUCCESS,`OTHERS,`CNY,`3.00,`0.00,`0,`0,`0.00,`0.00,`,`,`停车费用,`,`0.02000,`0.54%,`3.00,`0.00,`
`2026-04-01 20:33:21,`wxfc262f382d61c3db,`1723333380,`0,`,`4200003064202604011654613304,`a2f24ec7c3464165990345c8b029bc11,`obt9LvgJz_mJYja7ntffocbgc0BQ,`JSAPI,`SUCCESS,`OTHERS,`CNY,`3.00,`0.00,`0,`0,`0.00,`0.00,`,`,`停车费用,`,`0.02000,`0.54%,`3.00,`0.00,`
`2026-04-01 19:24:14,`wxfc262f382d61c3db,`1723333380,`0,`,`4200003066202604014726482827,`44a7ca6328404335ab9ec9bdb047a71a,`obt9LvpwTJFUjJ81e7EqsX95cjWQ,`JSAPI,`SUCCESS,`PAB_CREDIT,`CNY,`12.00,`0.00,`0,`0,`0.00,`0.00,`,`,`停车费用,`,`0.06000,`0.54%,`12.00,`0.00,`
`2026-04-01 16:47:46,`wxfc262f382d61c3db,`1723333380,`0,`,`4200003067202604011598592790,`91b6aa7462274b6daf3357da2028c429,`obt9Lvtka_cPkQPbD_v1catU4Jtk,`JSAPI,`SUCCESS,`OTHERS,`CNY,`3.00,`0.00,`0,`0,`0.00,`0.00,`,`,`停车费用,`,`0.02000,`0.54%,`3.00,`0.00,`
`2026-04-01 17:52:30,`wxfc262f382d61c3db,`1723333380,`0,`,`4200003068202604010274486794,`5401a18928bb4d3ca7f3715a4062ddc3,`obt9LvqS4OKi1NjGDXnEGFqC6jq4,`JSAPI,`SUCCESS,`OTHERS,`CNY,`3.00,`0.00,`0,`0,`0.00,`0.00,`,`,`停车费用,`,`0.02000,`0.54%,`3.00,`0.00,`
`2026-04-01 17:53:47,`wxfc262f382d61c3db,`1723333380,`0,`,`4200003068202604010630939438,`eac6f7617851404d873991990a3aee19,`obt9Lvig5XQf3yYVGRQZqq9G8dfU,`JSAPI,`SUCCESS,`OTHERS,`CNY,`3.00,`0.00,`0,`0,`0.00,`0.00,`,`,`停车费用,`,`0.02000,`0.54%,`3.00,`0.00,`
`2026-04-01 21:10:47,`wxfc262f382d61c3db,`1723333380,`0,`,`4200003069202604013500134536,`0197979b6101480793273c20a85e776b,`obt9Lvt-RsKUh9fkrqpug4zvaDGc,`JSAPI,`SUCCESS,`OTHERS,`CNY,`3.00,`0.00,`0,`0,`0.00,`0.00,`,`,`停车费用,`,`0.02000,`0.54%,`3.00,`0.00,`
`2026-04-01 21:38:31,`wxfc262f382d61c3db,`1723333380,`0,`,`4200003071202604012988153401,`4fd7e7cfe22044d1bc5f6a6c19156885,`obt9LvlPpbbdWRst60Ab-7sLym5U,`JSAPI,`SUCCESS,`OTHERS,`CNY,`3.00,`0.00,`0,`0,`0.00,`0.00,`,`,`停车费用,`,`0.02000,`0.54%,`3.00,`0.00,`
`2026-04-01 17:50:58,`wxfc262f382d61c3db,`1723333380,`0,`,`4200003071202604017374878484,`90ce5e06bc004a978ab302a25ad08d90,`obt9Lvs1htLg8sqmMw8tuIe4rfg0,`JSAPI,`SUCCESS,`OTHERS,`CNY,`3.00,`0.00,`0,`0,`0.00,`0.00,`,`,`停车费用,`,`0.02000,`0.54%,`3.00,`0.00,`
`2026-04-01 15:30:59,`wxfc262f382d61c3db,`1723333380,`0,`,`4200003074202604015736428970,`6ffd4704be7544d188551ea159d67123,`obt9Lvmhxu_sEWWMsRNLIt61LQqs,`JSAPI,`SUCCESS,`COMM_CREDIT,`CNY,`3.00,`0.00,`0,`0,`0.00,`0.00,`,`,`停车费用,`,`0.02000,`0.54%,`3.00,`0.00,`
`2026-04-01 19:24:30,`wxfc262f382d61c3db,`1723333380,`0,`,`4200003074202604019708298890,`6d720189a56c43898e9a0ca14427b590,`obt9LvnwePmCXsr3KOE8J6ATnGjY,`JSAPI,`SUCCESS,`OTHERS,`CNY,`15.00,`0.00,`0,`0,`0.00,`0.00,`,`,`停车费用,`,`0.08000,`0.54%,`15.00,`0.00,`
`2026-04-01 11:48:40,`wxfc262f382d61c3db,`1723333380,`0,`,`4200003075202604012464310467,`cb19a24ef2f84753a5e6b73a0ab46be5,`obt9Lvkvo3eByxWpMtIfUllZW3Es,`JSAPI,`SUCCESS,`CCB_DEBIT,`CNY,`6.00,`0.00,`0,`0,`0.00,`0.00,`,`,`停车费用,`,`0.03000,`0.54%,`6.00,`0.00,`
`2026-04-01 20:02:12,`wxfc262f382d61c3db,`1723333380,`0,`,`4200003075202604014053507767,`7bc6d864ccbc4a5a85850e5a516c01ac,`obt9LvrUyx6ECXn6Y09EbXGawBKA,`JSAPI,`SUCCESS,`OTHERS,`CNY,`15.00,`0.00,`0,`0,`0.00,`0.00,`,`,`停车费用,`,`0.08000,`0.54%,`15.00,`0.00,`
`2026-04-01 09:01:07,`wxfc262f382d61c3db,`1723333380,`0,`,`4200003075202604014576877328,`0f309ba4a73141bf8c65d4a88c0e0cde,`obt9LvqvDhHcI_fNWgJGe90HxVaw,`JSAPI,`SUCCESS,`OTHERS,`CNY,`24.00,`0.00,`0,`0,`0.00,`0.00,`,`,`停车费用,`,`0.13000,`0.54%,`24.00,`0.00,`
`2026-04-01 19:54:29,`wxfc262f382d61c3db,`1723333380,`0,`,`4200003075202604016776549164,`abda1c04848945ea827b7b6ef3da33ea,`obt9Lvqcdr_fqoSpBa_AUUC-wCm0,`JSAPI,`SUCCESS,`OTHERS,`CNY,`6.00,`0.00,`0,`0,`0.00,`0.00,`,`,`停车费用,`,`0.03000,`0.54%,`6.00,`0.00,`
`2026-04-01 09:44:57,`wxfc262f382d61c3db,`1723333380,`0,`,`4200003076202604013622004943,`8f035b5ad68b4d20988294a268b1487f,`obt9LvtLJbthBJJwQSkF7waI8Igg,`JSAPI,`SUCCESS,`CITIC_DEBIT,`CNY,`150.00,`0.00,`0,`0,`0.00,`0.00,`,`,`停车费用,`,`0.81000,`0.54%,`150.00,`0.00,`
`2026-04-01 12:05:24,`wxfc262f382d61c3db,`1723333380,`0,`,`4200003078202604012494230839,`bdcbc01368ae4d60a128b59d48edaded,`obt9Lvss__01bD9wsU0vINDfNIMs,`JSAPI,`SUCCESS,`OTHERS,`CNY,`6.00,`0.00,`0,`0,`0.00,`0.00,`,`,`停车费用,`,`0.03000,`0.54%,`6.00,`0.00,`
`2026-04-01 18:45:33,`wxfc262f382d61c3db,`1723333380,`0,`,`4200003078202604013070314580,`904600669ec24736897e880023a5a8e5,`obt9Lvhbc8BSubkddi4o24YSgXMo,`JSAPI,`SUCCESS,`COMM_CREDIT,`CNY,`3.00,`0.00,`0,`0,`0.00,`0.00,`,`,`停车费用,`,`0.02000,`0.54%,`3.00,`0.00,`
`2026-04-01 17:31:07,`wxfc262f382d61c3db,`1723333380,`0,`,`4200003078202604013481344613,`0f491f7e3f25410dbb7e684c1f395a1f,`obt9LviYpa6XcVTdaC18PWBIvdso,`JSAPI,`SUCCESS,`OTHERS,`CNY,`6.00,`0.00,`0,`0,`0.00,`0.00,`,`,`停车费用,`,`0.03000,`0.54%,`6.00,`0.00,`
`2026-04-01 21:44:52,`wxfc262f382d61c3db,`1723333380,`0,`,`4200003078202604014116831300,`0f826731b4484a2e987453400dd8bf40,`obt9Lvqv9AAqxRnsyRUYCXyGwdxE,`JSAPI,`SUCCESS,`SPDB_CREDIT,`CNY,`3.00,`0.00,`0,`0,`0.00,`0.00,`,`,`停车费用,`,`0.02000,`0.54%,`3.00,`0.00,`
`2026-04-01 15:21:17,`wxfc262f382d61c3db,`1723333380,`0,`,`4200003079202604013350935182,`aa75b48ad4594c3fb60d74af423bd34f,`obt9Lvj2H9atVl07rvzR4Zwfuu4c,`JSAPI,`SUCCESS,`OTHERS,`CNY,`9.00,`0.00,`0,`0,`0.00,`0.00,`,`,`停车费用,`,`0.05000,`0.54%,`9.00,`0.00,`
`2026-04-01 18:15:09,`wxfc262f382d61c3db,`1723333380,`0,`,`4200003081202604011818920059,`a59555d25c264e44a4b50838d16c0442,`obt9Lvkvo3eByxWpMtIfUllZW3Es,`JSAPI,`SUCCESS,`CCB_DEBIT,`CNY,`6.00,`0.00,`0,`0,`0.00,`0.00,`,`,`停车费用,`,`0.03000,`0.54%,`6.00,`0.00,`
`2026-04-01 11:07:53,`wxfc262f382d61c3db,`1723333380,`0,`,`4200003081202604013863392526,`eadc968866254c32895524823f0bdc3a,`obt9LvqhZ9owWqHo3oUy5yzpTlD0,`JSAPI,`SUCCESS,`OTHERS,`CNY,`3.00,`0.00,`0,`0,`0.00,`0.00,`,`,`停车费用,`,`0.02000,`0.54%,`3.00,`0.00,`
`2026-04-01 11:02:08,`wxfc262f382d61c3db,`1723333380,`0,`,`4200003081202604016221059660,`47750fe17af44dd89ac829fcbcd27229,`obt9LvvhpaE8Df1tvqrU2elNyhE4,`JSAPI,`SUCCESS,`PAB_DEBIT,`CNY,`3.00,`0.00,`0,`0,`0.00,`0.00,`,`,`停车费用,`,`0.02000,`0.54%,`3.00,`0.00,`
`2026-04-01 11:05:29,`wxfc262f382d61c3db,`1723333380,`0,`,`4200003082202604012649232528,`c681f27f9bf94947a43d6d9dffdb6a4e,`obt9LvqC1F6UBewL1DTG46m8UKXs,`JSAPI,`SUCCESS,`PAB_DEBIT,`CNY,`6.00,`0.00,`0,`0,`0.00,`0.00,`,`,`停车费用,`,`0.03000,`0.54%,`6.00,`0.00,`
`2026-04-01 22:02:37,`wxfc262f382d61c3db,`1723333380,`0,`,`4200003082202604012885589032,`d677017913f0490fb725e195b866c6fd,`obt9Lvun1dP_Y-WPT2M1aLS84HN8,`JSAPI,`SUCCESS,`ABC_DEBIT,`CNY,`3.00,`0.00,`0,`0,`0.00,`0.00,`,`,`停车费用,`,`0.02000,`0.54%,`3.00,`0.00,`
`2026-04-01 10:48:33,`wxfc262f382d61c3db,`1723333380,`0,`,`4200003083202604011768025036,`78f8e915bb7d4c08a59e33108be67a44,`obt9LvoPdnOkN61ZLVAjSQQX3HBk,`JSAPI,`SUCCESS,`ICBC_DEBIT,`CNY,`3.00,`0.00,`0,`0,`0.00,`0.00,`,`,`停车费用,`,`0.02000,`0.54%,`3.00,`0.00,`
`2026-04-01 20:21:53,`wxfc262f382d61c3db,`1723333380,`0,`,`4200003084202604017122269871,`154ae535219842bbafadf244b967c290,`obt9LvrzhX7qns6xwRx8xnynhcR0,`JSAPI,`SUCCESS,`OTHERS,`CNY,`3.00,`0.00,`0,`0,`0.00,`0.00,`,`,`停车费用,`,`0.02000,`0.54%,`3.00,`0.00,`
`2026-04-01 20:36:11,`wxfc262f382d61c3db,`1723333380,`0,`,`4200003085202604010739097404,`0b181691b06d487395c6a2f511b6ed4a,`obt9Lvo--nctgBXulequbIWXizOE,`JSAPI,`SUCCESS,`CCB_DEBIT,`CNY,`3.00,`0.00,`0,`0,`0.00,`0.00,`,`,`停车费用,`,`0.02000,`0.54%,`3.00,`0.00,`
`2026-04-01 19:35:12,`wxfc262f382d61c3db,`1723333380,`0,`,`4200003085202604012894586824,`b34a3fcdc4d943a79f308b83a6bfb4b0,`obt9Lvk5J03TgxkW_yglbMx_mKHA,`JSAPI,`SUCCESS,`OTHERS,`CNY,`6.00,`0.00,`0,`0,`0.00,`0.00,`,`,`停车费用,`,`0.03000,`0.54%,`6.00,`0.00,`
`2026-04-01 10:35:51,`wxfc262f382d61c3db,`1723333380,`0,`,`4200003085202604019438144421,`e28908f7bcc7419eb16fad6ae01e716d,`obt9LvmoPToyJEt0zYHU732LdFfA,`JSAPI,`SUCCESS,`OTHERS,`CNY,`3.00,`0.00,`0,`0,`0.00,`0.00,`,`,`停车费用,`,`0.02000,`0.54%,`3.00,`0.00,`
`2026-04-01 22:41:42,`wxfc262f382d61c3db,`1723333380,`0,`,`4200003087202604010027659553,`fc7e97290755477da0b6319e714aa3f2,`obt9LvktVCziyqb7huPeAwD3rq2E,`JSAPI,`SUCCESS,`BOC_DEBIT,`CNY,`3.00,`0.00,`0,`0,`0.00,`0.00,`,`,`停车费用,`,`0.02000,`0.54%,`3.00,`0.00,`
`2026-04-01 13:02:40,`wxfc262f382d61c3db,`1723333380,`0,`,`4200003087202604012312754739,`b30c71e89e3a43a98371ceb518305d1c,`obt9LvqLH2wb6iEwkVg1EwUepzr0,`JSAPI,`SUCCESS,`OTHERS,`CNY,`3.00,`0.00,`0,`0,`0.00,`0.00,`,`,`停车费用,`,`0.02000,`0.54%,`3.00,`0.00,`
`2026-04-01 18:05:21,`wxfc262f382d61c3db,`1723333380,`0,`,`4200003087202604018476613303,`afea92b827544e48ae64116d3796b8fb,`obt9Lvr6OoPJJ2UftgRZJn4K3ssw,`JSAPI,`SUCCESS,`CCB_DEBIT,`CNY,`3.00,`0.00,`0,`0,`0.00,`0.00,`,`,`停车费用,`,`0.02000,`0.54%,`3.00,`0.00,`
`2026-04-01 20:00:54,`wxfc262f382d61c3db,`1723333380,`0,`,`4200003087202604019203775932,`5f2e4dad614f42019554e1f3a75f13d3,`obt9LvkWGHjTKWl8YDZCHqveNJIE,`JSAPI,`SUCCESS,`ABC_DEBIT,`CNY,`6.00,`0.00,`0,`0,`0.00,`0.00,`,`,`停车费用,`,`0.03000,`0.54%,`6.00,`0.00,`
`2026-04-01 18:10:38,`wxfc262f382d61c3db,`1723333380,`0,`,`4200003088202604018323324762,`754cac363ebf4dcfbb40246ef2ee923e,`obt9LvgOTNvadCVcJwr0mkVoA7ss,`JSAPI,`SUCCESS,`OTHERS,`CNY,`3.00,`0.00,`0,`0,`0.00,`0.00,`,`,`停车费用,`,`0.02000,`0.54%,`3.00,`0.00,`
`2026-04-01 20:43:57,`wxfc262f382d61c3db,`1723333380,`0,`,`4200003089202604010338121994,`ee6044415cf8404aac8702fd2e550322,`obt9Lvm-PbS2-Xn6ZU9sL-q9Xoss,`JSAPI,`SUCCESS,`OTHERS,`CNY,`3.00,`0.00,`0,`0,`0.00,`0.00,`,`,`停车费用,`,`0.02000,`0.54%,`3.00,`0.00,`
`2026-04-01 10:32:11,`wxfc262f382d61c3db,`1723333380,`0,`,`4200003090202604012595596391,`1caa6ae55b154e03858320068ef162d0,`obt9LvvkuRyB0VnAw_Ik5-54kTeQ,`JSAPI,`SUCCESS,`PAB_CREDIT,`CNY,`3.00,`0.00,`0,`0,`0.00,`0.00,`,`,`停车费用,`,`0.02000,`0.54%,`3.00,`0.00,`
`2026-04-01 10:41:30,`wxfc262f382d61c3db,`1723333380,`0,`,`4200003090202604017559645472,`0b3a3b84415747d9bcf95a45f5270c2d,`obt9LvnV5WKX_3DVAONoJs6MtBHQ,`JSAPI,`SUCCESS,`PAB_CREDIT,`CNY,`3.00,`0.00,`0,`0,`0.00,`0.00,`,`,`停车费用,`,`0.02000,`0.54%,`3.00,`0.00,`
`2026-04-01 11:29:41,`wxfc262f382d61c3db,`1723333380,`0,`,`4200003090202604018348484740,`82249b61a1df4dd3a0744d44ced7269d,`obt9Lvss11k1m7fo-U2SNt3QRJ7s,`JSAPI,`SUCCESS,`OTHERS,`CNY,`6.00,`0.00,`0,`0,`0.00,`0.00,`,`,`停车费用,`,`0.03000,`0.54%,`6.00,`0.00,`
`2026-04-01 21:20:31,`wxfc262f382d61c3db,`1723333380,`0,`,`4200003091202604015192930476,`f8d8ed162d994b8abfe0bd555fb68902,`obt9LvlHQkoL07kXpnzf0lHSUFPI,`JSAPI,`SUCCESS,`OTHERS,`CNY,`6.00,`0.00,`0,`0,`0.00,`0.00,`,`,`停车费用,`,`0.03000,`0.54%,`6.00,`0.00,`
`2026-04-01 21:13:59,`wxfc262f382d61c3db,`1723333380,`0,`,`4200003092202604012280494684,`9c3b64023b5b4dcaa7297bae85b4e51d,`obt9LvkM8ga_KILfitym7bgwRSz0,`JSAPI,`SUCCESS,`OTHERS,`CNY,`6.00,`0.00,`0,`0,`0.00,`0.00,`,`,`停车费用,`,`0.03000,`0.54%,`6.00,`0.00,`
`2026-04-01 19:42:04,`wxfc262f382d61c3db,`1723333380,`0,`,`4200003092202604013880989998,`134cfeb3c6eb4f778662747d608b0602,`obt9LvpCCox-SsU37qBNc9ILKf-g,`JSAPI,`SUCCESS,`OTHERS,`CNY,`3.00,`0.00,`0,`0,`0.00,`0.00,`,`,`停车费用,`,`0.02000,`0.54%,`3.00,`0.00,`
`2026-04-01 17:42:17,`wxfc262f382d61c3db,`1723333380,`0,`,`4200003092202604016239450984,`1dd17d737bb54af3895140bbd5dc079b,`obt9LvjEumhN8wlyTC7qmVym-zrQ,`JSAPI,`SUCCESS,`OTHERS,`CNY,`9.00,`0.00,`0,`0,`0.00,`0.00,`,`,`停车费用,`,`0.05000,`0.54%,`9.00,`0.00,`
`2026-04-01 10:40:36,`wxfc262f382d61c3db,`1723333380,`0,`,`4200003094202604011949380328,`5314eab9be24465f895faa59861c9d5c,`obt9Lvp-ZwCtyglOhY-JshlM_nHw,`JSAPI,`SUCCESS,`OTHERS,`CNY,`6.00,`0.00,`0,`0,`0.00,`0.00,`,`,`停车费用,`,`0.03000,`0.54%,`6.00,`0.00,`
`2026-04-01 11:15:01,`wxfc262f382d61c3db,`1723333380,`0,`,`4200003094202604016701292199,`2f6dadb504304dcd88a93127e20a4319,`obt9LvgzKlicJEY5T0U3OgtrvLa8,`JSAPI,`SUCCESS,`OTHERS,`CNY,`3.00,`0.00,`0,`0,`0.00,`0.00,`,`,`停车费用,`,`0.02000,`0.54%,`3.00,`0.00,`
`2026-04-01 21:28:38,`wxfc262f382d61c3db,`1723333380,`0,`,`4200003094202604018433575746,`c997c0333b3a4da89339fde00b8fcb35,`obt9Lvks41GTy4vULYnZ5IVkraMc,`JSAPI,`SUCCESS,`OTHERS,`CNY,`27.00,`0.00,`0,`0,`0.00,`0.00,`,`,`停车费用,`,`0.15000,`0.54%,`27.00,`0.00,`
`2026-04-01 11:57:48,`wxfc262f382d61c3db,`1723333380,`0,`,`4200003096202604013582592584,`cf031216d7934df8b89b8c35ec35a99b,`obt9LvoyWYq20Yg3iUuG-FPd7z48,`JSAPI,`SUCCESS,`CCB_DEBIT,`CNY,`30.00,`0.00,`0,`0,`0.00,`0.00,`,`,`停车费用,`,`0.16000,`0.54%,`30.00,`0.00,`
`2026-04-01 21:35:06,`wxfc262f382d61c3db,`1723333380,`0,`,`4200003096202604013906249689,`0c998846acc24fe4807af741a03e97a9,`obt9LvvyBoBSzL7VPf3N-r0gBzn8,`JSAPI,`SUCCESS,`OTHERS,`CNY,`6.00,`0.00,`0,`0,`0.00,`0.00,`,`,`停车费用,`,`0.03000,`0.54%,`6.00,`0.00,`
`2026-04-01 20:24:03,`wxfc262f382d61c3db,`1723333380,`0,`,`4200003096202604016932769706,`7e117453587f471f9e60d3b21f87c118,`obt9Lvle8P8uuGvzxQSvblKwBIGE,`JSAPI,`SUCCESS,`CCB_CREDIT,`CNY,`3.00,`0.00,`0,`0,`0.00,`0.00,`,`,`停车费用,`,`0.02000,`0.54%,`3.00,`0.00,`
`2026-04-01 20:03:37,`wxfc262f382d61c3db,`1723333380,`0,`,`4200003096202604019046104012,`ab71cf21cd4e40e7bff30c543828eecd,`obt9LvhVwcck3twnWOjqCZINadA8,`JSAPI,`SUCCESS,`OTHERS,`CNY,`9.00,`0.00,`0,`0,`0.00,`0.00,`,`,`停车费用,`,`0.05000,`0.54%,`9.00,`0.00,`
`2026-04-01 10:44:43,`wxfc262f382d61c3db,`1723333380,`0,`,`4200003126202604015011534215,`f9cc3ad063e4483583300171fbc8beb8,`obt9LvsMjGT6Qsc-PWQxnHkwfX4s,`JSAPI,`SUCCESS,`OTHERS,`CNY,`3.00,`0.00,`0,`0,`0.00,`0.00,`,`,`停车费用,`,`0.02000,`0.54%,`3.00,`0.00,`
`2026-04-01 02:22:23,`wxfc262f382d61c3db,`1723333380,`0,`,`4200003127202604013558357804,`c90659ce8dfa45699c699f5291df6e41,`obt9LvjooxI3_dKUH-hwQlrLNuPw,`JSAPI,`SUCCESS,`OTHERS,`CNY,`6.00,`0.00,`0,`0,`0.00,`0.00,`,`,`停车费用,`,`0.03000,`0.54%,`6.00,`0.00,`
`2026-04-01 10:41:48,`wxfc262f382d61c3db,`1723333380,`0,`,`4200003127202604016058786136,`190528825f7d4e3c9f31f297c966195d,`obt9Lvnqn_SUmkowHqT_XqowyUt8,`JSAPI,`SUCCESS,`OTHERS,`CNY,`3.00,`0.00,`0,`0,`0.00,`0.00,`,`,`停车费用,`,`0.02000,`0.54%,`3.00,`0.00,`
`2026-04-01 19:48:40,`wxfc262f382d61c3db,`1723333380,`0,`,`4200003129202604011251851838,`e8d4ae47370649ce9ff964b7ebda8119,`obt9LvjDhWRlN60Jooit8aeO247U,`JSAPI,`SUCCESS,`OTHERS,`CNY,`9.00,`0.00,`0,`0,`0.00,`0.00,`,`,`停车费用,`,`0.05000,`0.54%,`9.00,`0.00,`
`2026-04-01 21:31:52,`wxfc262f382d61c3db,`1723333380,`0,`,`4200003129202604014365646290,`5b5ded4d2bfa4b409a601a69df11e0a6,`obt9LvmefYyMGm80gKVsIESJm1Jw,`JSAPI,`SUCCESS,`OTHERS,`CNY,`3.00,`0.00,`0,`0,`0.00,`0.00,`,`,`停车费用,`,`0.02000,`0.54%,`3.00,`0.00,`
`2026-04-01 22:23:42,`wxfc262f382d61c3db,`1723333380,`0,`,`4200003129202604015563902842,`3f0ede7b361143e9a2595f11faa21067,`obt9LvqIsojqgpdrBKqL-Q0oxRj4,`JSAPI,`SUCCESS,`OTHERS,`CNY,`3.00,`0.00,`0,`0,`0.00,`0.00,`,`,`停车费用,`,`0.02000,`0.54%,`3.00,`0.00,`
`2026-04-01 11:05:02,`wxfc262f382d61c3db,`1723333380,`0,`,`4200003132202604010217665005,`a4a2f9acf20e40fd8f3d69311c597004,`obt9LvlmpKA5FPIDEvm1spnsvJV4,`JSAPI,`SUCCESS,`OTHERS,`CNY,`3.00,`0.00,`0,`0,`0.00,`0.00,`,`,`停车费用,`,`0.02000,`0.54%,`3.00,`0.00,`
`2026-04-01 13:29:11,`wxfc262f382d61c3db,`1723333380,`0,`,`4200003132202604019805295718,`7a42e036f96a4c02976d9636f758a4bb,`obt9LvssQ9InKxskkBROzk4vBBFU,`JSAPI,`SUCCESS,`OTHERS,`CNY,`6.00,`0.00,`0,`0,`0.00,`0.00,`,`,`停车费用,`,`0.03000,`0.54%,`6.00,`0.00,`
`2026-04-01 20:41:31,`wxfc262f382d61c3db,`1723333380,`0,`,`4200003133202604013202082216,`7ce73602a6ea40ebb43e04f9bd6730cd,`obt9Lvl3Oqo4X9IOpNjR1ptUmY2Y,`JSAPI,`SUCCESS,`OTHERS,`CNY,`3.00,`0.00,`0,`0,`0.00,`0.00,`,`,`停车费用,`,`0.02000,`0.54%,`3.00,`0.00,`
`2026-04-01 17:40:22,`wxfc262f382d61c3db,`1723333380,`0,`,`4200003140202604017694294298,`46a384845ab041fcae2e8ec116c6e486,`obt9LvnteK1BPUY-pC_sw6l5SPhw,`JSAPI,`SUCCESS,`OTHERS,`CNY,`3.00,`0.00,`0,`0,`0.00,`0.00,`,`,`停车费用,`,`0.02000,`0.54%,`3.00,`0.00,`
`2026-04-02 17:01:39,`wxfc262f382d61c3db,`1723333380,`0,`,`4200003049202604021519824176,`117bc677b8184d5db2f212bd62e5cec8,`obt9LvqeEX_hg8F46sVo-OfOcU_w,`JSAPI,`SUCCESS,`OTHERS,`CNY,`9.00,`0.00,`0,`0,`0.00,`0.00,`,`,`停车费用,`,`0.05000,`0.54%,`9.00,`0.00,`
`2026-04-02 10:51:37,`wxfc262f382d61c3db,`1723333380,`0,`,`4200003049202604022265479600,`27493d58bc954f5a92cfbd41b988c55c,`obt9Lvp-ZwCtyglOhY-JshlM_nHw,`JSAPI,`SUCCESS,`PAB_DEBIT,`CNY,`3.00,`0.00,`0,`0,`0.00,`0.00,`,`,`停车费用,`,`0.02000,`0.54%,`3.00,`0.00,`
`2026-04-02 20:31:51,`wxfc262f382d61c3db,`1723333380,`0,`,`4200003050202604021371300163,`bab7d7e7dc2c4c61be9c7e1828678b7e,`obt9LvovudqF4Z-jiH60WpjjdoPI,`JSAPI,`SUCCESS,`OTHERS,`CNY,`3.00,`0.00,`0,`0,`0.00,`0.00,`,`,`停车费用,`,`0.02000,`0.54%,`3.00,`0.00,`
`2026-04-02 17:47:01,`wxfc262f382d61c3db,`1723333380,`0,`,`4200003052202604025068022201,`b5f3c83190d7476ab62413fc3b7ac976,`obt9Lvkvo3eByxWpMtIfUllZW3Es,`JSAPI,`SUCCESS,`CCB_DEBIT,`CNY,`6.00,`0.00,`0,`0,`0.00,`0.00,`,`,`停车费用,`,`0.03000,`0.54%,`6.00,`0.00,`
`2026-04-02 19:31:14,`wxfc262f382d61c3db,`1723333380,`0,`,`4200003052202604026768988081,`484bf448485b4288b896870a4f0c365a,`obt9LvqoY8UmfUeAbYbiewH8nhyk,`JSAPI,`SUCCESS,`ICBC_DEBIT,`CNY,`6.00,`0.00,`0,`0,`0.00,`0.00,`,`,`停车费用,`,`0.03000,`0.54%,`6.00,`0.00,`
`2026-04-02 18:23:45,`wxfc262f382d61c3db,`1723333380,`0,`,`4200003054202604021001145731,`6b0125e1f2e048d59bce86453af933a3,`obt9LvuLEZqOCPRpGRhHvonbxg4Y,`JSAPI,`SUCCESS,`OTHERS,`CNY,`3.00,`0.00,`0,`0,`0.00,`0.00,`,`,`停车费用,`,`0.02000,`0.54%,`3.00,`0.00,`
`2026-04-02 11:12:51,`wxfc262f382d61c3db,`1723333380,`0,`,`4200003055202604026178215670,`fda81113b6ed4de4b5244aa82c611798,`obt9LvqD9m8kn5qRo1IswMwOOIus,`JSAPI,`SUCCESS,`OTHERS,`CNY,`6.00,`0.00,`0,`0,`0.00,`0.00,`,`,`停车费用,`,`0.03000,`0.54%,`6.00,`0.00,`
`2026-04-02 18:23:00,`wxfc262f382d61c3db,`1723333380,`0,`,`4200003056202604020110541609,`567bb9387c404f84893e96c4f461f439,`obt9Lvl-5UtXGbhNiGpW2M3exZWI,`JSAPI,`SUCCESS,`OTHERS,`CNY,`6.00,`0.00,`0,`0,`0.00,`0.00,`,`,`停车费用,`,`0.03000,`0.54%,`6.00,`0.00,`
`2026-04-02 18:16:04,`wxfc262f382d61c3db,`1723333380,`0,`,`4200003056202604023056283348,`a4e5812ece634c7b97c8cb18c43468ff,`obt9LvkwjONmM5rK9lShS9kqaSmw,`JSAPI,`SUCCESS,`CCB_DEBIT,`CNY,`3.00,`0.00,`0,`0,`0.00,`0.00,`,`,`停车费用,`,`0.02000,`0.54%,`3.00,`0.00,`
`2026-04-02 11:11:28,`wxfc262f382d61c3db,`1723333380,`0,`,`4200003057202604020767100508,`a3aad7a083aa4a8abd9e10652e35ea47,`obt9Lvih882QTYBOXxHK5XvDBjaM,`JSAPI,`SUCCESS,`PAB_DEBIT,`CNY,`3.00,`0.00,`0,`0,`0.00,`0.00,`,`,`停车费用,`,`0.02000,`0.54%,`3.00,`0.00,`
`2026-04-02 23:51:04,`wxfc262f382d61c3db,`1723333380,`0,`,`4200003057202604029840525550,`36e626f5b7b44067a93ecd9976f994d6,`obt9Lvg-hOuUJzKM516Rnoi8rx9E,`JSAPI,`SUCCESS,`OTHERS,`CNY,`6.00,`0.00,`0,`0,`0.00,`0.00,`,`,`停车费用,`,`0.03000,`0.54%,`6.00,`0.00,`
`2026-04-02 13:32:17,`wxfc262f382d61c3db,`1723333380,`0,`,`4200003058202604029225456814,`2cedd39885784ac88b6ab22e0e08666d,`obt9LvqnFsfK8abMplNIebTTK5Ds,`JSAPI,`SUCCESS,`CITIC_CREDIT,`CNY,`3.00,`0.00,`0,`0,`0.00,`0.00,`,`,`停车费用,`,`0.02000,`0.54%,`3.00,`0.00,`
`2026-04-02 20:18:32,`wxfc262f382d61c3db,`1723333380,`0,`,`4200003061202604023531390597,`a93391f548c944edb8075ad0086e6691,`obt9LvmYZ7l_3t8DMFtbghqOcE0U,`JSAPI,`SUCCESS,`ICBC_DEBIT,`CNY,`15.00,`0.00,`0,`0,`0.00,`0.00,`,`,`停车费用,`,`0.08000,`0.54%,`15.00,`0.00,`
`2026-04-02 21:28:39,`wxfc262f382d61c3db,`1723333380,`0,`,`4200003061202604027667103037,`412f8380703c4ccd902255f69742872f,`obt9Lvv026aFVxapzp2xS_5nHmUc,`JSAPI,`SUCCESS,`OTHERS,`CNY,`3.00,`0.00,`0,`0,`0.00,`0.00,`,`,`停车费用,`,`0.02000,`0.54%,`3.00,`0.00,`
`2026-04-02 14:48:27,`wxfc262f382d61c3db,`1723333380,`0,`,`4200003062202604021858236770,`eca97486ac784237b7a0efa860b57df3,`obt9LvgZJBddTU_RGU3FUCi9ZSsE,`JSAPI,`SUCCESS,`CCB_DEBIT,`CNY,`12.00,`0.00,`0,`0,`0.00,`0.00,`,`,`停车费用,`,`0.06000,`0.54%,`12.00,`0.00,`
`2026-04-02 21:06:11,`wxfc262f382d61c3db,`1723333380,`0,`,`4200003062202604023432458145,`e6b77d22e79f46769621a238d642dfd4,`obt9LvsY2TQqHwqpXZxYMziHHsXA,`JSAPI,`SUCCESS,`OTHERS,`CNY,`6.00,`0.00,`0,`0,`0.00,`0.00,`,`,`停车费用,`,`0.03000,`0.54%,`6.00,`0.00,`
`2026-04-02 17:26:14,`wxfc262f382d61c3db,`1723333380,`0,`,`4200003062202604024479724148,`e72b430241734a52bff8b230750821f0,`obt9LvqWKYhKx3fuiMXoQKV_45uk,`JSAPI,`SUCCESS,`ABC_DEBIT,`CNY,`6.00,`0.00,`0,`0,`0.00,`0.00,`,`,`停车费用,`,`0.03000,`0.54%,`6.00,`0.00,`
`2026-04-02 17:34:39,`wxfc262f382d61c3db,`1723333380,`0,`,`4200003062202604025556471046,`b057d76a8d7b4de6b3d1b2efba238818,`obt9Lvj8lQ2QCgfH1WVjTeL1Bk08,`JSAPI,`SUCCESS,`OTHERS,`CNY,`12.00,`0.00,`0,`0,`0.00,`0.00,`,`,`停车费用,`,`0.06000,`0.54%,`12.00,`0.00,`
`2026-04-02 19:34:02,`wxfc262f382d61c3db,`1723333380,`0,`,`4200003063202604022104640799,`e4f5662143454948a68400ae68c639c7,`obt9LvsaULl79VyoRV1xn9BPEAtA,`JSAPI,`SUCCESS,`OTHERS,`CNY,`9.00,`0.00,`0,`0,`0.00,`0.00,`,`,`停车费用,`,`0.05000,`0.54%,`9.00,`0.00,`
`2026-04-02 16:31:05,`wxfc262f382d61c3db,`1723333380,`0,`,`4200003063202604025414273101,`14fd6187895b42238e5593919f73c06a,`obt9LvgzKlicJEY5T0U3OgtrvLa8,`JSAPI,`SUCCESS,`OTHERS,`CNY,`3.00,`0.00,`0,`0,`0.00,`0.00,`,`,`停车费用,`,`0.02000,`0.54%,`3.00,`0.00,`
`2026-04-02 14:08:15,`wxfc262f382d61c3db,`1723333380,`0,`,`4200003063202604026099208635,`22c0980311c54dff93a2385e5737bfd9,`obt9LvlRvqfZr1NgeKIdynQsXQww,`JSAPI,`SUCCESS,`OTHERS,`CNY,`6.00,`0.00,`0,`0,`0.00,`0.00,`,`,`停车费用,`,`0.03000,`0.54%,`6.00,`0.00,`
`2026-04-02 15:59:06,`wxfc262f382d61c3db,`1723333380,`0,`,`4200003064202604023748527384,`ff8fdce002834190bc002d8d163f8525,`obt9Lvp1GHTObWNU3FL6dIBOBWnw,`JSAPI,`SUCCESS,`OTHERS,`CNY,`6.00,`0.00,`0,`0,`0.00,`0.00,`,`,`停车费用,`,`0.03000,`0.54%,`6.00,`0.00,`
`2026-04-02 18:49:33,`wxfc262f382d61c3db,`1723333380,`0,`,`4200003064202604025662179606,`6d764a3c92684e4a9ee4fbdac82e66c9,`obt9LvufY3xmX4kXw_-o2EOHU8Gw,`JSAPI,`SUCCESS,`OTHERS,`CNY,`3.00,`0.00,`0,`0,`0.00,`0.00,`,`,`停车费用,`,`0.02000,`0.54%,`3.00,`0.00,`
`2026-04-02 22:44:35,`wxfc262f382d61c3db,`1723333380,`0,`,`4200003065202604023189065189,`fd9091a006614cd6986ddcd3820344cb,`obt9Lvg3AWwlk3dBwZ72BK275AaI,`JSAPI,`SUCCESS,`PAB_CREDIT,`CNY,`15.00,`0.00,`0,`0,`0.00,`0.00,`,`,`停车费用,`,`0.08000,`0.54%,`15.00,`0.00,`
`2026-04-02 11:19:48,`wxfc262f382d61c3db,`1723333380,`0,`,`4200003066202604028375591862,`e87144b88c834eda9a4427e7d02a33df,`obt9LvpdheKmq2rqoZU-e6JAIz7c,`JSAPI,`SUCCESS,`OTHERS,`CNY,`3.00,`0.00,`0,`0,`0.00,`0.00,`,`,`停车费用,`,`0.02000,`0.54%,`3.00,`0.00,`
`2026-04-02 16:54:53,`wxfc262f382d61c3db,`1723333380,`0,`,`4200003066202604029347736219,`297af50029cd413caec52cb089ad2ed8,`obt9LvkCl8YV1WUWRh-5Jxyp2DbQ,`JSAPI,`SUCCESS,`OTHERS,`CNY,`3.00,`0.00,`0,`0,`0.00,`0.00,`,`,`停车费用,`,`0.02000,`0.54%,`3.00,`0.00,`
`2026-04-02 10:56:21,`wxfc262f382d61c3db,`1723333380,`0,`,`4200003068202604023117363019,`ae5358658fe64ded90190f7bbecc1cd1,`obt9LvnV5WKX_3DVAONoJs6MtBHQ,`JSAPI,`SUCCESS,`PAB_CREDIT,`CNY,`3.00,`0.00,`0,`0,`0.00,`0.00,`,`,`停车费用,`,`0.02000,`0.54%,`3.00,`0.00,`
`2026-04-02 11:10:24,`wxfc262f382d61c3db,`1723333380,`0,`,`4200003068202604025637604163,`6b7cdf9812924de99ff4aee6842764c6,`obt9LvqU2Lqwk6BHB2HQ-bafrhuU,`JSAPI,`SUCCESS,`OTHERS,`CNY,`3.00,`0.00,`0,`0,`0.00,`0.00,`,`,`停车费用,`,`0.02000,`0.54%,`3.00,`0.00,`
`2026-04-02 10:42:06,`wxfc262f382d61c3db,`1723333380,`0,`,`4200003069202604020649873139,`b60f825ec40a4b6dae0da6cf21be4ecc,`obt9LvsMjGT6Qsc-PWQxnHkwfX4s,`JSAPI,`SUCCESS,`OTHERS,`CNY,`3.00,`0.00,`0,`0,`0.00,`0.00,`,`,`停车费用,`,`0.02000,`0.54%,`3.00,`0.00,`
`2026-04-02 18:45:18,`wxfc262f382d61c3db,`1723333380,`0,`,`4200003069202604025055456995,`2223a299b77b4d3cbcab7144267ecbda,`obt9Lvr6OoPJJ2UftgRZJn4K3ssw,`JSAPI,`SUCCESS,`CCB_DEBIT,`CNY,`21.00,`0.00,`0,`0,`0.00,`0.00,`,`,`停车费用,`,`0.11000,`0.54%,`21.00,`0.00,`
`2026-04-02 10:39:43,`wxfc262f382d61c3db,`1723333380,`0,`,`4200003069202604025313379659,`49d6cb882bf64084bc5e593c0f7d19e3,`obt9LvjvPzk1kyKmT6sra9JS8zdo,`JSAPI,`SUCCESS,`COMM_CREDIT,`CNY,`3.00,`0.00,`0,`0,`0.00,`0.00,`,`,`停车费用,`,`0.02000,`0.54%,`3.00,`0.00,`
`2026-04-02 20:15:11,`wxfc262f382d61c3db,`1723333380,`0,`,`4200003069202604026190588472,`86d7d6966cf843c9ac8eb32c3778c45d,`obt9LvkM8ga_KILfitym7bgwRSz0,`JSAPI,`SUCCESS,`OTHERS,`CNY,`3.00,`0.00,`0,`0,`0.00,`0.00,`,`,`停车费用,`,`0.02000,`0.54%,`3.00,`0.00,`
`2026-04-02 18:09:09,`wxfc262f382d61c3db,`1723333380,`0,`,`4200003069202604026911486758,`7e747c0a31ec42df88de7b694c6eda5d,`obt9LvgjMmdsNKPYawXZVpbYycfA,`JSAPI,`SUCCESS,`GDB_CREDIT,`CNY,`6.00,`0.00,`0,`0,`0.00,`0.00,`,`,`停车费用,`,`0.03000,`0.54%,`6.00,`0.00,`
`2026-04-02 11:38:45,`wxfc262f382d61c3db,`1723333380,`0,`,`4200003070202604023188471942,`dad1c31efb6f446e8a44366ec980c4b5,`obt9Lvss__01bD9wsU0vINDfNIMs,`JSAPI,`SUCCESS,`OTHERS,`CNY,`6.00,`0.00,`0,`0,`0.00,`0.00,`,`,`停车费用,`,`0.03000,`0.54%,`6.00,`0.00,`
`2026-04-02 22:02:58,`wxfc262f382d61c3db,`1723333380,`0,`,`4200003070202604024080798752,`05a673f2f9874b019947516ec3a50349,`obt9LvqQzf3RQl4MZyydIJkadpqI,`JSAPI,`SUCCESS,`OTHERS,`CNY,`3.00,`0.00,`0,`0,`0.00,`0.00,`,`,`停车费用,`,`0.02000,`0.54%,`3.00,`0.00,`
`2026-04-02 22:02:32,`wxfc262f382d61c3db,`1723333380,`0,`,`4200003071202604024036478057,`8d8fb946b5b24f539abb75284924d78a,`obt9LvvuI0T0JUNqmOZOQ_ZdQjbk,`JSAPI,`SUCCESS,`OTHERS,`CNY,`12.00,`0.00,`0,`0,`0.00,`0.00,`,`,`停车费用,`,`0.06000,`0.54%,`12.00,`0.00,`
`2026-04-02 11:15:42,`wxfc262f382d61c3db,`1723333380,`0,`,`4200003071202604027949019988,`6a79659b95384422ad65e1dd6cdfea3e,`obt9LvgzKlicJEY5T0U3OgtrvLa8,`JSAPI,`SUCCESS,`OTHERS,`CNY,`3.00,`0.00,`0,`0,`0.00,`0.00,`,`,`停车费用,`,`0.02000,`0.54%,`3.00,`0.00,`
`2026-04-02 15:43:40,`wxfc262f382d61c3db,`1723333380,`0,`,`4200003072202604020472506674,`ef47e3ac8e824d11ab67b799c1e568dd,`obt9LviU_qOjEzGi-5ew0TTmCteU,`JSAPI,`SUCCESS,`PSBC_DEBIT,`CNY,`9.00,`0.00,`0,`0,`0.00,`0.00,`,`,`停车费用,`,`0.05000,`0.54%,`9.00,`0.00,`
`2026-04-02 21:45:56,`wxfc262f382d61c3db,`1723333380,`0,`,`4200003073202604021011004013,`3102ef21acd449cb9666a610171edcd9,`obt9LvvyBoBSzL7VPf3N-r0gBzn8,`JSAPI,`SUCCESS,`OTHERS,`CNY,`3.00,`0.00,`0,`0,`0.00,`0.00,`,`,`停车费用,`,`0.02000,`0.54%,`3.00,`0.00,`
`2026-04-02 20:07:53,`wxfc262f382d61c3db,`1723333380,`0,`,`4200003073202604025250103303,`0df224c565484aa3bbd637a9110c75e7,`obt9LvsTGpGCkZy9-13nhSM4KgQ0,`JSAPI,`SUCCESS,`OTHERS,`CNY,`9.00,`0.00,`0,`0,`0.00,`0.00,`,`,`停车费用,`,`0.05000,`0.54%,`9.00,`0.00,`
`2026-04-02 15:51:05,`wxfc262f382d61c3db,`1723333380,`0,`,`4200003073202604026528052796,`90eeed365d0940d2b0fe1af3015515b6,`obt9LvvJUUvp2Vkd5gSqiZXe9j34,`JSAPI,`SUCCESS,`OTHERS,`CNY,`3.00,`0.00,`0,`0,`0.00,`0.00,`,`,`停车费用,`,`0.02000,`0.54%,`3.00,`0.00,`
`2026-04-02 11:20:40,`wxfc262f382d61c3db,`1723333380,`0,`,`4200003073202604027364654249,`a5ae696e517b43418fe3a3cc4d93bef3,`obt9LvkCl8YV1WUWRh-5Jxyp2DbQ,`JSAPI,`SUCCESS,`OTHERS,`CNY,`3.00,`0.00,`0,`0,`0.00,`0.00,`,`,`停车费用,`,`0.02000,`0.54%,`3.00,`0.00,`
`2026-04-02 17:01:27,`wxfc262f382d61c3db,`1723333380,`0,`,`4200003073202604028418630436,`50f8d1fa8e9f49d5b032a9df73b4dd5b,`obt9LvpdheKmq2rqoZU-e6JAIz7c,`JSAPI,`SUCCESS,`OTHERS,`CNY,`3.00,`0.00,`0,`0,`0.00,`0.00,`,`,`停车费用,`,`0.02000,`0.54%,`3.00,`0.00,`
`2026-04-02 16:53:51,`wxfc262f382d61c3db,`1723333380,`0,`,`4200003074202604025642778572,`71e11af8af3c4268a6e68e95eae6fe62,`obt9Lvtuh04WQclzc7aTDVyP9D0k,`JSAPI,`SUCCESS,`OTHERS,`CNY,`6.00,`0.00,`0,`0,`0.00,`0.00,`,`,`停车费用,`,`0.03000,`0.54%,`6.00,`0.00,`
`2026-04-02 15:00:29,`wxfc262f382d61c3db,`1723333380,`0,`,`4200003074202604028416312964,`227436f990854d87bf1567004b0ac878,`obt9LvvUtBCVibTjHrqPtdBvFDmg,`JSAPI,`SUCCESS,`OTHERS,`CNY,`3.00,`0.00,`0,`0,`0.00,`0.00,`,`,`停车费用,`,`0.02000,`0.54%,`3.00,`0.00,`
`2026-04-02 10:39:27,`wxfc262f382d61c3db,`1723333380,`0,`,`4200003075202604022644253754,`8dd98043c1f7490e9ae59d379b46feb3,`obt9LvoBZSh9QCAZ6idwDDUqnZLo,`JSAPI,`SUCCESS,`OTHERS,`CNY,`3.00,`0.00,`0,`0,`0.00,`0.00,`,`,`停车费用,`,`0.02000,`0.54%,`3.00,`0.00,`
`2026-04-02 17:50:47,`wxfc262f382d61c3db,`1723333380,`0,`,`4200003075202604028825494381,`046c9e8d504f42a0aca8bb30958fc722,`obt9LvqDaTt_A695SdBzCA6EyixI,`JSAPI,`SUCCESS,`OTHERS,`CNY,`6.00,`0.00,`0,`0,`0.00,`0.00,`,`,`停车费用,`,`0.03000,`0.54%,`6.00,`0.00,`
`2026-04-02 17:57:59,`wxfc262f382d61c3db,`1723333380,`0,`,`4200003075202604029457156835,`1f56589d485c49538a516f4e62824c92,`obt9LvpKmnrQeSlM4Qt5CJX2jJfA,`JSAPI,`SUCCESS,`BOC_DEBIT,`CNY,`6.00,`1.00,`0,`0,`0.00,`0.00,`,`,`停车费用,`,`0.03000,`0.54%,`6.00,`0.00,`
`2026-04-02 13:31:13,`wxfc262f382d61c3db,`1723333380,`0,`,`4200003076202604025411839553,`9e919c806bc846ed862bf8d3b653e4ef,`obt9Lvt11i37bN9blhSyfNftT7vA,`JSAPI,`SUCCESS,`OTHERS,`CNY,`3.00,`0.00,`0,`0,`0.00,`0.00,`,`,`停车费用,`,`0.02000,`0.54%,`3.00,`0.00,`
`2026-04-02 10:47:43,`wxfc262f382d61c3db,`1723333380,`0,`,`4200003077202604024551183692,`80e08d77c2d246148aa6868189f2ab04,`obt9LvvxKv5wtazblszhpY3sL5u0,`JSAPI,`SUCCESS,`OTHERS,`CNY,`3.00,`0.00,`0,`0,`0.00,`0.00,`,`,`停车费用,`,`0.02000,`0.54%,`3.00,`0.00,`
`2026-04-02 17:50:17,`wxfc262f382d61c3db,`1723333380,`0,`,`4200003077202604028221015687,`3c3872831e0046d0b1ec6b70a0ff79ce,`obt9Lvs1htLg8sqmMw8tuIe4rfg0,`JSAPI,`SUCCESS,`OTHERS,`CNY,`3.00,`0.00,`0,`0,`0.00,`0.00,`,`,`停车费用,`,`0.02000,`0.54%,`3.00,`0.00,`
`2026-04-02 16:19:59,`wxfc262f382d61c3db,`1723333380,`0,`,`4200003077202604029505247464,`45891c9daf714332a41359b2f62212c8,`obt9Lvg9PIkKfD3pcYHf669-vH_k,`JSAPI,`SUCCESS,`OTHERS,`CNY,`3.00,`0.00,`0,`0,`0.00,`0.00,`,`,`停车费用,`,`0.02000,`0.54%,`3.00,`0.00,`
`2026-04-02 21:38:03,`wxfc262f382d61c3db,`1723333380,`0,`,`4200003077202604029704756271,`8f83864e382045fc8d0288c98ebfe16d,`obt9LvhPCczojuKnY4qOGyIxbp0U,`JSAPI,`SUCCESS,`OTHERS,`CNY,`18.00,`0.00,`0,`0,`0.00,`0.00,`,`,`停车费用,`,`0.10000,`0.54%,`18.00,`0.00,`
`2026-04-02 14:54:57,`wxfc262f382d61c3db,`1723333380,`0,`,`4200003079202604021431374221,`dd18d72db29b402e8397b9d314048bda,`obt9LviuStan7YSI1MLBNxYL7QZU,`JSAPI,`SUCCESS,`OTHERS,`CNY,`3.00,`0.00,`0,`0,`0.00,`0.00,`,`,`停车费用,`,`0.02000,`0.54%,`3.00,`0.00,`
`2026-04-02 10:58:57,`wxfc262f382d61c3db,`1723333380,`0,`,`4200003079202604026056201369,`2d1613a42c844afeb5f227dbd41d6be4,`obt9LvrRtWhRNBUxL6rIJYWxgkR4,`JSAPI,`SUCCESS,`OTHERS,`CNY,`3.00,`0.00,`0,`0,`0.00,`0.00,`,`,`停车费用,`,`0.02000,`0.54%,`3.00,`0.00,`
`2026-04-02 19:17:34,`wxfc262f382d61c3db,`1723333380,`0,`,`4200003079202604027639960820,`df0eb13410124a6e83a1958d1e10d3cf,`obt9Lvifg92jPtDgCv6jSpfZwKtk,`JSAPI,`SUCCESS,`OTHERS,`CNY,`3.00,`0.00,`0,`0,`0.00,`0.00,`,`,`停车费用,`,`0.02000,`0.54%,`3.00,`0.00,`
`2026-04-02 17:33:19,`wxfc262f382d61c3db,`1723333380,`0,`,`4200003079202604028608471838,`ae6d78e0b2a24102b1b16df6c5868adf,`obt9LvqC1F6UBewL1DTG46m8UKXs,`JSAPI,`SUCCESS,`OTHERS,`CNY,`3.00,`0.00,`0,`0,`0.00,`0.00,`,`,`停车费用,`,`0.02000,`0.54%,`3.00,`0.00,`
`2026-04-02 11:10:17,`wxfc262f382d61c3db,`1723333380,`0,`,`4200003080202604025601400651,`b6fbfe8e86de4c6895a3a811e4ebaf9b,`obt9LvlmpKA5FPIDEvm1spnsvJV4,`JSAPI,`SUCCESS,`OTHERS,`CNY,`3.00,`0.00,`0,`0,`0.00,`0.00,`,`,`停车费用,`,`0.02000,`0.54%,`3.00,`0.00,`
`2026-04-02 17:13:29,`wxfc262f382d61c3db,`1723333380,`0,`,`4200003081202604021389644210,`b47df1661a6c45ca9bb6afee1a296591,`obt9LvrFfHtoxQ9WtfRNlPVFUKuQ,`JSAPI,`SUCCESS,`CITIC_CREDIT,`CNY,`12.00,`0.00,`0,`0,`0.00,`0.00,`,`,`停车费用,`,`0.06000,`0.54%,`12.00,`0.00,`
`2026-04-02 20:03:14,`wxfc262f382d61c3db,`1723333380,`0,`,`4200003081202604022173076331,`bb7bb03eb5c14dda871e5d31dbd246bc,`obt9LvmglrWppTx3XLdHABuJr5aE,`JSAPI,`SUCCESS,`HRXJB_DEBIT,`CNY,`12.00,`0.00,`0,`0,`0.00,`0.00,`,`,`停车费用,`,`0.06000,`0.54%,`12.00,`0.00,`
`2026-04-02 10:37:23,`wxfc262f382d61c3db,`1723333380,`0,`,`4200003081202604024201858509,`186a500c2b8440e8ae3ee0c0069e0818,`obt9Lvp49tkqOLfLkWJ-38_64AUU,`JSAPI,`SUCCESS,`CIB_CREDIT,`CNY,`3.00,`0.00,`0,`0,`0.00,`0.00,`,`,`停车费用,`,`0.02000,`0.54%,`3.00,`0.00,`
`2026-04-02 15:17:55,`wxfc262f382d61c3db,`1723333380,`0,`,`4200003081202604026876757825,`181536f437da4233957d30d7f3feb233,`obt9LvjcnHKZEaL4s96A8lXalqSI,`JSAPI,`SUCCESS,`OTHERS,`CNY,`3.00,`0.00,`0,`0,`0.00,`0.00,`,`,`停车费用,`,`0.02000,`0.54%,`3.00,`0.00,`
`2026-04-02 11:24:45,`wxfc262f382d61c3db,`1723333380,`0,`,`4200003082202604022702105685,`04c357d7d5944001967b98c07d1ca0a1,`obt9Lvulxgx10DajEXS3GxGcvV5E,`JSAPI,`SUCCESS,`OTHERS,`CNY,`3.00,`0.00,`0,`0,`0.00,`0.00,`,`,`停车费用,`,`0.02000,`0.54%,`3.00,`0.00,`
`2026-04-02 17:43:49,`wxfc262f382d61c3db,`1723333380,`0,`,`4200003082202604023776595074,`82777619b79441b590e75d8ca47e2477,`obt9Lvv5MQe92_FKssXt_nQHpHlo,`JSAPI,`SUCCESS,`CITIC_DEBIT,`CNY,`12.00,`0.00,`0,`0,`0.00,`0.00,`,`,`停车费用,`,`0.06000,`0.54%,`12.00,`0.00,`
`2026-04-02 19:33:51,`wxfc262f382d61c3db,`1723333380,`0,`,`4200003082202604027491858108,`b8a92d90cb944beb8f1427fbeae5e576,`obt9Lvv5_4FmLXFzgeAQuEuKh7tI,`JSAPI,`SUCCESS,`OTHERS,`CNY,`3.00,`0.00,`0,`0,`0.00,`0.00,`,`,`停车费用,`,`0.02000,`0.54%,`3.00,`0.00,`
`2026-04-02 10:48:04,`wxfc262f382d61c3db,`1723333380,`0,`,`4200003083202604021599598109,`e626768b351842d786cf43a230ffae2e,`obt9Lvss11k1m7fo-U2SNt3QRJ7s,`JSAPI,`SUCCESS,`OTHERS,`CNY,`3.00,`0.00,`0,`0,`0.00,`0.00,`,`,`停车费用,`,`0.02000,`0.54%,`3.00,`0.00,`
`2026-04-02 11:11:06,`wxfc262f382d61c3db,`1723333380,`0,`,`4200003083202604029011150795,`613dc1bd706042cd87b1dad388d4531b,`obt9LvvhpaE8Df1tvqrU2elNyhE4,`JSAPI,`SUCCESS,`PAB_CREDIT,`CNY,`3.00,`0.00,`0,`0,`0.00,`0.00,`,`,`停车费用,`,`0.02000,`0.54%,`3.00,`0.00,`
`2026-04-02 14:20:10,`wxfc262f382d61c3db,`1723333380,`0,`,`4200003084202604026827701299,`c2f92339e38145d3a1291cdf5f9bee66,`obt9Lvkne-Y3bPI3nRY4HzUbdo_o,`JSAPI,`SUCCESS,`CCB_DEBIT,`CNY,`3.00,`0.00,`0,`0,`0.00,`0.00,`,`,`停车费用,`,`0.02000,`0.54%,`3.00,`0.00,`
`2026-04-02 11:39:03,`wxfc262f382d61c3db,`1723333380,`0,`,`4200003085202604020912341396,`e74c1e6bfe154d0282180b31cbce30c4,`obt9LvpMHCdI3UZKiCHU-p9fEKaw,`JSAPI,`SUCCESS,`OTHERS,`CNY,`6.00,`0.00,`0,`0,`0.00,`0.00,`,`,`停车费用,`,`0.03000,`0.54%,`6.00,`0.00,`
`2026-04-02 17:35:30,`wxfc262f382d61c3db,`1723333380,`0,`,`4200003085202604027149534959,`d5e210f4b47f486dba83ceeaf4ec4a01,`obt9LvkuNfgFw3b80be5BmqcNU0c,`JSAPI,`SUCCESS,`OTHERS,`CNY,`6.00,`0.00,`0,`0,`0.00,`0.00,`,`,`停车费用,`,`0.03000,`0.54%,`6.00,`0.00,`
`2026-04-02 18:54:46,`wxfc262f382d61c3db,`1723333380,`0,`,`4200003090202604021207284408,`d8910c64ad674098910bb2c7b73d4def,`obt9LvpKmnrQeSlM4Qt5CJX2jJfA,`JSAPI,`SUCCESS,`BOC_DEBIT,`CNY,`3.00,`1.00,`0,`0,`0.00,`0.00,`,`,`停车费用,`,`0.02000,`0.54%,`3.00,`0.00,`
`2026-04-02 20:16:50,`wxfc262f382d61c3db,`1723333380,`0,`,`4200003090202604026493793205,`9806138a33d34f26907ca339aed37bea,`obt9Lvi2kY_KVKcYPma5h3f2RK48,`JSAPI,`SUCCESS,`CMBC_CREDIT,`CNY,`9.00,`0.00,`0,`0,`0.00,`0.00,`,`,`停车费用,`,`0.05000,`0.54%,`9.00,`0.00,`
`2026-04-02 20:50:57,`wxfc262f382d61c3db,`1723333380,`0,`,`4200003091202604024993195101,`5c63cc884e654412a53f9fdef5e82559,`obt9Lvl2Emr6ujU9a-8zPKbfP3zM,`JSAPI,`SUCCESS,`OTHERS,`CNY,`3.00,`0.00,`0,`0,`0.00,`0.00,`,`,`停车费用,`,`0.02000,`0.54%,`3.00,`0.00,`
`2026-04-02 20:43:41,`wxfc262f382d61c3db,`1723333380,`0,`,`4200003091202604026992506174,`fbc8007c6ab7468ea7cdaecceb1157d7,`obt9LvptVHStIa3y8n9C-HBNslV8,`JSAPI,`SUCCESS,`OTHERS,`CNY,`3.00,`0.00,`0,`0,`0.00,`0.00,`,`,`停车费用,`,`0.02000,`0.54%,`3.00,`0.00,`
`2026-04-02 16:45:07,`wxfc262f382d61c3db,`1723333380,`0,`,`4200003092202604023572310545,`edf213bbdc6148918cd770606f7467ff,`obt9LvuZPFVlsVD33_GO7PZfzRVo,`JSAPI,`SUCCESS,`OTHERS,`CNY,`18.00,`0.00,`0,`0,`0.00,`0.00,`,`,`停车费用,`,`0.10000,`0.54%,`18.00,`0.00,`
`2026-04-02 19:15:41,`wxfc262f382d61c3db,`1723333380,`0,`,`4200003092202604027835355030,`15482a5717ba4130831f6ce7a7fc3baf,`obt9LvrRn_o0R-cPm_UPdzONj-Vc,`JSAPI,`SUCCESS,`OTHERS,`CNY,`3.00,`0.00,`0,`0,`0.00,`0.00,`,`,`停车费用,`,`0.02000,`0.54%,`3.00,`0.00,`
`2026-04-02 17:12:58,`wxfc262f382d61c3db,`1723333380,`0,`,`4200003092202604029261586937,`43c5d70860a446519bedc181f119ae8d,`obt9LviYpa6XcVTdaC18PWBIvdso,`JSAPI,`SUCCESS,`OTHERS,`CNY,`3.00,`0.00,`0,`0,`0.00,`0.00,`,`,`停车费用,`,`0.02000,`0.54%,`3.00,`0.00,`
`2026-04-02 19:17:08,`wxfc262f382d61c3db,`1723333380,`0,`,`4200003092202604029961067750,`9a2dab4bc2a64fc8bb051dfb49a24071,`obt9LvhcUOS5C3LiD-mMYuxEHrrY,`JSAPI,`SUCCESS,`CMBC_CREDIT,`CNY,`3.00,`0.00,`0,`0,`0.00,`0.00,`,`,`停车费用,`,`0.02000,`0.54%,`3.00,`0.00,`
`2026-04-02 11:22:33,`wxfc262f382d61c3db,`1723333380,`0,`,`4200003093202604020732585446,`7edd7be5e7b0486587c3c342c290f456,`obt9Lvkne-Y3bPI3nRY4HzUbdo_o,`JSAPI,`SUCCESS,`OTHERS,`CNY,`3.00,`0.00,`0,`0,`0.00,`0.00,`,`,`停车费用,`,`0.02000,`0.54%,`3.00,`0.00,`
`2026-04-02 12:12:17,`wxfc262f382d61c3db,`1723333380,`0,`,`4200003094202604021987216538,`6a6a8bc8f65946349e7b66d8a15dae87,`obt9LvhTx0jtrOOBFnhasuwGDkvo,`JSAPI,`SUCCESS,`OTHERS,`CNY,`3.00,`0.00,`0,`0,`0.00,`0.00,`,`,`停车费用,`,`0.02000,`0.54%,`3.00,`0.00,`
`2026-04-02 21:10:54,`wxfc262f382d61c3db,`1723333380,`0,`,`4200003094202604024869517205,`7b6c68db1c2a4bcabb4279cbec5536c7,`obt9LvpK7FbKz0FUQ3ujW0xe08y8,`JSAPI,`SUCCESS,`GDB_CREDIT,`CNY,`3.00,`0.00,`0,`0,`0.00,`0.00,`,`,`停车费用,`,`0.02000,`0.54%,`3.00,`0.00,`
`2026-04-02 17:20:52,`wxfc262f382d61c3db,`1723333380,`0,`,`4200003095202604020712483801,`72ffe0937aa44485a1d74365a511b047,`obt9Lvhysv3SAIX69rIT2sIL-rUc,`JSAPI,`SUCCESS,`OTHERS,`CNY,`18.00,`0.00,`0,`0,`0.00,`0.00,`,`,`停车费用,`,`0.10000,`0.54%,`18.00,`0.00,`
`2026-04-02 17:50:30,`wxfc262f382d61c3db,`1723333380,`0,`,`4200003095202604028206364809,`ecb5ee4f69bf4714975b0aa288842f5b,`obt9LvkhWfL-wzDQeEe2XVGKhfYo,`JSAPI,`SUCCESS,`OTHERS,`CNY,`6.00,`0.00,`0,`0,`0.00,`0.00,`,`,`停车费用,`,`0.03000,`0.54%,`6.00,`0.00,`
`2026-04-02 21:46:21,`wxfc262f382d61c3db,`1723333380,`0,`,`4200003095202604029163592375,`c02b78f744ec44159a1055157cb1c9a6,`obt9LvjNvlsTFoA2FXgMkIetrS20,`JSAPI,`SUCCESS,`OTHERS,`CNY,`6.00,`0.00,`0,`0,`0.00,`0.00,`,`,`停车费用,`,`0.03000,`0.54%,`6.00,`0.00,`
`2026-04-02 18:22:38,`wxfc262f382d61c3db,`1723333380,`0,`,`4200003096202604024402296570,`f97e3aca795f49d2be46769b58db01af,`obt9LvsAieQE1zYUyyIOC_nfCv3M,`JSAPI,`SUCCESS,`OTHERS,`CNY,`6.00,`0.00,`0,`0,`0.00,`0.00,`,`,`停车费用,`,`0.03000,`0.54%,`6.00,`0.00,`
`2026-04-02 20:33:09,`wxfc262f382d61c3db,`1723333380,`0,`,`4200003096202604025623467866,`7570921f6c8b428398e27b98c130cff0,`obt9LvozMUYk-xvj4D-Kjs6D55O4,`JSAPI,`SUCCESS,`ICBC_DEBIT,`CNY,`3.00,`0.00,`0,`0,`0.00,`0.00,`,`,`停车费用,`,`0.02000,`0.54%,`3.00,`0.00,`
`2026-04-02 10:38:21,`wxfc262f382d61c3db,`1723333380,`0,`,`4200003126202604028748214191,`67b96ab41e23472bab653479753c3903,`obt9LvmcH1yRqPSrHZRE0mXTNUEQ,`JSAPI,`SUCCESS,`OTHERS,`CNY,`3.00,`0.00,`0,`0,`0.00,`0.00,`,`,`停车费用,`,`0.02000,`0.54%,`3.00,`0.00,`
`2026-04-02 18:37:50,`wxfc262f382d61c3db,`1723333380,`0,`,`4200003127202604026420317691,`23f4cf1ec6714fa2b83e79ff5d818b34,`obt9LvtA174ipYXQd0WP6xSm-z3g,`JSAPI,`SUCCESS,`HUNNX_DEBIT,`CNY,`9.00,`0.00,`0,`0,`0.00,`0.00,`,`,`停车费用,`,`0.05000,`0.54%,`9.00,`0.00,`
`2026-04-02 14:15:03,`wxfc262f382d61c3db,`1723333380,`0,`,`4200003128202604027460675983,`0d8ea10fa0454ba6a2e54f3a77b32daf,`obt9LviBVPu1GYpANvfGWD6rDXFk,`JSAPI,`SUCCESS,`PAB_CREDIT,`CNY,`12.00,`0.00,`0,`0,`0.00,`0.00,`,`,`停车费用,`,`0.06000,`0.54%,`12.00,`0.00,`
`2026-04-02 16:07:45,`wxfc262f382d61c3db,`1723333380,`0,`,`4200003128202604027814689708,`034dbab10e2f4a97a139a40a6e45822d,`obt9LvhOIbVmkqu5jHWZNTi9vNpA,`JSAPI,`SUCCESS,`OTHERS,`CNY,`6.00,`0.00,`0,`0,`0.00,`0.00,`,`,`停车费用,`,`0.03000,`0.54%,`6.00,`0.00,`
`2026-04-02 17:51:41,`wxfc262f382d61c3db,`1723333380,`0,`,`4200003129202604027630783324,`482e10aaed4f4c668e5e372902f74035,`obt9LvhTx0jtrOOBFnhasuwGDkvo,`JSAPI,`SUCCESS,`OTHERS,`CNY,`6.00,`0.00,`0,`0,`0.00,`0.00,`,`,`停车费用,`,`0.03000,`0.54%,`6.00,`0.00,`
`2026-04-02 19:16:14,`wxfc262f382d61c3db,`1723333380,`0,`,`4200003130202604022976687525,`3ca28e28684e4aa2beaa129137a62889,`obt9Lvsbh-UGeCeKlUjvtHbFsqRA,`JSAPI,`SUCCESS,`OTHERS,`CNY,`6.00,`0.00,`0,`0,`0.00,`0.00,`,`,`停车费用,`,`0.03000,`0.54%,`6.00,`0.00,`
`2026-04-02 11:22:26,`wxfc262f382d61c3db,`1723333380,`0,`,`4200003130202604024717899070,`bf4a02b334384ff1af3e12bd919e5c1e,`obt9Lvof84f65M-vlNsOPiegNjOc,`JSAPI,`SUCCESS,`OTHERS,`CNY,`3.00,`0.00,`0,`0,`0.00,`0.00,`,`,`停车费用,`,`0.02000,`0.54%,`3.00,`0.00,`
`2026-04-02 10:35:55,`wxfc262f382d61c3db,`1723333380,`0,`,`4200003130202604027264602441,`06d113f4630449b6a2d161b166b6aa4e,`obt9LvvkEiyuH5pn_cE8158XOAUY,`JSAPI,`SUCCESS,`PAB_CREDIT,`CNY,`3.00,`0.00,`0,`0,`0.00,`0.00,`,`,`停车费用,`,`0.02000,`0.54%,`3.00,`0.00,`
`2026-04-02 12:11:56,`wxfc262f382d61c3db,`1723333380,`0,`,`4200003131202604022978331564,`5eb2b8281bb7404e9295b2eb2269bd99,`obt9LvmkaN95nor9sQh7HH7S-Iqc,`JSAPI,`SUCCESS,`OTHERS,`CNY,`6.00,`0.00,`0,`0,`0.00,`0.00,`,`,`停车费用,`,`0.03000,`0.54%,`6.00,`0.00,`
`2026-04-02 15:16:36,`wxfc262f382d61c3db,`1723333380,`0,`,`4200003131202604027556691768,`0250bfa6466343788b3a756eab235032,`obt9Lvm7nZCR1xtnEpIqc4Q2TzuU,`JSAPI,`SUCCESS,`OTHERS,`CNY,`12.00,`0.00,`0,`0,`0.00,`0.00,`,`,`停车费用,`,`0.06000,`0.54%,`12.00,`0.00,`
`2026-04-02 11:01:32,`wxfc262f382d61c3db,`1723333380,`0,`,`4200003132202604022784119172,`0b9ac7fff35546a197c2919ff1d4d8fb,`obt9LvkDH6MAroC7d8JmzSGuJvRg,`JSAPI,`SUCCESS,`OTHERS,`CNY,`3.00,`0.00,`0,`0,`0.00,`0.00,`,`,`停车费用,`,`0.02000,`0.54%,`3.00,`0.00,`
`2026-04-02 12:30:37,`wxfc262f382d61c3db,`1723333380,`0,`,`4200003133202604020089305277,`d0ab79ebb9df42f8a4164e1e102bfce7,`obt9LvmlrS4k0AMKH8BVU74qyEGQ,`JSAPI,`SUCCESS,`OTHERS,`CNY,`3.00,`0.00,`0,`0,`0.00,`0.00,`,`,`停车费用,`,`0.02000,`0.54%,`3.00,`0.00,`
`2026-04-02 17:01:54,`wxfc262f382d61c3db,`1723333380,`0,`,`4200003133202604025029404797,`e41c8e1453254f4ba8e156b0e3956f4c,`obt9LvjB6fQ7PsDM65CJ5hb0s8xU,`JSAPI,`SUCCESS,`OTHERS,`CNY,`3.00,`0.00,`0,`0,`0.00,`0.00,`,`,`停车费用,`,`0.02000,`0.54%,`3.00,`0.00,`
`2026-04-02 13:15:41,`wxfc262f382d61c3db,`1723333380,`0,`,`4200003133202604029202262069,`31c34a56099f4dfb86e1b6cfcd184646,`obt9LvoyWYq20Yg3iUuG-FPd7z48,`JSAPI,`SUCCESS,`CCB_DEBIT,`CNY,`9.00,`0.00,`0,`0,`0.00,`0.00,`,`,`停车费用,`,`0.05000,`0.54%,`9.00,`0.00,`
`2026-04-02 16:48:45,`wxfc262f382d61c3db,`1723333380,`0,`,`4200003134202604020280016827,`44455d28a01b4c2e9e9ca2fd15c29dbb,`obt9LvqcDkpoQlCjnNv8_VWvZKU4,`JSAPI,`SUCCESS,`OTHERS,`CNY,`3.00,`0.00,`0,`0,`0.00,`0.00,`,`,`停车费用,`,`0.02000,`0.54%,`3.00,`0.00,`
`2026-04-02 00:10:30,`wxfc262f382d61c3db,`1723333380,`0,`,`4200003134202604021551447749,`767a0ea2be714d189a10fc1bfa832bbe,`obt9LviwI2k2Cj4TL8_BFLpPUvnk,`JSAPI,`SUCCESS,`CCB_DEBIT,`CNY,`3.00,`0.00,`0,`0,`0.00,`0.00,`,`,`停车费用,`,`0.02000,`0.54%,`3.00,`0.00,`
`2026-04-02 16:41:12,`wxfc262f382d61c3db,`1723333380,`0,`,`4200003134202604023759061990,`0f1fe5b30c5245bf86102364a81d781e,`obt9LvshN30pVLIPfT5Yqw7TJTSQ,`JSAPI,`SUCCESS,`OTHERS,`CNY,`6.00,`0.00,`0,`0,`0.00,`0.00,`,`,`停车费用,`,`0.03000,`0.54%,`6.00,`0.00,`
`2026-04-02 17:38:52,`wxfc262f382d61c3db,`1723333380,`0,`,`4200003134202604028039029618,`6f28a00692474543b17e4544291bdb5f,`obt9LvnXs0hREUtA1jiWv1nCTRzs,`JSAPI,`SUCCESS,`PAB_CREDIT,`CNY,`6.00,`0.00,`0,`0,`0.00,`0.00,`,`,`停车费用,`,`0.03000,`0.54%,`6.00,`0.00,`
`2026-04-02 22:11:18,`wxfc262f382d61c3db,`1723333380,`0,`,`4200003134202604028689991323,`5bf6adb666e942ff9142490f86e8573e,`obt9Lvm9Dv3CqJIn-6OiiHF-8fYo,`JSAPI,`SUCCESS,`OTHERS,`CNY,`3.00,`0.00,`0,`0,`0.00,`0.00,`,`,`停车费用,`,`0.02000,`0.54%,`3.00,`0.00,`
`2026-04-02 20:35:33,`wxfc262f382d61c3db,`1723333380,`0,`,`4200003135202604021262504484,`9fefc5ce819345c198a8e9aa0d15e894,`obt9LvmGHNWQcMc3oU7YGBZL_DYM,`JSAPI,`SUCCESS,`OTHERS,`CNY,`6.00,`0.00,`0,`0,`0.00,`0.00,`,`,`停车费用,`,`0.03000,`0.54%,`6.00,`0.00,`
`2026-04-02 17:38:56,`wxfc262f382d61c3db,`1723333380,`0,`,`4200003135202604027236319863,`3b986d36ead6425eb52b1dbb670e0f92,`obt9Lvp8HCD4MvR0xi0S2Rg9z67I,`JSAPI,`SUCCESS,`OTHERS,`CNY,`3.00,`0.00,`0,`0,`0.00,`0.00,`,`,`停车费用,`,`0.02000,`0.54%,`3.00,`0.00,`
`2026-04-02 20:56:48,`wxfc262f382d61c3db,`1723333380,`0,`,`4200003135202604028253797711,`f727c7587a014747a4c1d6cd0853c140,`obt9LvsTZ7AK9aJnBUnqVmk3KQDA,`JSAPI,`SUCCESS,`OTHERS,`CNY,`3.00,`0.00,`0,`0,`0.00,`0.00,`,`,`停车费用,`,`0.02000,`0.54%,`3.00,`0.00,`
`2026-04-02 17:26:33,`wxfc262f382d61c3db,`1723333380,`0,`,`4200003136202604021697964456,`6a8c99ac34b54a1cb776e0c98f66be8d,`obt9LviBVPu1GYpANvfGWD6rDXFk,`JSAPI,`SUCCESS,`OTHERS,`CNY,`3.00,`0.00,`0,`0,`0.00,`0.00,`,`,`停车费用,`,`0.02000,`0.54%,`3.00,`0.00,`
`2026-04-02 11:13:39,`wxfc262f382d61c3db,`1723333380,`0,`,`4200003136202604028768679761,`f0bb62cb4aa143c29c61e985ccb8c442,`obt9LvgeqF90DrZ21Me1l8g26tic,`JSAPI,`SUCCESS,`OTHERS,`CNY,`3.00,`0.00,`0,`0,`0.00,`0.00,`,`,`停车费用,`,`0.02000,`0.54%,`3.00,`0.00,`
`2026-04-02 21:05:32,`wxfc262f382d61c3db,`1723333380,`0,`,`4200003139202604021049747789,`b7194d65636544e1847a23cf1bf5c5ca,`obt9Lvq6ZnlIHBg2EoqKz80yM71o,`JSAPI,`SUCCESS,`OTHERS,`CNY,`24.00,`0.00,`0,`0,`0.00,`0.00,`,`,`停车费用,`,`0.13000,`0.54%,`24.00,`0.00,`
`2026-04-02 23:04:00,`wxfc262f382d61c3db,`1723333380,`0,`,`4200003139202604024535747921,`9a58d6e43e224455aa48e99f5fc1089e,`obt9LvqLxQoLnwyCAe9LpxAopGWA,`JSAPI,`SUCCESS,`OTHERS,`CNY,`3.00,`0.00,`0,`0,`0.00,`0.00,`,`,`停车费用,`,`0.02000,`0.54%,`3.00,`0.00,`
`2026-04-02 18:32:52,`wxfc262f382d61c3db,`1723333380,`0,`,`4200003139202604025953149098,`840cfe1495c647b5b381c9cb2bbba9a4,`obt9Lvn6X36kj4tA7hCEOphFDVlY,`JSAPI,`SUCCESS,`OTHERS,`CNY,`6.00,`0.00,`0,`0,`0.00,`0.00,`,`,`停车费用,`,`0.03000,`0.54%,`6.00,`0.00,`
`2026-04-02 17:47:33,`wxfc262f382d61c3db,`1723333380,`0,`,`4200003140202604028399858405,`a6b359ce36e248ca8051112f9aebb1c4,`obt9LvhDH9p12nKh5WAoCxFkDsTg,`JSAPI,`SUCCESS,`OTHERS,`CNY,`6.00,`0.00,`0,`0,`0.00,`0.00,`,`,`停车费用,`,`0.03000,`0.54%,`6.00,`0.00,`
`2026-04-03 10:42:13,`wxfc262f382d61c3db,`1723333380,`0,`,`4200003049202604037752644154,`3ee9a36c3588456cbe633f0575d1508b,`obt9Lvnqn_SUmkowHqT_XqowyUt8,`JSAPI,`SUCCESS,`PAB_CREDIT,`CNY,`3.00,`0.00,`0,`0,`0.00,`0.00,`,`,`停车费用,`,`0.02000,`0.54%,`3.00,`0.00,`
`2026-04-03 17:05:57,`wxfc262f382d61c3db,`1723333380,`0,`,`4200003049202604038253083083,`09d02c89ac21402c93d3c358b854c33c,`obt9LvijAePXvfPD0S8X8dETItA8,`JSAPI,`SUCCESS,`BOIMCB_DEBIT,`CNY,`9.00,`0.00,`0,`0,`0.00,`0.00,`,`,`停车费用,`,`0.05000,`0.54%,`9.00,`0.00,`
`2026-04-03 13:18:33,`wxfc262f382d61c3db,`1723333380,`0,`,`4200003050202604035740609998,`4672a4bdf2b547789e40b5bd5493bf2a,`obt9LvhGWAkbVPWgEWdU8azYt3UU,`JSAPI,`SUCCESS,`CCB_CREDIT,`CNY,`9.00,`0.00,`0,`0,`0.00,`0.00,`,`,`停车费用,`,`0.05000,`0.54%,`9.00,`0.00,`
`2026-04-03 19:17:24,`wxfc262f382d61c3db,`1723333380,`0,`,`4200003051202604036426352093,`e7e12fe8d2e9497cb912a8fce767ab6e,`obt9Lvmb5ZabdB2DCDkuOxJS5HQE,`JSAPI,`SUCCESS,`ABC_DEBIT,`CNY,`15.00,`0.00,`0,`0,`0.00,`0.00,`,`,`停车费用,`,`0.08000,`0.54%,`15.00,`0.00,`
`2026-04-03 20:24:22,`wxfc262f382d61c3db,`1723333380,`0,`,`4200003052202604032812521761,`dd4287ae9ad04a42a9e76bf2eaa3d4a3,`obt9Lvg8zc_bF5ZioROx0HJ4yEtU,`JSAPI,`SUCCESS,`OTHERS,`CNY,`3.00,`0.00,`0,`0,`0.00,`0.00,`,`,`停车费用,`,`0.02000,`0.54%,`3.00,`0.00,`
`2026-04-03 10:42:24,`wxfc262f382d61c3db,`1723333380,`0,`,`4200003052202604039711845140,`43587938af8e44489795fe4048207711,`obt9Lvih882QTYBOXxHK5XvDBjaM,`JSAPI,`SUCCESS,`GDB_CREDIT,`CNY,`3.00,`0.00,`0,`0,`0.00,`0.00,`,`,`停车费用,`,`0.02000,`0.54%,`3.00,`0.00,`
`2026-04-03 11:15:21,`wxfc262f382d61c3db,`1723333380,`0,`,`4200003054202604032784983252,`657f9bcc55d6443a900849b56359a277,`obt9LvgzKlicJEY5T0U3OgtrvLa8,`JSAPI,`SUCCESS,`OTHERS,`CNY,`3.00,`0.00,`0,`0,`0.00,`0.00,`,`,`停车费用,`,`0.02000,`0.54%,`3.00,`0.00,`
`2026-04-03 21:58:09,`wxfc262f382d61c3db,`1723333380,`0,`,`4200003054202604033441355426,`6837465b44c3455caf0003c7f9747d0a,`obt9Lvks41GTy4vULYnZ5IVkraMc,`JSAPI,`SUCCESS,`OTHERS,`CNY,`12.00,`0.00,`0,`0,`0.00,`0.00,`,`,`停车费用,`,`0.06000,`0.54%,`12.00,`0.00,`
`2026-04-03 19:15:27,`wxfc262f382d61c3db,`1723333380,`0,`,`4200003054202604034787295047,`dbd1e63d11a54464b188a026b309baf8,`obt9LvoaE9xdqadIp0BbeD4a95qQ,`JSAPI,`SUCCESS,`HUNNX_DEBIT,`CNY,`6.00,`0.00,`0,`0,`0.00,`0.00,`,`,`停车费用,`,`0.03000,`0.54%,`6.00,`0.00,`
`2026-04-03 11:10:37,`wxfc262f382d61c3db,`1723333380,`0,`,`4200003054202604038540283128,`e629ecc2d4014b26a2cc5b86d10c59df,`obt9Lvg8zc_bF5ZioROx0HJ4yEtU,`JSAPI,`SUCCESS,`OTHERS,`CNY,`3.00,`0.00,`0,`0,`0.00,`0.00,`,`,`停车费用,`,`0.02000,`0.54%,`3.00,`0.00,`
`2026-04-03 20:53:30,`wxfc262f382d61c3db,`1723333380,`0,`,`4200003057202604032845156067,`b11d9b593a364f9dbbca6a3483f52dc5,`obt9LvnyzycFjchoUVaKkWgO6e9s,`JSAPI,`SUCCESS,`OTHERS,`CNY,`9.00,`0.00,`0,`0,`0.00,`0.00,`,`,`停车费用,`,`0.05000,`0.54%,`9.00,`0.00,`
`2026-04-03 20:59:04,`wxfc262f382d61c3db,`1723333380,`0,`,`4200003057202604039018911999,`a1a0c48f9b1241bbb8fb8d1439c0b8ac,`obt9LvuoYBFX3JAS59FTL2tFtD9E,`JSAPI,`SUCCESS,`HRXJB_DEBIT,`CNY,`3.00,`0.00,`0,`0,`0.00,`0.00,`,`,`停车费用,`,`0.02000,`0.54%,`3.00,`0.00,`
`2026-04-03 16:37:09,`wxfc262f382d61c3db,`1723333380,`0,`,`4200003061202604031439187979,`5225b848070a48d09670f5d3f2cedf37,`obt9Lvk62wM02eE7_GeYi5u7lkv8,`JSAPI,`SUCCESS,`CCB_CREDIT,`CNY,`3.00,`0.00,`0,`0,`0.00,`0.00,`,`,`停车费用,`,`0.02000,`0.54%,`3.00,`0.00,`
`2026-04-03 18:46:30,`wxfc262f382d61c3db,`1723333380,`0,`,`4200003061202604036817408305,`efd695adf6f54c2080f5a023c758eace,`obt9LvpvWDai08EGbZ9kxRFz5KBc,`JSAPI,`SUCCESS,`OTHERS,`CNY,`15.00,`0.00,`0,`0,`0.00,`0.00,`,`,`停车费用,`,`0.08000,`0.54%,`15.00,`0.00,`
`2026-04-03 22:01:37,`wxfc262f382d61c3db,`1723333380,`0,`,`4200003063202604035440878703,`df8a684ce20f46cd9c7b75bc9e813455,`obt9LvvakhTt44LcXzCqcRgcjiWI,`JSAPI,`SUCCESS,`ICBC_CREDIT,`CNY,`6.00,`0.00,`0,`0,`0.00,`0.00,`,`,`停车费用,`,`0.03000,`0.54%,`6.00,`0.00,`
`2026-04-03 15:20:45,`wxfc262f382d61c3db,`1723333380,`0,`,`4200003063202604037001308683,`a068a397e3ce46738fc9526e07fa968c,`obt9LvuoaFOnTcoXTIhamNILKDUE,`JSAPI,`SUCCESS,`OTHERS,`CNY,`9.00,`0.00,`0,`0,`0.00,`0.00,`,`,`停车费用,`,`0.05000,`0.54%,`9.00,`0.00,`
`2026-04-03 00:22:03,`wxfc262f382d61c3db,`1723333380,`0,`,`4200003063202604039833037061,`2ca2b655fdb948548a24685db0aeffb6,`obt9Lvueteiw7WbptPrLpL1PGvqY,`JSAPI,`SUCCESS,`PAB_DEBIT,`CNY,`3.00,`0.00,`0,`0,`0.00,`0.00,`,`,`停车费用,`,`0.02000,`0.54%,`3.00,`0.00,`
`2026-04-03 15:27:48,`wxfc262f382d61c3db,`1723333380,`0,`,`4200003063202604039940232400,`bcdd4d2e00e348329cda20e1be45f5a9,`obt9Lvs1htLg8sqmMw8tuIe4rfg0,`JSAPI,`SUCCESS,`OTHERS,`CNY,`6.00,`0.00,`0,`0,`0.00,`0.00,`,`,`停车费用,`,`0.03000,`0.54%,`6.00,`0.00,`
`2026-04-03 10:43:25,`wxfc262f382d61c3db,`1723333380,`0,`,`4200003064202604035667258603,`06b45242e7294fb19b0ae669e720cfdf,`obt9LvvkEiyuH5pn_cE8158XOAUY,`JSAPI,`SUCCESS,`OTHERS,`CNY,`3.00,`0.00,`0,`0,`0.00,`0.00,`,`,`停车费用,`,`0.02000,`0.54%,`3.00,`0.00,`
`2026-04-03 21:00:49,`wxfc262f382d61c3db,`1723333380,`0,`,`4200003064202604037636452044,`9f5e436c4d774ee49d29558e3eba9cc4,`obt9LvpWfuT4yuRZ5LCfkTNVoCcg,`JSAPI,`SUCCESS,`OTHERS,`CNY,`3.00,`0.00,`0,`0,`0.00,`0.00,`,`,`停车费用,`,`0.02000,`0.54%,`3.00,`0.00,`
`2026-04-03 00:20:35,`wxfc262f382d61c3db,`1723333380,`0,`,`4200003065202604033306377675,`e34540f758ec47fda9f94ef9490f5b27,`obt9Lvs1VX8OtmnG_H-JS5PwoVOk,`JSAPI,`SUCCESS,`PSBC_DEBIT,`CNY,`3.00,`0.00,`0,`0,`0.00,`0.00,`,`,`停车费用,`,`0.02000,`0.54%,`3.00,`0.00,`
`2026-04-03 14:50:02,`wxfc262f382d61c3db,`1723333380,`0,`,`4200003065202604034985973663,`86f78adf6cfa49b283b16170d1af171c,`obt9LvqoEs2nrirMovHGhGpUXzTk,`JSAPI,`SUCCESS,`OTHERS,`CNY,`3.00,`0.00,`0,`0,`0.00,`0.00,`,`,`停车费用,`,`0.02000,`0.54%,`3.00,`0.00,`
`2026-04-03 17:34:01,`wxfc262f382d61c3db,`1723333380,`0,`,`4200003065202604035615398623,`26b51953c617492083a4a055b3524fbc,`obt9Lvv-VUWGetuuezN8VD85y4M4,`JSAPI,`SUCCESS,`OTHERS,`CNY,`3.00,`0.00,`0,`0,`0.00,`0.00,`,`,`停车费用,`,`0.02000,`0.54%,`3.00,`0.00,`
`2026-04-03 08:56:45,`wxfc262f382d61c3db,`1723333380,`0,`,`4200003065202604036495169605,`5c653c819d1e48cc93595cb339dc8ab5,`obt9LvqvDhHcI_fNWgJGe90HxVaw,`JSAPI,`SUCCESS,`OTHERS,`CNY,`30.00,`0.00,`0,`0,`0.00,`0.00,`,`,`停车费用,`,`0.16000,`0.54%,`30.00,`0.00,`
`2026-04-03 10:37:55,`wxfc262f382d61c3db,`1723333380,`0,`,`4200003067202604032802111105,`e45697879fb64d8197cd3b019748137a,`obt9LvvkuRyB0VnAw_Ik5-54kTeQ,`JSAPI,`SUCCESS,`PAB_CREDIT,`CNY,`3.00,`0.00,`0,`0,`0.00,`0.00,`,`,`停车费用,`,`0.02000,`0.54%,`3.00,`0.00,`
`2026-04-03 11:43:32,`wxfc262f382d61c3db,`1723333380,`0,`,`4200003067202604033347781458,`9ec06b1b4f2c428988de29e2fbdac6fa,`obt9LvgOTNvadCVcJwr0mkVoA7ss,`JSAPI,`SUCCESS,`OTHERS,`CNY,`3.00,`0.00,`0,`0,`0.00,`0.00,`,`,`停车费用,`,`0.02000,`0.54%,`3.00,`0.00,`
`2026-04-03 18:36:46,`wxfc262f382d61c3db,`1723333380,`0,`,`4200003067202604037460722208,`4f3039e05d3f44b5a6119933b8557566,`obt9LvuREsFCeGgWrf1_JZLyJQg0,`JSAPI,`SUCCESS,`ICBC_DEBIT,`CNY,`6.00,`0.00,`0,`0,`0.00,`0.00,`,`,`停车费用,`,`0.03000,`0.54%,`6.00,`0.00,`
`2026-04-03 15:59:52,`wxfc262f382d61c3db,`1723333380,`0,`,`4200003068202604030618873490,`96c3f5db56884326a83e944932b6c91d,`obt9LvvNPluWzEdx6FHkkFtmFEpI,`JSAPI,`SUCCESS,`OTHERS,`CNY,`9.00,`0.00,`0,`0,`0.00,`0.00,`,`,`停车费用,`,`0.05000,`0.54%,`9.00,`0.00,`
`2026-04-03 10:53:20,`wxfc262f382d61c3db,`1723333380,`0,`,`4200003068202604036430497682,`ec813cec46f44edcb3dd8b3cba94c449,`obt9LvsMjGT6Qsc-PWQxnHkwfX4s,`JSAPI,`SUCCESS,`OTHERS,`CNY,`3.00,`0.00,`0,`0,`0.00,`0.00,`,`,`停车费用,`,`0.02000,`0.54%,`3.00,`0.00,`
`2026-04-03 12:08:52,`wxfc262f382d61c3db,`1723333380,`0,`,`4200003069202604034052477613,`75c85f4df8f54024a647e97b0bf898a5,`obt9LvqC1F6UBewL1DTG46m8UKXs,`JSAPI,`SUCCESS,`OTHERS,`CNY,`6.00,`0.00,`0,`0,`0.00,`0.00,`,`,`停车费用,`,`0.03000,`0.54%,`6.00,`0.00,`
`2026-04-03 19:36:45,`wxfc262f382d61c3db,`1723333380,`0,`,`4200003070202604031732266035,`9bd27a584f614f24a43bda89132661c7,`obt9Lvj68CSOoMJ4NrI99kG6sx-k,`JSAPI,`SUCCESS,`CCB_DEBIT,`CNY,`3.00,`0.00,`0,`0,`0.00,`0.00,`,`,`停车费用,`,`0.02000,`0.54%,`3.00,`0.00,`
`2026-04-03 20:02:38,`wxfc262f382d61c3db,`1723333380,`0,`,`4200003070202604035084815437,`33f54f97574b4209bf228ff3411ad390,`obt9LvknuAy3XWr12-kVeuuhk7l0,`JSAPI,`SUCCESS,`OTHERS,`CNY,`3.00,`0.00,`0,`0,`0.00,`0.00,`,`,`停车费用,`,`0.02000,`0.54%,`3.00,`0.00,`
`2026-04-03 19:15:40,`wxfc262f382d61c3db,`1723333380,`0,`,`4200003070202604039805995933,`f756ef2b02a04c7f9a00adeaa7fdf6b2,`obt9LvmvA87JJ4uzkAn94C8NeEiY,`JSAPI,`SUCCESS,`CCB_DEBIT,`CNY,`3.00,`0.00,`0,`0,`0.00,`0.00,`,`,`停车费用,`,`0.02000,`0.54%,`3.00,`0.00,`
`2026-04-03 15:10:43,`wxfc262f382d61c3db,`1723333380,`0,`,`4200003071202604030558696415,`377e141a27d54bfe8224b3f8876ff225,`obt9Lvhp2CN_e0M8QexIsbChNHjE,`JSAPI,`SUCCESS,`OTHERS,`CNY,`27.00,`0.00,`0,`0,`0.00,`0.00,`,`,`停车费用,`,`0.15000,`0.54%,`27.00,`0.00,`
`2026-04-03 23:30:24,`wxfc262f382d61c3db,`1723333380,`0,`,`4200003071202604031787233850,`e714c5ceb566467996ef61b170139813,`obt9LvjtFxfEnDoZS2KZYBjp-Nvg,`JSAPI,`SUCCESS,`OTHERS,`CNY,`3.00,`0.00,`0,`0,`0.00,`0.00,`,`,`停车费用,`,`0.02000,`0.54%,`3.00,`0.00,`
`2026-04-03 14:33:11,`wxfc262f382d61c3db,`1723333380,`0,`,`4200003071202604033112478436,`b1c9ef4293ef4a828f6eb0e2738db60d,`obt9LvkOlaqW_cQHL1PXOECyPQLU,`JSAPI,`SUCCESS,`OTHERS,`CNY,`3.00,`0.00,`0,`0,`0.00,`0.00,`,`,`停车费用,`,`0.02000,`0.54%,`3.00,`0.00,`
`2026-04-03 11:00:19,`wxfc262f382d61c3db,`1723333380,`0,`,`4200003071202604033864757814,`7f1bcf591ddb4819bf74d610f59f4583,`obt9LvkDH6MAroC7d8JmzSGuJvRg,`JSAPI,`SUCCESS,`OTHERS,`CNY,`3.00,`0.00,`0,`0,`0.00,`0.00,`,`,`停车费用,`,`0.02000,`0.54%,`3.00,`0.00,`
`2026-04-03 21:51:03,`wxfc262f382d61c3db,`1723333380,`0,`,`4200003071202604038404332115,`0aa3de4a00544c17a6eee76f25a8dde5,`obt9LvssQ9InKxskkBROzk4vBBFU,`JSAPI,`SUCCESS,`OTHERS,`CNY,`3.00,`0.00,`0,`0,`0.00,`0.00,`,`,`停车费用,`,`0.02000,`0.54%,`3.00,`0.00,`
`2026-04-03 11:51:02,`wxfc262f382d61c3db,`1723333380,`0,`,`4200003072202604030879378235,`3a37c6d3d47d4724a863b4fa54307500,`obt9Lvkvo3eByxWpMtIfUllZW3Es,`JSAPI,`SUCCESS,`CCB_DEBIT,`CNY,`6.00,`0.00,`0,`0,`0.00,`0.00,`,`,`停车费用,`,`0.03000,`0.54%,`6.00,`0.00,`
`2026-04-03 10:39:08,`wxfc262f382d61c3db,`1723333380,`0,`,`4200003072202604033911418857,`0722aecfad714531b6a7f27da8ba331a,`obt9LvjvPzk1kyKmT6sra9JS8zdo,`JSAPI,`SUCCESS,`OTHERS,`CNY,`3.00,`0.00,`0,`0,`0.00,`0.00,`,`,`停车费用,`,`0.02000,`0.54%,`3.00,`0.00,`
`2026-04-03 16:02:59,`wxfc262f382d61c3db,`1723333380,`0,`,`4200003072202604035622463115,`42938e74d74d48a0b66587e565769af8,`obt9LvkXugUAIEstPplagFzTeTfM,`JSAPI,`SUCCESS,`OTHERS,`CNY,`9.00,`0.00,`0,`0,`0.00,`0.00,`,`,`停车费用,`,`0.05000,`0.54%,`9.00,`0.00,`
`2026-04-03 19:47:03,`wxfc262f382d61c3db,`1723333380,`0,`,`4200003073202604033565520541,`5f13ecfbd1d448f3ad808609ee13d911,`obt9LvlGZDSu497V6XkUjjlWDA3I,`JSAPI,`SUCCESS,`CCB_DEBIT,`CNY,`6.00,`0.00,`0,`0,`0.00,`0.00,`,`,`停车费用,`,`0.03000,`0.54%,`6.00,`0.00,`
`2026-04-03 16:41:21,`wxfc262f382d61c3db,`1723333380,`0,`,`4200003073202604034451379887,`dd5bee86185d412db833f32466047786,`obt9LviYpa6XcVTdaC18PWBIvdso,`JSAPI,`SUCCESS,`OTHERS,`CNY,`3.00,`0.00,`0,`0,`0.00,`0.00,`,`,`停车费用,`,`0.02000,`0.54%,`3.00,`0.00,`
`2026-04-03 11:00:15,`wxfc262f382d61c3db,`1723333380,`0,`,`4200003074202604032611282669,`f5aa4c71fb034617aa82c310c94f4c14,`obt9LvnV5WKX_3DVAONoJs6MtBHQ,`JSAPI,`SUCCESS,`PAB_CREDIT,`CNY,`3.00,`0.00,`0,`0,`0.00,`0.00,`,`,`停车费用,`,`0.02000,`0.54%,`3.00,`0.00,`
`2026-04-03 16:46:46,`wxfc262f382d61c3db,`1723333380,`0,`,`4200003074202604035521485294,`e6aafbad873f44a4aa51752a37e272d3,`obt9LvqirNe_Imi3nzWGTQ-g736c,`JSAPI,`SUCCESS,`OTHERS,`CNY,`15.00,`0.00,`0,`0,`0.00,`0.00,`,`,`停车费用,`,`0.08000,`0.54%,`15.00,`0.00,`
`2026-04-03 14:36:57,`wxfc262f382d61c3db,`1723333380,`0,`,`4200003075202604035396532971,`40edb074bace4c1a82f51db7cbc89292,`obt9LvonEOzD340ftxWHpiaA4B_c,`JSAPI,`SUCCESS,`CCB_CREDIT,`CNY,`3.00,`0.00,`0,`0,`0.00,`0.00,`,`,`停车费用,`,`0.02000,`0.54%,`3.00,`0.00,`
`2026-04-03 17:11:16,`wxfc262f382d61c3db,`1723333380,`0,`,`4200003075202604036613000824,`fe53f3cc65d74b548229b7f9153402b6,`obt9Lvnyr94mLVJUW3L1dN0Xp2fw,`JSAPI,`SUCCESS,`OTHERS,`CNY,`6.00,`0.00,`0,`0,`0.00,`0.00,`,`,`停车费用,`,`0.03000,`0.54%,`6.00,`0.00,`
`2026-04-03 10:42:20,`wxfc262f382d61c3db,`1723333380,`0,`,`4200003076202604033182255902,`10a50e0b44ea4608a8a39fb4671ee6e7,`obt9Lvof84f65M-vlNsOPiegNjOc,`JSAPI,`SUCCESS,`OTHERS,`CNY,`3.00,`0.00,`0,`0,`0.00,`0.00,`,`,`停车费用,`,`0.02000,`0.54%,`3.00,`0.00,`
`2026-04-03 18:39:10,`wxfc262f382d61c3db,`1723333380,`0,`,`4200003076202604034662537871,`7f0601e55fe34da9aff3d2ac54c6ac52,`obt9LvpKmnrQeSlM4Qt5CJX2jJfA,`JSAPI,`SUCCESS,`OTHERS,`CNY,`3.00,`0.00,`0,`0,`0.00,`0.00,`,`,`停车费用,`,`0.02000,`0.54%,`3.00,`0.00,`
`2026-04-03 21:06:00,`wxfc262f382d61c3db,`1723333380,`0,`,`4200003077202604034937929234,`e8b6044774f14c3a9845a0deb3d78189,`obt9LvorzwFOW0Jtt2i42pecJKJk,`JSAPI,`SUCCESS,`OTHERS,`CNY,`3.00,`0.00,`0,`0,`0.00,`0.00,`,`,`停车费用,`,`0.02000,`0.54%,`3.00,`0.00,`
`2026-04-03 17:39:02,`wxfc262f382d61c3db,`1723333380,`0,`,`4200003077202604037314861340,`0ccc6d3986fa489c9666fd62f086775a,`obt9LvpxPj2zvWu0YFjuqfK_2HRM,`JSAPI,`SUCCESS,`OTHERS,`CNY,`3.00,`0.00,`0,`0,`0.00,`0.00,`,`,`停车费用,`,`0.02000,`0.54%,`3.00,`0.00,`
`2026-04-03 16:41:16,`wxfc262f382d61c3db,`1723333380,`0,`,`4200003079202604031808974673,`dc1797652d9b432cbe56216085acb21c,`obt9LvnfTtG4UuY0_3_6aFwoHgmo,`JSAPI,`SUCCESS,`OTHERS,`CNY,`3.00,`0.00,`0,`0,`0.00,`0.00,`,`,`停车费用,`,`0.02000,`0.54%,`3.00,`0.00,`
`2026-04-03 17:27:12,`wxfc262f382d61c3db,`1723333380,`0,`,`4200003081202604031077770093,`81f9d6086b57448282dede1d0f08ce8e,`obt9LvnyhzdvuyLbzF6YzDPxQS5Q,`JSAPI,`SUCCESS,`COMM_CREDIT,`CNY,`6.00,`0.00,`0,`0,`0.00,`0.00,`,`,`停车费用,`,`0.03000,`0.54%,`6.00,`0.00,`
`2026-04-03 21:12:26,`wxfc262f382d61c3db,`1723333380,`0,`,`4200003081202604035238571058,`9bca9272af084bc8a56b96d64ff66172,`obt9LvkS-HLHs6u2Atlj3vvHAUeY,`JSAPI,`SUCCESS,`ABC_CREDIT,`CNY,`3.00,`0.00,`0,`0,`0.00,`0.00,`,`,`停车费用,`,`0.02000,`0.54%,`3.00,`0.00,`
`2026-04-03 21:59:12,`wxfc262f382d61c3db,`1723333380,`0,`,`4200003082202604035310596999,`945f37708ba54ff9bbe32177641b3175,`obt9LvrzL96R1V3o-UFvYgrsoOLo,`JSAPI,`SUCCESS,`OTHERS,`CNY,`3.00,`0.00,`0,`0,`0.00,`0.00,`,`,`停车费用,`,`0.02000,`0.54%,`3.00,`0.00,`
`2026-04-03 20:44:23,`wxfc262f382d61c3db,`1723333380,`0,`,`4200003083202604030933927240,`f25bbd87a19f494098efdd06cf4a63a9,`obt9Lvi6Ad7nQNfXXjMOuA9h3Org,`JSAPI,`SUCCESS,`OTHERS,`CNY,`9.00,`0.00,`0,`0,`0.00,`0.00,`,`,`停车费用,`,`0.05000,`0.54%,`9.00,`0.00,`
`2026-04-03 17:38:17,`wxfc262f382d61c3db,`1723333380,`0,`,`4200003083202604036244150575,`9bae528234e9438788a173388e97471c,`obt9LvtvJP3F2y4Gp-hjhy3PXQoo,`JSAPI,`SUCCESS,`ICBC_DEBIT,`CNY,`3.00,`0.00,`0,`0,`0.00,`0.00,`,`,`停车费用,`,`0.02000,`0.54%,`3.00,`0.00,`
`2026-04-03 10:54:51,`wxfc262f382d61c3db,`1723333380,`0,`,`4200003083202604038406117391,`a5042aef1ba2427086c4f2c3dbcd1b81,`obt9LvtwwThKKxLYMDSfOBi6_WAo,`JSAPI,`SUCCESS,`PAB_CREDIT,`CNY,`3.00,`0.00,`0,`0,`0.00,`0.00,`,`,`停车费用,`,`0.02000,`0.54%,`3.00,`0.00,`
`2026-04-03 11:23:02,`wxfc262f382d61c3db,`1723333380,`0,`,`4200003083202604039993085735,`ae46d772ffef4c63b7146523d36db2c7,`obt9Lvkne-Y3bPI3nRY4HzUbdo_o,`JSAPI,`SUCCESS,`CCB_DEBIT,`CNY,`3.00,`0.00,`0,`0,`0.00,`0.00,`,`,`停车费用,`,`0.02000,`0.54%,`3.00,`0.00,`
`2026-04-03 12:57:04,`wxfc262f382d61c3db,`1723333380,`0,`,`4200003085202604034468807426,`7b6aad4e3c6844b3aeabb678ea197354,`obt9Lvn5zxQF5fSZfh7kJGCl5XvM,`JSAPI,`SUCCESS,`OTHERS,`CNY,`3.00,`0.00,`0,`0,`0.00,`0.00,`,`,`停车费用,`,`0.02000,`0.54%,`3.00,`0.00,`
`2026-04-03 20:45:48,`wxfc262f382d61c3db,`1723333380,`0,`,`4200003086202604031049106184,`852d14d26c5343ceb549171c5ec811bc,`obt9LvvUtBCVibTjHrqPtdBvFDmg,`JSAPI,`SUCCESS,`OTHERS,`CNY,`6.00,`0.00,`0,`0,`0.00,`0.00,`,`,`停车费用,`,`0.03000,`0.54%,`6.00,`0.00,`
`2026-04-03 13:53:03,`wxfc262f382d61c3db,`1723333380,`0,`,`4200003087202604039162015894,`1189349786d14ecfa399995fb66d5e2e,`obt9LvpPdiLFkiw7UmpcMGrMRmLk,`JSAPI,`SUCCESS,`OTHERS,`CNY,`3.00,`0.00,`0,`0,`0.00,`0.00,`,`,`停车费用,`,`0.02000,`0.54%,`3.00,`0.00,`
`2026-04-03 11:22:22,`wxfc262f382d61c3db,`1723333380,`0,`,`4200003088202604031754401370,`3141b3232edf4062b224a4df7c03dfa7,`obt9LvqU2Lqwk6BHB2HQ-bafrhuU,`JSAPI,`SUCCESS,`OTHERS,`CNY,`3.00,`0.00,`0,`0,`0.00,`0.00,`,`,`停车费用,`,`0.02000,`0.54%,`3.00,`0.00,`
`2026-04-03 21:01:39,`wxfc262f382d61c3db,`1723333380,`0,`,`4200003088202604031798512304,`3b9984ec2fa244bcb71de205811eca4c,`obt9Lvm0HKa1QzK4XG7FkntwygSA,`JSAPI,`SUCCESS,`OTHERS,`CNY,`3.00,`0.00,`0,`0,`0.00,`0.00,`,`,`停车费用,`,`0.02000,`0.54%,`3.00,`0.00,`
`2026-04-03 01:11:18,`wxfc262f382d61c3db,`1723333380,`0,`,`4200003088202604031887364023,`1af930c5313a42e78d8180f3185efeb8,`obt9Lvgnzung7bqbZvbrWcPR70xM,`JSAPI,`SUCCESS,`OTHERS,`CNY,`12.00,`0.00,`0,`0,`0.00,`0.00,`,`,`停车费用,`,`0.06000,`0.54%,`12.00,`0.00,`
`2026-04-03 11:43:19,`wxfc262f382d61c3db,`1723333380,`0,`,`4200003088202604034893676001,`ad1f59b7bee54e23b4421182152de76c,`obt9Lvs5zKHMOh46WkxtAowTjGHw,`JSAPI,`SUCCESS,`PAB_CREDIT,`CNY,`6.00,`0.00,`0,`0,`0.00,`0.00,`,`,`停车费用,`,`0.03000,`0.54%,`6.00,`0.00,`
`2026-04-03 18:20:12,`wxfc262f382d61c3db,`1723333380,`0,`,`4200003089202604034248807618,`60a510c722bf446abd2a2e12e95ca50c,`obt9LvoeQxgEMqNEDumkWw5U-XB0,`JSAPI,`SUCCESS,`OTHERS,`CNY,`6.00,`0.00,`0,`0,`0.00,`0.00,`,`,`停车费用,`,`0.03000,`0.54%,`6.00,`0.00,`
`2026-04-03 10:24:38,`wxfc262f382d61c3db,`1723333380,`0,`,`4200003089202604036403446576,`ce6f1718d44a476cb085af96a62d03fa,`obt9LviBVPu1GYpANvfGWD6rDXFk,`JSAPI,`SUCCESS,`PAB_CREDIT,`CNY,`3.00,`0.00,`0,`0,`0.00,`0.00,`,`,`停车费用,`,`0.02000,`0.54%,`3.00,`0.00,`
`2026-04-03 16:33:22,`wxfc262f382d61c3db,`1723333380,`0,`,`4200003089202604039027365111,`c9dda4eb5c774ebb8f6923a823272230,`obt9LvuDyfgDWbxjCGJMLhbj6Qts,`JSAPI,`SUCCESS,`OTHERS,`CNY,`3.00,`0.00,`0,`0,`0.00,`0.00,`,`,`停车费用,`,`0.02000,`0.54%,`3.00,`0.00,`
`2026-04-03 11:15:58,`wxfc262f382d61c3db,`1723333380,`0,`,`4200003090202604031397967514,`5bcbd1f3bc034824b9b77ce99a0a6f12,`obt9LvndoJnPkMMmuoQOXOOCP4tE,`JSAPI,`SUCCESS,`OTHERS,`CNY,`3.00,`0.00,`0,`0,`0.00,`0.00,`,`,`停车费用,`,`0.02000,`0.54%,`3.00,`0.00,`
`2026-04-03 11:28:57,`wxfc262f382d61c3db,`1723333380,`0,`,`4200003090202604035466936812,`739874c528f246559653e09c64b5a44c,`obt9LvpdheKmq2rqoZU-e6JAIz7c,`JSAPI,`SUCCESS,`OTHERS,`CNY,`3.00,`0.00,`0,`0,`0.00,`0.00,`,`,`停车费用,`,`0.02000,`0.54%,`3.00,`0.00,`
`2026-04-03 17:55:00,`wxfc262f382d61c3db,`1723333380,`0,`,`4200003090202604037980397720,`6b05b0b2033648daa123701ccc460a46,`obt9LvnNHv38A3j2sIDtA3i1rju4,`JSAPI,`SUCCESS,`OTHERS,`CNY,`3.00,`0.00,`0,`0,`0.00,`0.00,`,`,`停车费用,`,`0.02000,`0.54%,`3.00,`0.00,`
`2026-04-03 11:57:40,`wxfc262f382d61c3db,`1723333380,`0,`,`4200003091202604034298268364,`d3c34121be1248a189ff789f89006409,`obt9Lvss__01bD9wsU0vINDfNIMs,`JSAPI,`SUCCESS,`OTHERS,`CNY,`6.00,`0.00,`0,`0,`0.00,`0.00,`,`,`停车费用,`,`0.03000,`0.54%,`6.00,`0.00,`
`2026-04-03 20:24:56,`wxfc262f382d61c3db,`1723333380,`0,`,`4200003091202604035081628665,`d76e86850d524f2795be32995f01952b,`obt9LvlHC5nWdB3rcFPd8P42_v7s,`JSAPI,`SUCCESS,`BOC_DEBIT,`CNY,`9.00,`0.00,`0,`0,`0.00,`0.00,`,`,`停车费用,`,`0.05000,`0.54%,`9.00,`0.00,`
`2026-04-03 18:47:51,`wxfc262f382d61c3db,`1723333380,`0,`,`4200003091202604037769415247,`11aaa795441448bf9404c200fcf911a2,`obt9LvqhZ9owWqHo3oUy5yzpTlD0,`JSAPI,`SUCCESS,`OTHERS,`CNY,`3.00,`0.00,`0,`0,`0.00,`0.00,`,`,`停车费用,`,`0.02000,`0.54%,`3.00,`0.00,`
`2026-04-03 17:40:15,`wxfc262f382d61c3db,`1723333380,`0,`,`4200003092202604038863234241,`e12b4ac0c3b44150b9bdbf2c2fce72f5,`obt9LvsDsWjxd1iY5NGAN_5RwwPQ,`JSAPI,`SUCCESS,`OTHERS,`CNY,`3.00,`0.00,`0,`0,`0.00,`0.00,`,`,`停车费用,`,`0.02000,`0.54%,`3.00,`0.00,`
`2026-04-03 19:43:16,`wxfc262f382d61c3db,`1723333380,`0,`,`4200003093202604031431665380,`ec04add7fbf3460e94ee81a7e862b7e1,`obt9LvtPS_ArTjh5x-xM5v5AInH4,`JSAPI,`SUCCESS,`OTHERS,`CNY,`9.00,`0.00,`0,`0,`0.00,`0.00,`,`,`停车费用,`,`0.05000,`0.54%,`9.00,`0.00,`
`2026-04-03 21:52:55,`wxfc262f382d61c3db,`1723333380,`0,`,`4200003093202604034688790044,`ff09a466c03d444e818dbe6f4a98849f,`obt9LvpROFOANdId0xw9kpRcr3R8,`JSAPI,`SUCCESS,`OTHERS,`CNY,`3.00,`0.00,`0,`0,`0.00,`0.00,`,`,`停车费用,`,`0.02000,`0.54%,`3.00,`0.00,`
`2026-04-03 16:58:47,`wxfc262f382d61c3db,`1723333380,`0,`,`4200003093202604037466623724,`7f5d4d31b33344a48620bf89852cdc53,`obt9LvtvzlYYVF2v-prR9o7xigtY,`JSAPI,`SUCCESS,`OTHERS,`CNY,`6.00,`0.00,`0,`0,`0.00,`0.00,`,`,`停车费用,`,`0.03000,`0.54%,`6.00,`0.00,`
`2026-04-03 10:40:49,`wxfc262f382d61c3db,`1723333380,`0,`,`4200003094202604031031762493,`5c43d4cf2cea4bc8b2853bf323a5e8c3,`obt9Lvp-vCkW87ZhUY7jP9khMeHg,`JSAPI,`SUCCESS,`OTHERS,`CNY,`3.00,`0.00,`0,`0,`0.00,`0.00,`,`,`停车费用,`,`0.02000,`0.54%,`3.00,`0.00,`
`2026-04-03 21:36:49,`wxfc262f382d61c3db,`1723333380,`0,`,`4200003094202604035250420212,`d20b4d57297f49f09985eb7b880bc7c2,`obt9LvlcxvDoo1_PMkQ5khhYGxSA,`JSAPI,`SUCCESS,`OTHERS,`CNY,`3.00,`0.00,`0,`0,`0.00,`0.00,`,`,`停车费用,`,`0.02000,`0.54%,`3.00,`0.00,`
`2026-04-03 20:52:13,`wxfc262f382d61c3db,`1723333380,`0,`,`4200003095202604034571675542,`8cabb0fc344645c4be7e995ef36838d6,`obt9Lvl2Emr6ujU9a-8zPKbfP3zM,`JSAPI,`SUCCESS,`OTHERS,`CNY,`3.00,`0.00,`0,`0,`0.00,`0.00,`,`,`停车费用,`,`0.02000,`0.54%,`3.00,`0.00,`
`2026-04-03 12:13:52,`wxfc262f382d61c3db,`1723333380,`0,`,`4200003095202604036288136479,`e5e839b89fe048f696a3b14c05a1d516,`obt9LvvhpaE8Df1tvqrU2elNyhE4,`JSAPI,`SUCCESS,`PAB_CREDIT,`CNY,`6.00,`0.00,`0,`0,`0.00,`0.00,`,`,`停车费用,`,`0.03000,`0.54%,`6.00,`0.00,`
`2026-04-03 21:41:09,`wxfc262f382d61c3db,`1723333380,`0,`,`4200003095202604036315341549,`47b97a8f285a43a2bf22219b55144296,`obt9LvlPpbbdWRst60Ab-7sLym5U,`JSAPI,`SUCCESS,`OTHERS,`CNY,`6.00,`0.00,`0,`0,`0.00,`0.00,`,`,`停车费用,`,`0.03000,`0.54%,`6.00,`0.00,`
`2026-04-03 18:18:12,`wxfc262f382d61c3db,`1723333380,`0,`,`4200003095202604036803683579,`83a7c5505c14470b8053e0f468a46527,`obt9LvrMOFvYVeC6bEmzFWxsm-ys,`JSAPI,`SUCCESS,`OTHERS,`CNY,`3.00,`0.00,`0,`0,`0.00,`0.00,`,`,`停车费用,`,`0.02000,`0.54%,`3.00,`0.00,`
`2026-04-03 18:53:08,`wxfc262f382d61c3db,`1723333380,`0,`,`4200003095202604037054446799,`dfd6b005ac484dd795c7f81dd2c9000e,`obt9Lvn5zxQF5fSZfh7kJGCl5XvM,`JSAPI,`SUCCESS,`OTHERS,`CNY,`3.00,`0.00,`0,`0,`0.00,`0.00,`,`,`停车费用,`,`0.02000,`0.54%,`3.00,`0.00,`
`2026-04-03 17:49:26,`wxfc262f382d61c3db,`1723333380,`0,`,`4200003125202604038351033840,`ed925d5bd90945c08ae6635fad58674d,`obt9Lvkvo3eByxWpMtIfUllZW3Es,`JSAPI,`SUCCESS,`CCB_DEBIT,`CNY,`3.00,`0.00,`0,`0,`0.00,`0.00,`,`,`停车费用,`,`0.02000,`0.54%,`3.00,`0.00,`
`2026-04-03 21:04:35,`wxfc262f382d61c3db,`1723333380,`0,`,`4200003126202604033482430096,`87a5af9c04394b269783530d3ebb8f4d,`obt9LviOcKR4rpQnssz2EGMv8bok,`JSAPI,`SUCCESS,`CCB_DEBIT,`CNY,`12.00,`0.00,`0,`0,`0.00,`0.00,`,`,`停车费用,`,`0.06000,`0.54%,`12.00,`0.00,`
`2026-04-03 20:18:02,`wxfc262f382d61c3db,`1723333380,`0,`,`4200003126202604035647877350,`5a5912c26639415b9d86e3376b43b15a,`obt9LvuLEZqOCPRpGRhHvonbxg4Y,`JSAPI,`SUCCESS,`OTHERS,`CNY,`12.00,`0.00,`0,`0,`0.00,`0.00,`,`,`停车费用,`,`0.06000,`0.54%,`12.00,`0.00,`
`2026-04-03 13:22:40,`wxfc262f382d61c3db,`1723333380,`0,`,`4200003126202604036597088640,`feb92abb6e2641bd93bb422bffa93092,`obt9Lvg9PIkKfD3pcYHf669-vH_k,`JSAPI,`SUCCESS,`OTHERS,`CNY,`3.00,`0.00,`0,`0,`0.00,`0.00,`,`,`停车费用,`,`0.02000,`0.54%,`3.00,`0.00,`
`2026-04-03 22:12:17,`wxfc262f382d61c3db,`1723333380,`0,`,`4200003127202604031637950561,`69ad5b9fec0e4fc380b232241c1ef4e5,`obt9Lvvn6Z8AeA0LNiLMLw3kBAkg,`JSAPI,`SUCCESS,`OTHERS,`CNY,`9.00,`0.00,`0,`0,`0.00,`0.00,`,`,`停车费用,`,`0.05000,`0.54%,`9.00,`0.00,`
`2026-04-03 10:34:40,`wxfc262f382d61c3db,`1723333380,`0,`,`4200003128202604030790869734,`6edd39ff2dfd4f09ab98861e678c8b84,`obt9LvmcH1yRqPSrHZRE0mXTNUEQ,`JSAPI,`SUCCESS,`CIB_CREDIT,`CNY,`3.00,`0.00,`0,`0,`0.00,`0.00,`,`,`停车费用,`,`0.02000,`0.54%,`3.00,`0.00,`
`2026-04-03 09:05:30,`wxfc262f382d61c3db,`1723333380,`0,`,`4200003128202604036867886557,`7e971aa8a3f843f69dc28a911d2cc3d8,`obt9LvvjoTADfjv6OFB-7lgnDMck,`JSAPI,`SUCCESS,`ICBC_DEBIT,`CNY,`15.00,`0.00,`0,`0,`0.00,`0.00,`,`,`停车费用,`,`0.08000,`0.54%,`15.00,`0.00,`
`2026-04-03 21:59:05,`wxfc262f382d61c3db,`1723333380,`0,`,`4200003129202604031486474644,`b2f5207f1b55431f8463bf2dfc6d1b79,`obt9LvnANXxNKSfF9goem7ExfkWw,`JSAPI,`SUCCESS,`OTHERS,`CNY,`3.00,`0.00,`0,`0,`0.00,`0.00,`,`,`停车费用,`,`0.02000,`0.54%,`3.00,`0.00,`
`2026-04-03 21:25:11,`wxfc262f382d61c3db,`1723333380,`0,`,`4200003130202604039812801551,`f78c08dfd526471a8c3de70b2fab34b7,`obt9LvjUwgwvU8izwaoDINLanMM8,`JSAPI,`SUCCESS,`OTHERS,`CNY,`21.00,`0.00,`0,`0,`0.00,`0.00,`,`,`停车费用,`,`0.11000,`0.54%,`21.00,`0.00,`
`2026-04-03 19:46:03,`wxfc262f382d61c3db,`1723333380,`0,`,`4200003131202604033141115913,`aab98ca0df0047948a54dc827c86e1e5,`obt9LvtjtL1caZorjlxzw6Zm_AFY,`JSAPI,`SUCCESS,`CCB_CREDIT,`CNY,`3.00,`0.00,`0,`0,`0.00,`0.00,`,`,`停车费用,`,`0.02000,`0.54%,`3.00,`0.00,`
`2026-04-03 13:33:17,`wxfc262f382d61c3db,`1723333380,`0,`,`4200003132202604034558840385,`1020d02d755f43119db422a5ddcad4ba,`obt9Lvhysv3SAIX69rIT2sIL-rUc,`JSAPI,`SUCCESS,`OTHERS,`CNY,`6.00,`0.00,`0,`0,`0.00,`0.00,`,`,`停车费用,`,`0.03000,`0.54%,`6.00,`0.00,`
`2026-04-03 12:13:55,`wxfc262f382d61c3db,`1723333380,`0,`,`4200003132202604037834009209,`d832bcb6cd80451eb557ae1001f4dc72,`obt9LvgikPQhPUfFsfHbAVOAxHSA,`JSAPI,`SUCCESS,`OTHERS,`CNY,`3.00,`0.00,`0,`0,`0.00,`0.00,`,`,`停车费用,`,`0.02000,`0.54%,`3.00,`0.00,`
`2026-04-03 11:53:06,`wxfc262f382d61c3db,`1723333380,`0,`,`4200003133202604038387387804,`8c53c90ab9b34e188fe9ac1902370a74,`obt9LvtGkh-oARJS9SDcSmDFTYaE,`JSAPI,`SUCCESS,`GDB_CREDIT,`CNY,`6.00,`0.00,`0,`0,`0.00,`0.00,`,`,`停车费用,`,`0.03000,`0.54%,`6.00,`0.00,`
`2026-04-03 11:18:03,`wxfc262f382d61c3db,`1723333380,`0,`,`4200003134202604032921388304,`ccefcce5905046d09ae3380accb99b90,`obt9LvqrztrxHLTABOYtaFdDZfqw,`JSAPI,`SUCCESS,`CCB_CREDIT,`CNY,`6.00,`0.00,`0,`0,`0.00,`0.00,`,`,`停车费用,`,`0.03000,`0.54%,`6.00,`0.00,`
`2026-04-03 20:54:02,`wxfc262f382d61c3db,`1723333380,`0,`,`4200003134202604037729323422,`e41962fe4fb04d1190e327b6c66c438c,`obt9LvsSLUtGPjEQKLdijQySS0yE,`JSAPI,`SUCCESS,`OTHERS,`CNY,`3.00,`0.00,`0,`0,`0.00,`0.00,`,`,`停车费用,`,`0.02000,`0.54%,`3.00,`0.00,`
`2026-04-03 19:03:12,`wxfc262f382d61c3db,`1723333380,`0,`,`4200003135202604039537741489,`18422797b3bc4dc88e295b5d0a31c3ce,`obt9LviuBW4bY8nFEcPQL7ZL_WXE,`JSAPI,`SUCCESS,`OTHERS,`CNY,`3.00,`0.00,`0,`0,`0.00,`0.00,`,`,`停车费用,`,`0.02000,`0.54%,`3.00,`0.00,`
`2026-04-03 10:32:03,`wxfc262f382d61c3db,`1723333380,`0,`,`4200003136202604032642695715,`92f778f3943e4bc19bdec40994cda207,`obt9LvpKmnrQeSlM4Qt5CJX2jJfA,`JSAPI,`SUCCESS,`OTHERS,`CNY,`3.00,`0.00,`0,`0,`0.00,`0.00,`,`,`停车费用,`,`0.02000,`0.54%,`3.00,`0.00,`
`2026-04-03 17:19:48,`wxfc262f382d61c3db,`1723333380,`0,`,`4200003139202604032416589540,`a7cace87e22945ea8fe42964ad84860c,`obt9Lvg9PIkKfD3pcYHf669-vH_k,`JSAPI,`SUCCESS,`OTHERS,`CNY,`6.00,`0.00,`0,`0,`0.00,`0.00,`,`,`停车费用,`,`0.03000,`0.54%,`6.00,`0.00,`
`2026-04-03 19:52:05,`wxfc262f382d61c3db,`1723333380,`0,`,`4200003139202604033291876770,`76271c225d9642f9a16d958083d6d941,`obt9LvsJG5Lk3nEwWwRaBQ7CJmXM,`JSAPI,`SUCCESS,`OTHERS,`CNY,`9.00,`0.00,`0,`0,`0.00,`0.00,`,`,`停车费用,`,`0.05000,`0.54%,`9.00,`0.00,`
`2026-04-03 21:42:01,`wxfc262f382d61c3db,`1723333380,`0,`,`4200003139202604033720612779,`2de4d66488e14849b938b21060cfe03f,`obt9LvpXJ1hpLCORan7wOrpGs1m0,`JSAPI,`SUCCESS,`ICBC_DEBIT,`CNY,`3.00,`0.00,`0,`0,`0.00,`0.00,`,`,`停车费用,`,`0.02000,`0.54%,`3.00,`0.00,`
`2026-04-03 16:57:24,`wxfc262f382d61c3db,`1723333380,`0,`,`4200003139202604036111597872,`2c381b6991c54837a6d9b44fa25f9980,`obt9LvnGtMpRoTaUrfqQMnDPN0hM,`JSAPI,`SUCCESS,`OTHERS,`CNY,`3.00,`0.00,`0,`0,`0.00,`0.00,`,`,`停车费用,`,`0.02000,`0.54%,`3.00,`0.00,`
`2026-04-03 17:13:44,`wxfc262f382d61c3db,`1723333380,`0,`,`4200003140202604032301893245,`fe3ccdc16da24f7c8f4878420dd35332,`obt9Lvql3clRblLv6xqkgitE8IzA,`JSAPI,`SUCCESS,`OTHERS,`CNY,`3.00,`0.00,`0,`0,`0.00,`0.00,`,`,`停车费用,`,`0.02000,`0.54%,`3.00,`0.00,`
`2026-04-03 20:04:55,`wxfc262f382d61c3db,`1723333380,`0,`,`4200003140202604035097638583,`357290d9ad65476d8a0ad0b312c069ac,`obt9Lvl-5UtXGbhNiGpW2M3exZWI,`JSAPI,`SUCCESS,`OTHERS,`CNY,`3.00,`0.00,`0,`0,`0.00,`0.00,`,`,`停车费用,`,`0.02000,`0.54%,`3.00,`0.00,`
`2026-04-03 10:42:46,`wxfc262f382d61c3db,`1723333380,`0,`,`4200003140202604037310133464,`20d1e6514ed44461b600597a58928a59,`obt9LvqD9m8kn5qRo1IswMwOOIus,`JSAPI,`SUCCESS,`OTHERS,`CNY,`3.00,`0.00,`0,`0,`0.00,`0.00,`,`,`停车费用,`,`0.02000,`0.54%,`3.00,`0.00,`
`2026-04-04 18:11:08,`wxfc262f382d61c3db,`1723333380,`0,`,`4200003050202604044503973870,`a9c1bd29680e4c4a9ec946e26300b9e0,`obt9LvqDaTt_A695SdBzCA6EyixI,`JSAPI,`SUCCESS,`ICBC_DEBIT,`CNY,`6.00,`0.00,`0,`0,`0.00,`0.00,`,`,`停车费用,`,`0.03000,`0.54%,`6.00,`0.00,`
`2026-04-04 13:46:26,`wxfc262f382d61c3db,`1723333380,`0,`,`4200003052202604045703756694,`23c07770b1bc4bd28ffc1e3bd157e5f4,`obt9LvsuIaPTB_m8qP28As_TO7Iw,`JSAPI,`SUCCESS,`OTHERS,`CNY,`3.00,`0.00,`0,`0,`0.00,`0.00,`,`,`停车费用,`,`0.02000,`0.54%,`3.00,`0.00,`
`2026-04-04 21:46:10,`wxfc262f382d61c3db,`1723333380,`0,`,`4200003054202604042340742006,`e7d04838a5504e1d89793c42a10a5cbf,`obt9LvhE6UnCZTonDBhcKARnBxhM,`JSAPI,`SUCCESS,`ICBC_DEBIT,`CNY,`3.00,`0.00,`0,`0,`0.00,`0.00,`,`,`停车费用,`,`0.02000,`0.54%,`3.00,`0.00,`
`2026-04-04 14:25:41,`wxfc262f382d61c3db,`1723333380,`0,`,`4200003055202604046030276903,`735de62c12b2415788bbd63d8babac7c,`obt9Lvl-uj86291AtJZ8hpfqd-I8,`JSAPI,`SUCCESS,`OTHERS,`CNY,`3.00,`0.00,`0,`0,`0.00,`0.00,`,`,`停车费用,`,`0.02000,`0.54%,`3.00,`0.00,`
`2026-04-04 16:54:37,`wxfc262f382d61c3db,`1723333380,`0,`,`4200003056202604047998432476,`1479e9ff4bb647be98bd20774650f878,`obt9LviYpa6XcVTdaC18PWBIvdso,`JSAPI,`SUCCESS,`OTHERS,`CNY,`3.00,`0.00,`0,`0,`0.00,`0.00,`,`,`停车费用,`,`0.02000,`0.54%,`3.00,`0.00,`
`2026-04-04 16:02:22,`wxfc262f382d61c3db,`1723333380,`0,`,`4200003057202604048767671162,`4e4cb7060d6b4cd4b5504134d3e5b17a,`obt9Lvh1M7x_Vd_RkzSZqw1sHVmk,`JSAPI,`SUCCESS,`GDB_CREDIT,`CNY,`6.00,`0.00,`0,`0,`0.00,`0.00,`,`,`停车费用,`,`0.03000,`0.54%,`6.00,`0.00,`
`2026-04-04 11:29:39,`wxfc262f382d61c3db,`1723333380,`0,`,`4200003058202604044883465132,`3adb12fb30c24123b071cf53ac93bab8,`obt9LvmvA87JJ4uzkAn94C8NeEiY,`JSAPI,`SUCCESS,`CCB_DEBIT,`CNY,`3.00,`0.00,`0,`0,`0.00,`0.00,`,`,`停车费用,`,`0.02000,`0.54%,`3.00,`0.00,`
`2026-04-04 11:32:12,`wxfc262f382d61c3db,`1723333380,`0,`,`4200003058202604046735473424,`4eb37042c28646289c5c4be7d944d89c,`obt9LvqrztrxHLTABOYtaFdDZfqw,`JSAPI,`SUCCESS,`CCB_CREDIT,`CNY,`3.00,`0.00,`0,`0,`0.00,`0.00,`,`,`停车费用,`,`0.02000,`0.54%,`3.00,`0.00,`
`2026-04-04 18:47:59,`wxfc262f382d61c3db,`1723333380,`0,`,`4200003062202604043027164315,`fcf04c3b8df74b05ba459be9f08cc89d,`obt9Lvq6ZnlIHBg2EoqKz80yM71o,`JSAPI,`SUCCESS,`OTHERS,`CNY,`21.00,`0.00,`0,`0,`0.00,`0.00,`,`,`停车费用,`,`0.11000,`0.54%,`21.00,`0.00,`
`2026-04-04 17:06:25,`wxfc262f382d61c3db,`1723333380,`0,`,`4200003064202604043983029650,`f0b4aa9832ad4371863cf66198aa7879,`obt9LvpRXeM0Vq_tTme0wdENzIRk,`JSAPI,`SUCCESS,`OTHERS,`CNY,`9.00,`0.00,`0,`0,`0.00,`0.00,`,`,`停车费用,`,`0.05000,`0.54%,`9.00,`0.00,`
`2026-04-04 18:55:33,`wxfc262f382d61c3db,`1723333380,`0,`,`4200003064202604045383870588,`500df5798fa2458382f041773cb513e3,`obt9LvpROFOANdId0xw9kpRcr3R8,`JSAPI,`SUCCESS,`OTHERS,`CNY,`6.00,`0.00,`0,`0,`0.00,`0.00,`,`,`停车费用,`,`0.03000,`0.54%,`6.00,`0.00,`
`2026-04-04 18:56:44,`wxfc262f382d61c3db,`1723333380,`0,`,`4200003064202604045626048932,`e54e8282a5d74f88bdad5fd630f80866,`obt9LvjdkNj5qHqwZWyeympPv7Co,`JSAPI,`SUCCESS,`OTHERS,`CNY,`3.00,`0.00,`0,`0,`0.00,`0.00,`,`,`停车费用,`,`0.02000,`0.54%,`3.00,`0.00,`
`2026-04-04 16:42:15,`wxfc262f382d61c3db,`1723333380,`0,`,`4200003064202604049025712636,`affa204f1db54b5480f40e39d68f84c3,`obt9Lvk6vTiWXcgbqTGm7b5ZBR0w,`JSAPI,`SUCCESS,`OTHERS,`CNY,`3.00,`0.00,`0,`0,`0.00,`0.00,`,`,`停车费用,`,`0.02000,`0.54%,`3.00,`0.00,`
`2026-04-04 17:41:17,`wxfc262f382d61c3db,`1723333380,`0,`,`4200003066202604049277973294,`4c1a6e770bef4e7da04e64fd1e280e2e,`obt9Lvqpf1FyiInbi4N-ZehCawag,`JSAPI,`SUCCESS,`OTHERS,`CNY,`3.00,`0.00,`0,`0,`0.00,`0.00,`,`,`停车费用,`,`0.02000,`0.54%,`3.00,`0.00,`
`2026-04-04 09:00:30,`wxfc262f382d61c3db,`1723333380,`0,`,`4200003067202604047123691719,`ed57ebd46e51425cbf1e315223f60fa0,`obt9LvqvDhHcI_fNWgJGe90HxVaw,`JSAPI,`SUCCESS,`OTHERS,`CNY,`18.00,`0.00,`0,`0,`0.00,`0.00,`,`,`停车费用,`,`0.10000,`0.54%,`18.00,`0.00,`
`2026-04-04 19:55:49,`wxfc262f382d61c3db,`1723333380,`0,`,`4200003068202604048575850582,`5c3813e9b82e46e680660e861ca2edb7,`obt9LvrX2fHeO_e2uQj5VXKvJFqY,`JSAPI,`SUCCESS,`COMM_CREDIT,`CNY,`9.00,`0.00,`0,`0,`0.00,`0.00,`,`,`停车费用,`,`0.05000,`0.54%,`9.00,`0.00,`
`2026-04-04 20:51:14,`wxfc262f382d61c3db,`1723333380,`0,`,`4200003070202604042151340947,`9839124e7c0e41c49b39997e79c2c87d,`obt9Lvmx3vdoOi8W9iw9cIJn4nfQ,`JSAPI,`SUCCESS,`OTHERS,`CNY,`9.00,`0.00,`0,`0,`0.00,`0.00,`,`,`停车费用,`,`0.05000,`0.54%,`9.00,`0.00,`
`2026-04-04 17:40:17,`wxfc262f382d61c3db,`1723333380,`0,`,`4200003073202604043427694954,`8ba28fb889094190875d01b7d09053a6,`obt9LvnUJxM4-tRzuA7v2gfm51L0,`JSAPI,`SUCCESS,`OTHERS,`CNY,`3.00,`0.00,`0,`0,`0.00,`0.00,`,`,`停车费用,`,`0.02000,`0.54%,`3.00,`0.00,`
`2026-04-04 16:20:07,`wxfc262f382d61c3db,`1723333380,`0,`,`4200003073202604048013312764,`77d948997629459884cb03e5a76047bc,`obt9LvkD3xEiCLGGG-tK8aaubmPY,`JSAPI,`SUCCESS,`OTHERS,`CNY,`12.00,`0.00,`0,`0,`0.00,`0.00,`,`,`停车费用,`,`0.06000,`0.54%,`12.00,`0.00,`
`2026-04-04 22:04:03,`wxfc262f382d61c3db,`1723333380,`0,`,`4200003073202604049714425648,`6078570a31f34f25958c67e8f92d90f6,`obt9LvoSTxXe9yDWx5EtPJosmWWA,`JSAPI,`SUCCESS,`OTHERS,`CNY,`6.00,`0.00,`0,`0,`0.00,`0.00,`,`,`停车费用,`,`0.03000,`0.54%,`6.00,`0.00,`
`2026-04-04 21:00:21,`wxfc262f382d61c3db,`1723333380,`0,`,`4200003074202604044062826594,`d879e1e93d0148e8810eae1ee888a29b,`obt9LvlIVCokAGmLmmlQ_9n3Nfp0,`JSAPI,`SUCCESS,`OTHERS,`CNY,`12.00,`0.00,`0,`0,`0.00,`0.00,`,`,`停车费用,`,`0.06000,`0.54%,`12.00,`0.00,`
`2026-04-04 20:51:15,`wxfc262f382d61c3db,`1723333380,`0,`,`4200003074202604045672092159,`ec1d5ab0e4574027b3d2572320d22da7,`obt9LvrWoaAtgdw-mtPg2x7Aw4Ms,`JSAPI,`SUCCESS,`OTHERS,`CNY,`3.00,`0.00,`0,`0,`0.00,`0.00,`,`,`停车费用,`,`0.02000,`0.54%,`3.00,`0.00,`
`2026-04-04 19:38:12,`wxfc262f382d61c3db,`1723333380,`0,`,`4200003074202604048748129651,`dd8f64d280e54d68affc78e4326f82ca,`obt9LvpS0_yMhPwUaAA6xXovvhQY,`JSAPI,`SUCCESS,`OTHERS,`CNY,`6.00,`0.00,`0,`0,`0.00,`0.00,`,`,`停车费用,`,`0.03000,`0.54%,`6.00,`0.00,`
`2026-04-04 20:43:53,`wxfc262f382d61c3db,`1723333380,`0,`,`4200003074202604048872494718,`84540aba1009402486141b2f7f3118ed,`obt9LvlBhsoGNrJp7bjZHgV8_JIM,`JSAPI,`SUCCESS,`GDB_CREDIT,`CNY,`3.00,`0.00,`0,`0,`0.00,`0.00,`,`,`停车费用,`,`0.02000,`0.54%,`3.00,`0.00,`
`2026-04-04 18:15:35,`wxfc262f382d61c3db,`1723333380,`0,`,`4200003075202604043228032318,`f1b08f81e7ba4b38bb786dfbc1beb973,`obt9LvjdkNj5qHqwZWyeympPv7Co,`JSAPI,`SUCCESS,`OTHERS,`CNY,`6.00,`0.00,`0,`0,`0.00,`0.00,`,`,`停车费用,`,`0.03000,`0.54%,`6.00,`0.00,`
`2026-04-04 19:07:50,`wxfc262f382d61c3db,`1723333380,`0,`,`4200003076202604043153264470,`77d75c6b04ff482d8ce13d5e5f1b61c9,`obt9LvkgdOiYKOsoH4XqeaPxFQRU,`JSAPI,`SUCCESS,`OTHERS,`CNY,`6.00,`0.00,`0,`0,`0.00,`0.00,`,`,`停车费用,`,`0.03000,`0.54%,`6.00,`0.00,`
`2026-04-04 15:51:18,`wxfc262f382d61c3db,`1723333380,`0,`,`4200003077202604048154835566,`c92f425197a44bf6a7a7b6da59032e03,`obt9Lvr6q9EeycuoUgudpM4fs-rU,`JSAPI,`SUCCESS,`OTHERS,`CNY,`3.00,`0.00,`0,`0,`0.00,`0.00,`,`,`停车费用,`,`0.02000,`0.54%,`3.00,`0.00,`
`2026-04-04 15:38:03,`wxfc262f382d61c3db,`1723333380,`0,`,`4200003078202604043511048548,`cba51da5168445ecbe2bb247e5cd9f90,`obt9LvsB5npUCbM5FMPB3HFLWXDc,`JSAPI,`SUCCESS,`OTHERS,`CNY,`6.00,`0.00,`0,`0,`0.00,`0.00,`,`,`停车费用,`,`0.03000,`0.54%,`6.00,`0.00,`
`2026-04-04 14:57:07,`wxfc262f382d61c3db,`1723333380,`0,`,`4200003080202604049533925518,`06bfff668e224c8c86d11c96adb2da5d,`obt9LvntiXvSIKX6zziPwc0wRdp8,`JSAPI,`SUCCESS,`OTHERS,`CNY,`3.00,`0.00,`0,`0,`0.00,`0.00,`,`,`停车费用,`,`0.02000,`0.54%,`3.00,`0.00,`
`2026-04-04 19:30:04,`wxfc262f382d61c3db,`1723333380,`0,`,`4200003080202604049941842752,`88db1405b4d14de39fdb1b27173f13b7,`obt9LvnFVSQ5qUOejXWn0BOGDCv4,`JSAPI,`SUCCESS,`OTHERS,`CNY,`6.00,`0.00,`0,`0,`0.00,`0.00,`,`,`停车费用,`,`0.03000,`0.54%,`6.00,`0.00,`
`2026-04-04 09:07:09,`wxfc262f382d61c3db,`1723333380,`0,`,`4200003086202604046771884050,`5b7aecfce0224b05ab0cf2171211832c,`obt9LvvjoTADfjv6OFB-7lgnDMck,`JSAPI,`SUCCESS,`OTHERS,`CNY,`15.00,`0.00,`0,`0,`0.00,`0.00,`,`,`停车费用,`,`0.08000,`0.54%,`15.00,`0.00,`
`2026-04-04 13:38:54,`wxfc262f382d61c3db,`1723333380,`0,`,`4200003087202604041342907687,`63b7132844854f70b424077b7dc86ff7,`obt9LvqGMv9g4LMdapATVLWTH-48,`JSAPI,`SUCCESS,`OTHERS,`CNY,`6.00,`0.00,`0,`0,`0.00,`0.00,`,`,`停车费用,`,`0.03000,`0.54%,`6.00,`0.00,`
`2026-04-04 20:40:58,`wxfc262f382d61c3db,`1723333380,`0,`,`4200003087202604042304889922,`27c8ec63bf7e4afd9407e07d6e4871e3,`obt9LviPnYN008aUN0D199Grb6YY,`JSAPI,`SUCCESS,`OTHERS,`CNY,`15.00,`0.00,`0,`0,`0.00,`0.00,`,`,`停车费用,`,`0.08000,`0.54%,`15.00,`0.00,`
`2026-04-04 20:04:26,`wxfc262f382d61c3db,`1723333380,`0,`,`4200003087202604043032239436,`06d92a9c4a7f4bb79e4cf119f7bd90a8,`obt9LvsClUnc2Y2k2JAayQO8sNKw,`JSAPI,`SUCCESS,`OTHERS,`CNY,`12.00,`0.00,`0,`0,`0.00,`0.00,`,`,`停车费用,`,`0.06000,`0.54%,`12.00,`0.00,`
`2026-04-04 20:27:18,`wxfc262f382d61c3db,`1723333380,`0,`,`4200003087202604048385788530,`d78ed6c8396a47afb4a916c1862d46b1,`obt9LvvlloJQ9__mwdyyNUoEk0CQ,`JSAPI,`SUCCESS,`OTHERS,`CNY,`6.00,`0.00,`0,`0,`0.00,`0.00,`,`,`停车费用,`,`0.03000,`0.54%,`6.00,`0.00,`
`2026-04-04 18:33:37,`wxfc262f382d61c3db,`1723333380,`0,`,`4200003088202604042114267859,`91fbc3fc46be4ac5a5d124c45851e3fd,`obt9LvnbYziESW7mySmbUIc4QT9E,`JSAPI,`SUCCESS,`OTHERS,`CNY,`6.00,`0.00,`0,`0,`0.00,`0.00,`,`,`停车费用,`,`0.03000,`0.54%,`6.00,`0.00,`
`2026-04-04 15:13:49,`wxfc262f382d61c3db,`1723333380,`0,`,`4200003088202604042202608997,`6d1ef0f049f14897af6ae37f92f03b1a,`obt9LvqNkAaBkZhgIGyXODGkn_Vc,`JSAPI,`SUCCESS,`OTHERS,`CNY,`3.00,`0.00,`0,`0,`0.00,`0.00,`,`,`停车费用,`,`0.02000,`0.54%,`3.00,`0.00,`
`2026-04-04 21:34:07,`wxfc262f382d61c3db,`1723333380,`0,`,`4200003088202604043874546480,`4bd66ad8c57549639b8badf9bde64b1e,`obt9LvvyBoBSzL7VPf3N-r0gBzn8,`JSAPI,`SUCCESS,`OTHERS,`CNY,`3.00,`0.00,`0,`0,`0.00,`0.00,`,`,`停车费用,`,`0.02000,`0.54%,`3.00,`0.00,`
`2026-04-04 20:51:13,`wxfc262f382d61c3db,`1723333380,`0,`,`4200003088202604047766391800,`5d818bb328814aea9c9eb65032d292fd,`obt9LvmvA87JJ4uzkAn94C8NeEiY,`JSAPI,`SUCCESS,`CCB_DEBIT,`CNY,`6.00,`0.00,`0,`0,`0.00,`0.00,`,`,`停车费用,`,`0.03000,`0.54%,`6.00,`0.00,`
`2026-04-04 21:02:24,`wxfc262f382d61c3db,`1723333380,`0,`,`4200003089202604043593072196,`a7925849f51a49e9988df2c2d675bf09,`obt9LvgG-p1SFaCS58nUA0LDnTeM,`JSAPI,`SUCCESS,`OTHERS,`CNY,`6.00,`0.00,`0,`0,`0.00,`0.00,`,`,`停车费用,`,`0.03000,`0.54%,`6.00,`0.00,`
`2026-04-04 18:07:02,`wxfc262f382d61c3db,`1723333380,`0,`,`4200003089202604044037191797,`76401595e0e74b809354647586d4f0dd,`obt9Lvhs0HArj2ZdGxqRap13agmQ,`JSAPI,`SUCCESS,`OTHERS,`CNY,`3.00,`0.00,`0,`0,`0.00,`0.00,`,`,`停车费用,`,`0.02000,`0.54%,`3.00,`0.00,`
`2026-04-04 19:08:59,`wxfc262f382d61c3db,`1723333380,`0,`,`4200003090202604047154902282,`5d0eb0b9869f4ef4981154c6d905e978,`obt9Lvn1jiYv2kjH-xDtvax0QTVY,`JSAPI,`SUCCESS,`OTHERS,`CNY,`6.00,`0.00,`0,`0,`0.00,`0.00,`,`,`停车费用,`,`0.03000,`0.54%,`6.00,`0.00,`
`2026-04-04 20:07:23,`wxfc262f382d61c3db,`1723333380,`0,`,`4200003091202604042252000820,`43ae7f7765594d4fb734f69cc4893d4c,`obt9LvmefYyMGm80gKVsIESJm1Jw,`JSAPI,`SUCCESS,`OTHERS,`CNY,`3.00,`0.00,`0,`0,`0.00,`0.00,`,`,`停车费用,`,`0.02000,`0.54%,`3.00,`0.00,`
`2026-04-04 17:11:51,`wxfc262f382d61c3db,`1723333380,`0,`,`4200003091202604049472010425,`80fe01fdd0e44707b7ef259f5b1f1e34,`obt9LvvpHuz9PX5HD7kj7tpwYKLc,`JSAPI,`SUCCESS,`OTHERS,`CNY,`6.00,`0.00,`0,`0,`0.00,`0.00,`,`,`停车费用,`,`0.03000,`0.54%,`6.00,`0.00,`
`2026-04-04 22:17:12,`wxfc262f382d61c3db,`1723333380,`0,`,`4200003093202604040342991351,`bc51d6bbc0fa4775aedcb210f880a4c0,`obt9LvlKJgTjCs0rFTlNw_hpuA_w,`JSAPI,`SUCCESS,`OTHERS,`CNY,`3.00,`0.00,`0,`0,`0.00,`0.00,`,`,`停车费用,`,`0.02000,`0.54%,`3.00,`0.00,`
`2026-04-04 19:12:26,`wxfc262f382d61c3db,`1723333380,`0,`,`4200003094202604040680717517,`06f06b142ca245ada1ddaf09e6be624e,`obt9LvhNI68iXmFyz5VOrQ9ClcZc,`JSAPI,`SUCCESS,`OTHERS,`CNY,`3.00,`0.00,`0,`0,`0.00,`0.00,`,`,`停车费用,`,`0.02000,`0.54%,`3.00,`0.00,`
`2026-04-04 19:31:48,`wxfc262f382d61c3db,`1723333380,`0,`,`4200003094202604049881745159,`8bb2a4b7ffd34bf3b76cf9be72b1c824,`obt9LvljfDDFyECafbPhOL5vpKuM,`JSAPI,`SUCCESS,`OTHERS,`CNY,`3.00,`0.00,`0,`0,`0.00,`0.00,`,`,`停车费用,`,`0.02000,`0.54%,`3.00,`0.00,`
`2026-04-04 17:07:39,`wxfc262f382d61c3db,`1723333380,`0,`,`4200003095202604048992241845,`29e5c7ad3f534948bc1e6766c38b2508,`obt9LvqhZ9owWqHo3oUy5yzpTlD0,`JSAPI,`SUCCESS,`OTHERS,`CNY,`3.00,`0.00,`0,`0,`0.00,`0.00,`,`,`停车费用,`,`0.02000,`0.54%,`3.00,`0.00,`
`2026-04-04 23:04:49,`wxfc262f382d61c3db,`1723333380,`0,`,`4200003096202604049587230138,`d7f07b1ceb7a454fb32b386bd200aec1,`obt9LvkikMiqsHZ907gUpNMLhe70,`JSAPI,`SUCCESS,`PSBC_DEBIT,`CNY,`3.00,`0.00,`0,`0,`0.00,`0.00,`,`,`停车费用,`,`0.02000,`0.54%,`3.00,`0.00,`
`2026-04-04 21:00:11,`wxfc262f382d61c3db,`1723333380,`0,`,`4200003126202604045830357684,`59ab1f4cbfcb480d8a2dfe819922406b,`obt9LvgoEmogZE_g-HHzx6ZL0ilo,`JSAPI,`SUCCESS,`OTHERS,`CNY,`6.00,`0.00,`0,`0,`0.00,`0.00,`,`,`停车费用,`,`0.03000,`0.54%,`6.00,`0.00,`
`2026-04-04 15:14:06,`wxfc262f382d61c3db,`1723333380,`0,`,`4200003127202604042093368985,`ab023caf064d45fb8230ddffa6d7aa61,`obt9LvlPpbbdWRst60Ab-7sLym5U,`JSAPI,`SUCCESS,`OTHERS,`CNY,`9.00,`0.00,`0,`0,`0.00,`0.00,`,`,`停车费用,`,`0.05000,`0.54%,`9.00,`0.00,`
`2026-04-04 19:44:53,`wxfc262f382d61c3db,`1723333380,`0,`,`4200003127202604044672163414,`417b00cb6903482ba69b3c8a1b6dd7d7,`obt9LvscIiGnEy-BgmrYdERf-4KU,`JSAPI,`SUCCESS,`OTHERS,`CNY,`3.00,`0.00,`0,`0,`0.00,`0.00,`,`,`停车费用,`,`0.02000,`0.54%,`3.00,`0.00,`
`2026-04-04 20:36:26,`wxfc262f382d61c3db,`1723333380,`0,`,`4200003128202604046076880877,`cb9c66685e054362a0a8652750ebf6d5,`obt9LvvqkDAueDiZsnQUy_kmXm8U,`JSAPI,`SUCCESS,`OTHERS,`CNY,`3.00,`0.00,`0,`0,`0.00,`0.00,`,`,`停车费用,`,`0.02000,`0.54%,`3.00,`0.00,`
`2026-04-04 17:13:00,`wxfc262f382d61c3db,`1723333380,`0,`,`4200003129202604043725535518,`be016911898a4de0a6313a14b73edaf1,`obt9LvnIZjpIqSGMb4V80j2aVco8,`JSAPI,`SUCCESS,`HRXJB_DEBIT,`CNY,`3.00,`0.00,`0,`0,`0.00,`0.00,`,`,`停车费用,`,`0.02000,`0.54%,`3.00,`0.00,`
`2026-04-04 16:19:05,`wxfc262f382d61c3db,`1723333380,`0,`,`4200003129202604046757691166,`8faf80c6cdf542b7a2881ee9da0db91e,`obt9LvsNvw0PjJqLbBPfcLFQfSCA,`JSAPI,`SUCCESS,`OTHERS,`CNY,`6.00,`0.00,`0,`0,`0.00,`0.00,`,`,`停车费用,`,`0.03000,`0.54%,`6.00,`0.00,`
`2026-04-04 21:02:10,`wxfc262f382d61c3db,`1723333380,`0,`,`4200003129202604049089003948,`09f0cc67425547d68d270146bce923fc,`obt9LvrHsygSz__1wXQOhAkihxTg,`JSAPI,`SUCCESS,`OTHERS,`CNY,`12.00,`0.00,`0,`0,`0.00,`0.00,`,`,`停车费用,`,`0.06000,`0.54%,`12.00,`0.00,`
`2026-04-04 21:10:08,`wxfc262f382d61c3db,`1723333380,`0,`,`4200003130202604048029452314,`a3993f4ff4f240509975ef54f38eef95,`obt9LvlNahCC6lGMHqxU4N1QqbFc,`JSAPI,`SUCCESS,`OTHERS,`CNY,`6.00,`0.00,`0,`0,`0.00,`0.00,`,`,`停车费用,`,`0.03000,`0.54%,`6.00,`0.00,`
`2026-04-04 18:05:16,`wxfc262f382d61c3db,`1723333380,`0,`,`4200003131202604044775239401,`2db21ca05f874836ba94d01200fd6570,`obt9Lvt_ok1DKsorLNSViQBLT_Ug,`JSAPI,`SUCCESS,`CSCB_DEBIT,`CNY,`6.00,`0.00,`0,`0,`0.00,`0.00,`,`,`停车费用,`,`0.03000,`0.54%,`6.00,`0.00,`
`2026-04-04 17:58:51,`wxfc262f382d61c3db,`1723333380,`0,`,`4200003133202604043832414137,`f7cf3f1cbaeb429a93cac198a47c8078,`obt9LvlZ94JS_CYq_SJ0rxynrAhI,`JSAPI,`SUCCESS,`OTHERS,`CNY,`6.00,`0.00,`0,`0,`0.00,`0.00,`,`,`停车费用,`,`0.03000,`0.54%,`6.00,`0.00,`
`2026-04-04 21:01:34,`wxfc262f382d61c3db,`1723333380,`0,`,`4200003133202604047145362182,`4263782f7c8d44ea9ac2487c694e260b,`obt9LvgwjUol3X4a_g_cSTXlvTeM,`JSAPI,`SUCCESS,`CCB_DEBIT,`CNY,`6.00,`0.00,`0,`0,`0.00,`0.00,`,`,`停车费用,`,`0.03000,`0.54%,`6.00,`0.00,`
`2026-04-04 21:43:29,`wxfc262f382d61c3db,`1723333380,`0,`,`4200003133202604048285039609,`dc792090cbce49eea72a9ecf001cf5e7,`obt9Lvk4pVCxgpNpONZsBFSa5ggo,`JSAPI,`SUCCESS,`OTHERS,`CNY,`6.00,`0.00,`0,`0,`0.00,`0.00,`,`,`停车费用,`,`0.03000,`0.54%,`6.00,`0.00,`
`2026-04-04 20:10:39,`wxfc262f382d61c3db,`1723333380,`0,`,`4200003135202604043127911190,`b3d228da60b4443c81e33f849cb869e4,`obt9LvsyH-o6oFqCcudegSzWbkSc,`JSAPI,`SUCCESS,`CMB_DEBIT,`CNY,`6.00,`0.00,`0,`0,`0.00,`0.00,`,`,`停车费用,`,`0.03000,`0.54%,`6.00,`0.00,`
`2026-04-04 19:55:01,`wxfc262f382d61c3db,`1723333380,`0,`,`4200003136202604043928013025,`beecf02c148d4cabb51b749647ec6c67,`obt9Lvug51lSQm9AjTl_OngZXMho,`JSAPI,`SUCCESS,`HUNNX_CREDIT,`CNY,`6.00,`0.00,`0,`0,`0.00,`0.00,`,`,`停车费用,`,`0.03000,`0.54%,`6.00,`0.00,`
`2026-04-04 21:57:42,`wxfc262f382d61c3db,`1723333380,`0,`,`4200003138202604040839664278,`a1336a20dc114e09ae71281c13ef278e,`obt9LvopHrd41ZKrZIzo7QfTDTA4,`JSAPI,`SUCCESS,`OTHERS,`CNY,`3.00,`0.00,`0,`0,`0.00,`0.00,`,`,`停车费用,`,`0.02000,`0.54%,`3.00,`0.00,`
`2026-04-04 21:40:08,`wxfc262f382d61c3db,`1723333380,`0,`,`4200003138202604044306060445,`bd55ef37b6ce445e856a55e99c18ffdc,`obt9Lvm_7_o0PS0EsuDUCvVA8elA,`JSAPI,`SUCCESS,`OTHERS,`CNY,`3.00,`0.00,`0,`0,`0.00,`0.00,`,`,`停车费用,`,`0.02000,`0.54%,`3.00,`0.00,`
`2026-04-04 13:56:03,`wxfc262f382d61c3db,`1723333380,`0,`,`4200003140202604041324242035,`8658df4c9e5d41209d365ef064a65611,`obt9LvuXkmKuFy0xhwIvvoDx98TE,`JSAPI,`SUCCESS,`OTHERS,`CNY,`3.00,`0.00,`0,`0,`0.00,`0.00,`,`,`停车费用,`,`0.02000,`0.54%,`3.00,`0.00,`
`2026-04-05 16:44:13,`wxfc262f382d61c3db,`1723333380,`0,`,`4200003049202604050482568414,`8f323a425f74451580e642a61f42b675,`obt9LvjjihuadTg9M0ngVCGABGkY,`JSAPI,`SUCCESS,`BOC_DEBIT,`CNY,`6.00,`0.00,`0,`0,`0.00,`0.00,`,`,`停车费用,`,`0.03000,`0.54%,`6.00,`0.00,`
`2026-04-05 17:50:15,`wxfc262f382d61c3db,`1723333380,`0,`,`4200003051202604052080212587,`16bb32921184431e9a337d208af47516,`obt9LvrnV3ngXMxTUxyce9J_qkqI,`JSAPI,`SUCCESS,`OTHERS,`CNY,`3.00,`0.00,`0,`0,`0.00,`0.00,`,`,`停车费用,`,`0.02000,`0.54%,`3.00,`0.00,`
`2026-04-05 20:15:57,`wxfc262f382d61c3db,`1723333380,`0,`,`4200003051202604053885806241,`347b0340d4e5479d924cf8adb5baf169,`obt9LvsJG5Lk3nEwWwRaBQ7CJmXM,`JSAPI,`SUCCESS,`OTHERS,`CNY,`24.00,`0.00,`0,`0,`0.00,`0.00,`,`,`停车费用,`,`0.13000,`0.54%,`24.00,`0.00,`
`2026-04-05 20:09:08,`wxfc262f382d61c3db,`1723333380,`0,`,`4200003052202604054222607325,`d3be6913eac543fcac06f9a3e509697a,`obt9Lvp9htYH_jVdrPzuINYZI_yE,`JSAPI,`SUCCESS,`OTHERS,`CNY,`3.00,`0.00,`0,`0,`0.00,`0.00,`,`,`停车费用,`,`0.02000,`0.54%,`3.00,`0.00,`
`2026-04-05 20:21:46,`wxfc262f382d61c3db,`1723333380,`0,`,`4200003052202604059224662237,`40641114ec244567b3bf3fbccb10363b,`obt9LviZrZgIe6KegmwDqhG9CxGs,`JSAPI,`SUCCESS,`OTHERS,`CNY,`3.00,`0.00,`0,`0,`0.00,`0.00,`,`,`停车费用,`,`0.02000,`0.54%,`3.00,`0.00,`
`2026-04-05 14:56:19,`wxfc262f382d61c3db,`1723333380,`0,`,`4200003053202604059037829705,`9401033e8c5845558abd9a0ffec02216,`obt9LvonEOzD340ftxWHpiaA4B_c,`JSAPI,`SUCCESS,`CCB_CREDIT,`CNY,`3.00,`0.00,`0,`0,`0.00,`0.00,`,`,`停车费用,`,`0.02000,`0.54%,`3.00,`0.00,`
`2026-04-05 20:23:58,`wxfc262f382d61c3db,`1723333380,`0,`,`4200003054202604054484008371,`dc43b615d4e249fd8ed5e0605ff9297d,`obt9LvgeewGbZboVXJFr9gbEQ3S0,`JSAPI,`SUCCESS,`ICBC_DEBIT,`CNY,`12.00,`0.00,`0,`0,`0.00,`0.00,`,`,`停车费用,`,`0.06000,`0.54%,`12.00,`0.00,`
`2026-04-05 21:10:05,`wxfc262f382d61c3db,`1723333380,`0,`,`4200003054202604059125529367,`406627ec88654fb295a6ce788ca56106,`obt9LvpIu8MLZVOJqRokauOs4z6E,`JSAPI,`SUCCESS,`OTHERS,`CNY,`3.00,`0.00,`0,`0,`0.00,`0.00,`,`,`停车费用,`,`0.02000,`0.54%,`3.00,`0.00,`
`2026-04-05 21:34:34,`wxfc262f382d61c3db,`1723333380,`0,`,`4200003055202604058516042944,`1f31a6abfd564696aa23de45c6b0312d,`obt9Lvj18BL6ReEnzt9zEiUIy1eI,`JSAPI,`SUCCESS,`OTHERS,`CNY,`3.00,`0.00,`0,`0,`0.00,`0.00,`,`,`停车费用,`,`0.02000,`0.54%,`3.00,`0.00,`
`2026-04-05 22:32:13,`wxfc262f382d61c3db,`1723333380,`0,`,`4200003058202604054774264771,`1d7a82f74327406d828be6c8eac2ef78,`obt9LvhV-MD1Pt-plWROJ0hBHYdA,`JSAPI,`SUCCESS,`OTHERS,`CNY,`3.00,`0.00,`0,`0,`0.00,`0.00,`,`,`停车费用,`,`0.02000,`0.54%,`3.00,`0.00,`
`2026-04-05 22:08:54,`wxfc262f382d61c3db,`1723333380,`0,`,`4200003058202604055251101014,`08d111e03af64fb9ad24afa1783973c9,`obt9Lvg6yTt08d4KzTFyQPCXjU6I,`JSAPI,`SUCCESS,`CMB_CREDIT,`CNY,`6.00,`0.00,`0,`0,`0.00,`0.00,`,`,`停车费用,`,`0.03000,`0.54%,`6.00,`0.00,`
`2026-04-05 16:41:14,`wxfc262f382d61c3db,`1723333380,`0,`,`4200003058202604058582508437,`5dfef24c6dfd47818a026e879b774b67,`obt9Lvka0cdfJz7ZLC43bp-0V5Ls,`JSAPI,`SUCCESS,`OTHERS,`CNY,`6.00,`0.00,`0,`0,`0.00,`0.00,`,`,`停车费用,`,`0.03000,`0.54%,`6.00,`0.00,`
`2026-04-05 16:20:43,`wxfc262f382d61c3db,`1723333380,`0,`,`4200003059202604050364936920,`198a944ceb454593baa5e95ef9738d9c,`obt9LvgzHCCHBdCO4hIBU2gaPvjg,`JSAPI,`SUCCESS,`OTHERS,`CNY,`6.00,`0.00,`0,`0,`0.00,`0.00,`,`,`停车费用,`,`0.03000,`0.54%,`6.00,`0.00,`
`2026-04-05 17:09:19,`wxfc262f382d61c3db,`1723333380,`0,`,`4200003060202604050409681705,`d69ab6f4c9204a1b84461195f6f3ff88,`obt9Lvjb77swSaCNY-gg06MMN2Es,`JSAPI,`SUCCESS,`PSBC_DEBIT,`CNY,`18.00,`0.00,`0,`0,`0.00,`0.00,`,`,`停车费用,`,`0.10000,`0.54%,`18.00,`0.00,`
`2026-04-05 16:07:07,`wxfc262f382d61c3db,`1723333380,`0,`,`4200003060202604052595603419,`02a57c15c96d4bcf9595ffcdfca9059c,`obt9LvnlpDJMHoG6gXtjAmmGwCUg,`JSAPI,`SUCCESS,`CCB_DEBIT,`CNY,`15.00,`0.00,`0,`0,`0.00,`0.00,`,`,`停车费用,`,`0.08000,`0.54%,`15.00,`0.00,`
`2026-04-05 18:30:02,`wxfc262f382d61c3db,`1723333380,`0,`,`4200003060202604052870092778,`06a438a2b5e745eea211bb90cebf7f6a,`obt9LvgPX1bmTgSuVUIYzMqjPYGs,`JSAPI,`SUCCESS,`OTHERS,`CNY,`3.00,`0.00,`0,`0,`0.00,`0.00,`,`,`停车费用,`,`0.02000,`0.54%,`3.00,`0.00,`
`2026-04-05 21:04:05,`wxfc262f382d61c3db,`1723333380,`0,`,`4200003060202604057836603305,`c65a70b0c594477cb7ae68152046f309,`obt9LvuSXH_ZVUol0MGS4Dcy5eA8,`JSAPI,`SUCCESS,`OTHERS,`CNY,`3.00,`0.00,`0,`0,`0.00,`0.00,`,`,`停车费用,`,`0.02000,`0.54%,`3.00,`0.00,`
`2026-04-05 16:02:27,`wxfc262f382d61c3db,`1723333380,`0,`,`4200003061202604057616464812,`2b54354d939847d1813a4e95e20458fb,`obt9Lvsa801t2vG9w1B2vpy-2A84,`JSAPI,`SUCCESS,`HRXJB_DEBIT,`CNY,`3.00,`0.00,`0,`0,`0.00,`0.00,`,`,`停车费用,`,`0.02000,`0.54%,`3.00,`0.00,`
`2026-04-05 21:04:09,`wxfc262f382d61c3db,`1723333380,`0,`,`4200003062202604056080380565,`039e414c1e094b45b6c87ee2378038df,`obt9LvlbygN5jt9iszJ5LUVDsmck,`JSAPI,`SUCCESS,`COMM_CREDIT,`CNY,`3.00,`0.00,`0,`0,`0.00,`0.00,`,`,`停车费用,`,`0.02000,`0.54%,`3.00,`0.00,`
`2026-04-05 16:07:30,`wxfc262f382d61c3db,`1723333380,`0,`,`4200003062202604057533090011,`32c5cef0703a4caf8cd6472caa0ed138,`obt9Lvipakzn78pzPSkz08IL05qU,`JSAPI,`SUCCESS,`OTHERS,`CNY,`3.00,`0.00,`0,`0,`0.00,`0.00,`,`,`停车费用,`,`0.02000,`0.54%,`3.00,`0.00,`
`2026-04-05 18:36:32,`wxfc262f382d61c3db,`1723333380,`0,`,`4200003062202604058704052944,`56656f8eb34f4b92b55e2d404be45881,`obt9LvkTcvvbR-w4aAeI8Dcp8a10,`JSAPI,`SUCCESS,`BOB_DEBIT,`CNY,`9.00,`0.00,`0,`0,`0.00,`0.00,`,`,`停车费用,`,`0.05000,`0.54%,`9.00,`0.00,`
`2026-04-05 12:51:23,`wxfc262f382d61c3db,`1723333380,`0,`,`4200003062202604059783173198,`0cb2d157bfcf4a3695917f77481428ea,`obt9LvqPS5D1Nj-BQ-oq4KnDMu4o,`JSAPI,`SUCCESS,`OTHERS,`CNY,`3.00,`0.00,`0,`0,`0.00,`0.00,`,`,`停车费用,`,`0.02000,`0.54%,`3.00,`0.00,`
`2026-04-05 20:36:41,`wxfc262f382d61c3db,`1723333380,`0,`,`4200003063202604053935268782,`11e7f15f26e9471791248893d10a1930,`obt9LviY0gOAEs6PkEveDKAwM6h4,`JSAPI,`SUCCESS,`OTHERS,`CNY,`12.00,`0.00,`0,`0,`0.00,`0.00,`,`,`停车费用,`,`0.06000,`0.54%,`12.00,`0.00,`
`2026-04-05 16:56:47,`wxfc262f382d61c3db,`1723333380,`0,`,`4200003063202604054372174165,`73a62feb03644741b2d0fbe684b88f6c,`obt9LvqwBPKeQOt2l4bX8NRJy4FI,`JSAPI,`SUCCESS,`OTHERS,`CNY,`6.00,`0.00,`0,`0,`0.00,`0.00,`,`,`停车费用,`,`0.03000,`0.54%,`6.00,`0.00,`
`2026-04-05 21:30:30,`wxfc262f382d61c3db,`1723333380,`0,`,`4200003064202604058031664943,`d90d5451af7e4de4a5a408a4d61f93e2,`obt9Lvqj67d8k1-Z4fbYm0w_uFk0,`JSAPI,`SUCCESS,`OTHERS,`CNY,`3.00,`0.00,`0,`0,`0.00,`0.00,`,`,`停车费用,`,`0.02000,`0.54%,`3.00,`0.00,`
`2026-04-05 20:14:29,`wxfc262f382d61c3db,`1723333380,`0,`,`4200003066202604052955361490,`f7b5c75422f34f59aba84625c64dc55d,`obt9LvrUyx6ECXn6Y09EbXGawBKA,`JSAPI,`SUCCESS,`OTHERS,`CNY,`6.00,`0.00,`0,`0,`0.00,`0.00,`,`,`停车费用,`,`0.03000,`0.54%,`6.00,`0.00,`
`2026-04-05 20:04:59,`wxfc262f382d61c3db,`1723333380,`0,`,`4200003068202604054491001131,`e261b3581d4e4c6ab7956251ae3480d2,`obt9LviCTVXuVGLyGaKJB9WOjyWw,`JSAPI,`SUCCESS,`OTHERS,`CNY,`6.00,`0.00,`0,`0,`0.00,`0.00,`,`,`停车费用,`,`0.03000,`0.54%,`6.00,`0.00,`
`2026-04-05 18:46:54,`wxfc262f382d61c3db,`1723333380,`0,`,`4200003068202604054673760274,`0d0d759770a94da7b166458141bea106,`obt9LvnlhbKQIu5zf0kkRvYAlKGU,`JSAPI,`SUCCESS,`OTHERS,`CNY,`12.00,`0.00,`0,`0,`0.00,`0.00,`,`,`停车费用,`,`0.06000,`0.54%,`12.00,`0.00,`
`2026-04-05 16:42:47,`wxfc262f382d61c3db,`1723333380,`0,`,`4200003069202604050870474209,`0af893cc6dfa4c7fabbc0d4f5dca8178,`obt9Lvv-B2j7tUGpeN5tIYKBMXsw,`JSAPI,`SUCCESS,`CCB_CREDIT,`CNY,`6.00,`0.00,`0,`0,`0.00,`0.00,`,`,`停车费用,`,`0.03000,`0.54%,`6.00,`0.00,`
`2026-04-05 18:15:57,`wxfc262f382d61c3db,`1723333380,`0,`,`4200003069202604056080200350,`7d2aa51149a24e73a8550f0a133bd96d,`obt9LvuMq_mY_WcvPnXGkpQxNXpM,`JSAPI,`SUCCESS,`OTHERS,`CNY,`3.00,`0.00,`0,`0,`0.00,`0.00,`,`,`停车费用,`,`0.02000,`0.54%,`3.00,`0.00,`
`2026-04-05 23:03:43,`wxfc262f382d61c3db,`1723333380,`0,`,`4200003070202604050336224852,`7fa525714cc84afea9dba588749ee02d,`obt9Lvvn6Z8AeA0LNiLMLw3kBAkg,`JSAPI,`SUCCESS,`OTHERS,`CNY,`3.00,`0.00,`0,`0,`0.00,`0.00,`,`,`停车费用,`,`0.02000,`0.54%,`3.00,`0.00,`
`2026-04-05 12:59:28,`wxfc262f382d61c3db,`1723333380,`0,`,`4200003070202604053581472025,`9967608644934b04843023320f9b8d44,`obt9Lviw1k9oNdynjOTv8AruslYg,`JSAPI,`SUCCESS,`OTHERS,`CNY,`3.00,`0.00,`0,`0,`0.00,`0.00,`,`,`停车费用,`,`0.02000,`0.54%,`3.00,`0.00,`
`2026-04-05 14:34:46,`wxfc262f382d61c3db,`1723333380,`0,`,`4200003070202604056008377181,`85378f9777d845e2b0b7beae62a1c337,`obt9LvrzPvwZpBItXNR8phiXnXs0,`JSAPI,`SUCCESS,`HXB_DEBIT,`CNY,`6.00,`0.00,`0,`0,`0.00,`0.00,`,`,`停车费用,`,`0.03000,`0.54%,`6.00,`0.00,`
`2026-04-05 15:32:29,`wxfc262f382d61c3db,`1723333380,`0,`,`4200003071202604055258776016,`d9a47c78e4e248af9fd9384b231a2b6f,`obt9LviOtGOVOSEXkh9H4FN-0JbI,`JSAPI,`SUCCESS,`OTHERS,`CNY,`12.00,`0.00,`0,`0,`0.00,`0.00,`,`,`停车费用,`,`0.06000,`0.54%,`12.00,`0.00,`
`2026-04-05 20:18:15,`wxfc262f382d61c3db,`1723333380,`0,`,`4200003072202604050725302568,`eddaa1fabbf2471fab401294d566a09b,`obt9LvqwVFXBq3W3xEpvzSwk3m8s,`JSAPI,`SUCCESS,`ICBC_DEBIT,`CNY,`9.00,`0.00,`0,`0,`0.00,`0.00,`,`,`停车费用,`,`0.05000,`0.54%,`9.00,`0.00,`
`2026-04-05 15:27:35,`wxfc262f382d61c3db,`1723333380,`0,`,`4200003072202604057566486778,`49864188c61448638c5762947c7539a0,`obt9Lvp4H8yP25Xdjn4ynlV422bU,`JSAPI,`SUCCESS,`OTHERS,`CNY,`3.00,`0.00,`0,`0,`0.00,`0.00,`,`,`停车费用,`,`0.02000,`0.54%,`3.00,`0.00,`
`2026-04-05 21:38:14,`wxfc262f382d61c3db,`1723333380,`0,`,`4200003072202604058633559814,`535b78f3a6a14329856bf66bacc00869,`obt9Lvgf78BJ2M3O2PFSSva6fbpo,`JSAPI,`SUCCESS,`OTHERS,`CNY,`3.00,`0.00,`0,`0,`0.00,`0.00,`,`,`停车费用,`,`0.02000,`0.54%,`3.00,`0.00,`
`2026-04-05 17:36:38,`wxfc262f382d61c3db,`1723333380,`0,`,`4200003073202604055071501768,`e07db43081b1402bb8596cba094abcb4,`obt9LvquLtHWezRiSod1vI6UjVCc,`JSAPI,`SUCCESS,`OTHERS,`CNY,`6.00,`0.00,`0,`0,`0.00,`0.00,`,`,`停车费用,`,`0.03000,`0.54%,`6.00,`0.00,`
`2026-04-05 17:53:29,`wxfc262f382d61c3db,`1723333380,`0,`,`4200003075202604057907036915,`b71a2aa4b6fd49dc9ac007c65bb1b300,`obt9Lvnzn8BZjR0GdXrD9ymGWKRI,`JSAPI,`SUCCESS,`ICBC_DEBIT,`CNY,`6.00,`0.00,`0,`0,`0.00,`0.00,`,`,`停车费用,`,`0.03000,`0.54%,`6.00,`0.00,`
`2026-04-05 22:12:25,`wxfc262f382d61c3db,`1723333380,`0,`,`4200003076202604053552248525,`a41ae0dc4d364f599957a387b668ae25,`obt9LvnexxNo6NbREjWc5U7e0ApE,`JSAPI,`SUCCESS,`OTHERS,`CNY,`3.00,`0.00,`0,`0,`0.00,`0.00,`,`,`停车费用,`,`0.02000,`0.54%,`3.00,`0.00,`
`2026-04-05 21:46:57,`wxfc262f382d61c3db,`1723333380,`0,`,`4200003076202604056732845703,`95e10eb4d6eb4ec5b49a862a06c5a52c,`obt9Lvom_5Dcvf1pfI2eMK-HXPG8,`JSAPI,`SUCCESS,`OTHERS,`CNY,`3.00,`0.00,`0,`0,`0.00,`0.00,`,`,`停车费用,`,`0.02000,`0.54%,`3.00,`0.00,`
`2026-04-05 20:21:14,`wxfc262f382d61c3db,`1723333380,`0,`,`4200003077202604056206740774,`82f917e77cb04fe59745f63080fd7aa2,`obt9LvgJz_mJYja7ntffocbgc0BQ,`JSAPI,`SUCCESS,`OTHERS,`CNY,`6.00,`0.00,`0,`0,`0.00,`0.00,`,`,`停车费用,`,`0.03000,`0.54%,`6.00,`0.00,`
`2026-04-05 19:23:29,`wxfc262f382d61c3db,`1723333380,`0,`,`4200003077202604059165230230,`ba58e8d728834eab9980656cea894bb3,`obt9LviG6ELAA2xg_Of1Cu2P8GKc,`JSAPI,`SUCCESS,`OTHERS,`CNY,`3.00,`0.00,`0,`0,`0.00,`0.00,`,`,`停车费用,`,`0.02000,`0.54%,`3.00,`0.00,`
`2026-04-05 16:09:42,`wxfc262f382d61c3db,`1723333380,`0,`,`4200003078202604051431684951,`9930254271454ac38de92b7ea0372f63,`obt9Lvpwbo52TKAoiLigHzxeL810,`JSAPI,`SUCCESS,`OTHERS,`CNY,`3.00,`0.00,`0,`0,`0.00,`0.00,`,`,`停车费用,`,`0.02000,`0.54%,`3.00,`0.00,`
`2026-04-05 20:04:14,`wxfc262f382d61c3db,`1723333380,`0,`,`4200003078202604054375779862,`becd63453b4345fd900296148c314017,`obt9Lvk92sXtyapDQskIokwmogOA,`JSAPI,`SUCCESS,`OTHERS,`CNY,`3.00,`0.00,`0,`0,`0.00,`0.00,`,`,`停车费用,`,`0.02000,`0.54%,`3.00,`0.00,`
`2026-04-05 17:48:22,`wxfc262f382d61c3db,`1723333380,`0,`,`4200003078202604056168309296,`5a1d377a08a9489091cb2489c3a99620,`obt9Lvu9CwqhwZ092vhM6a4to4RQ,`JSAPI,`SUCCESS,`OTHERS,`CNY,`3.00,`0.00,`0,`0,`0.00,`0.00,`,`,`停车费用,`,`0.02000,`0.54%,`3.00,`0.00,`
`2026-04-05 21:55:40,`wxfc262f382d61c3db,`1723333380,`0,`,`4200003079202604050440492480,`b720482e40da4d649096a312b339742f,`obt9LvrFfHtoxQ9WtfRNlPVFUKuQ,`JSAPI,`SUCCESS,`OTHERS,`CNY,`9.00,`0.00,`0,`0,`0.00,`0.00,`,`,`停车费用,`,`0.05000,`0.54%,`9.00,`0.00,`
`2026-04-05 18:00:51,`wxfc262f382d61c3db,`1723333380,`0,`,`4200003079202604051173304775,`91cfee20073342f0b36f9bd39b34ab74,`obt9LvqqQ1M2Jur5Oqef6ocnji4k,`JSAPI,`SUCCESS,`BOC_DEBIT,`CNY,`6.00,`0.00,`0,`0,`0.00,`0.00,`,`,`停车费用,`,`0.03000,`0.54%,`6.00,`0.00,`
`2026-04-05 19:36:48,`wxfc262f382d61c3db,`1723333380,`0,`,`4200003081202604051190443052,`ae7234477dce46b3a56ce1525a09d088,`obt9Lvmu2Ri-w6KR8olZ8bhHp3TA,`JSAPI,`SUCCESS,`CCB_DEBIT,`CNY,`6.00,`0.00,`0,`0,`0.00,`0.00,`,`,`停车费用,`,`0.03000,`0.54%,`6.00,`0.00,`
`2026-04-05 17:22:50,`wxfc262f382d61c3db,`1723333380,`0,`,`4200003081202604051778404335,`b33e7b9e0351475bbe372b82ad78fda5,`obt9LvmWFzueMaRGhKzsDutDtWvc,`JSAPI,`SUCCESS,`CCB_CREDIT,`CNY,`3.00,`0.00,`0,`0,`0.00,`0.00,`,`,`停车费用,`,`0.02000,`0.54%,`3.00,`0.00,`
`2026-04-05 20:13:00,`wxfc262f382d61c3db,`1723333380,`0,`,`4200003081202604056433957140,`2e01b0070f4b4b368655ac22d55600f8,`obt9Lvo8DkRT9qE65H9SpIBvuHDI,`JSAPI,`SUCCESS,`OTHERS,`CNY,`6.00,`0.00,`0,`0,`0.00,`0.00,`,`,`停车费用,`,`0.03000,`0.54%,`6.00,`0.00,`
`2026-04-05 22:15:37,`wxfc262f382d61c3db,`1723333380,`0,`,`4200003081202604057124353736,`6b4b777395fd451e86a83c78e9edfe50,`obt9Lvv5hv3iF1HUSM7E5pa5f-44,`JSAPI,`SUCCESS,`OTHERS,`CNY,`21.00,`0.00,`0,`0,`0.00,`0.00,`,`,`停车费用,`,`0.11000,`0.54%,`21.00,`0.00,`
`2026-04-05 15:00:18,`wxfc262f382d61c3db,`1723333380,`0,`,`4200003081202604059106055643,`9f4ef63acd324429821c674043daaedc,`obt9Lvu6UyynnzAnLxg9-hONg7Jw,`JSAPI,`SUCCESS,`OTHERS,`CNY,`3.00,`0.00,`0,`0,`0.00,`0.00,`,`,`停车费用,`,`0.02000,`0.54%,`3.00,`0.00,`
`2026-04-05 08:38:20,`wxfc262f382d61c3db,`1723333380,`0,`,`4200003081202604059744206897,`fc3bc1a35be048e39b7070c5e653b6c0,`obt9LvvjoTADfjv6OFB-7lgnDMck,`JSAPI,`SUCCESS,`OTHERS,`CNY,`3.00,`0.00,`0,`0,`0.00,`0.00,`,`,`停车费用,`,`0.02000,`0.54%,`3.00,`0.00,`
`2026-04-05 19:53:30,`wxfc262f382d61c3db,`1723333380,`0,`,`4200003082202604050135014896,`76f186960b4440febab940aa8f62e57e,`obt9Lvih8mabg7xvIjn1zAGA12w8,`JSAPI,`SUCCESS,`OTHERS,`CNY,`9.00,`0.00,`0,`0,`0.00,`0.00,`,`,`停车费用,`,`0.05000,`0.54%,`9.00,`0.00,`
`2026-04-05 18:30:11,`wxfc262f382d61c3db,`1723333380,`0,`,`4200003082202604050746474440,`74821ed670a44ab9a12160cc5e9dd680,`obt9LvmFZbKx4vKc7fL4F-BJKs2E,`JSAPI,`SUCCESS,`OTHERS,`CNY,`3.00,`0.00,`0,`0,`0.00,`0.00,`,`,`停车费用,`,`0.02000,`0.54%,`3.00,`0.00,`
`2026-04-05 15:56:59,`wxfc262f382d61c3db,`1723333380,`0,`,`4200003083202604053401824707,`a74952f95cef461183f7fe28a47c1c05,`obt9LvlT7ta4ROvV3SnrsxS6J5po,`JSAPI,`SUCCESS,`OTHERS,`CNY,`9.00,`0.00,`0,`0,`0.00,`0.00,`,`,`停车费用,`,`0.05000,`0.54%,`9.00,`0.00,`
`2026-04-05 21:00:36,`wxfc262f382d61c3db,`1723333380,`0,`,`4200003083202604057780133545,`04857a00ff474c2689825be0cc0e4c3d,`obt9LvhO_LaKDCRk_BKnhey5g9K0,`JSAPI,`SUCCESS,`OTHERS,`CNY,`12.00,`0.00,`0,`0,`0.00,`0.00,`,`,`停车费用,`,`0.06000,`0.54%,`12.00,`0.00,`
`2026-04-05 21:36:18,`wxfc262f382d61c3db,`1723333380,`0,`,`4200003084202604055198876776,`c224ac4f03b645b49e3a8b03780b0a76,`obt9Lvg72D5ePIOaULBoONFPlbcs,`JSAPI,`SUCCESS,`BOC_DEBIT,`CNY,`3.00,`0.00,`0,`0,`0.00,`0.00,`,`,`停车费用,`,`0.02000,`0.54%,`3.00,`0.00,`
`2026-04-05 19:39:16,`wxfc262f382d61c3db,`1723333380,`0,`,`4200003084202604058717647778,`ad33562c78204f948c292d817e8d5591,`obt9LvsBlHF_EREQ7sH2kZ-p8kK0,`JSAPI,`SUCCESS,`OTHERS,`CNY,`3.00,`0.00,`0,`0,`0.00,`0.00,`,`,`停车费用,`,`0.02000,`0.54%,`3.00,`0.00,`
`2026-04-05 14:35:08,`wxfc262f382d61c3db,`1723333380,`0,`,`4200003085202604051802862163,`febdb56a1e754d59b8b06e444f10f07a,`obt9LvohxShctbU4eJub1P8spqjo,`JSAPI,`SUCCESS,`OTHERS,`CNY,`3.00,`0.00,`0,`0,`0.00,`0.00,`,`,`停车费用,`,`0.02000,`0.54%,`3.00,`0.00,`
`2026-04-05 16:59:35,`wxfc262f382d61c3db,`1723333380,`0,`,`4200003086202604050473791903,`020d2e9a2e3e4a89a232522394750cbd,`obt9LvgbdUkl1XRxws03g6KMNhLs,`JSAPI,`SUCCESS,`OTHERS,`CNY,`12.00,`0.00,`0,`0,`0.00,`0.00,`,`,`停车费用,`,`0.06000,`0.54%,`12.00,`0.00,`
`2026-04-05 17:19:15,`wxfc262f382d61c3db,`1723333380,`0,`,`4200003086202604056151344560,`32dc1f9d473f42d09f14ab8f4eb9a0cd,`obt9LvuKOMk5IxuW1LD8L9kmY6Wo,`JSAPI,`SUCCESS,`OTHERS,`CNY,`6.00,`0.00,`0,`0,`0.00,`0.00,`,`,`停车费用,`,`0.03000,`0.54%,`6.00,`0.00,`
`2026-04-05 18:34:00,`wxfc262f382d61c3db,`1723333380,`0,`,`4200003087202604051352790974,`096dfcd096704cadbc59c36f5f8ccf49,`obt9LvgLTyiC7mR7wdWkUUXODidQ,`JSAPI,`SUCCESS,`OTHERS,`CNY,`6.00,`0.00,`0,`0,`0.00,`0.00,`,`,`停车费用,`,`0.03000,`0.54%,`6.00,`0.00,`
`2026-04-05 21:39:30,`wxfc262f382d61c3db,`1723333380,`0,`,`4200003088202604055013819068,`80a8845a22414445b2df31b83805e631,`obt9LvuC5T172dRqSx87fObMC2CU,`JSAPI,`SUCCESS,`OTHERS,`CNY,`6.00,`0.00,`0,`0,`0.00,`0.00,`,`,`停车费用,`,`0.03000,`0.54%,`6.00,`0.00,`
`2026-04-05 22:08:23,`wxfc262f382d61c3db,`1723333380,`0,`,`4200003088202604057327283772,`5706b469f8844255a123453895364e25,`obt9LviP5_j5ghQd2h4lmFB9-3Wc,`JSAPI,`SUCCESS,`OTHERS,`CNY,`6.00,`0.00,`0,`0,`0.00,`0.00,`,`,`停车费用,`,`0.03000,`0.54%,`6.00,`0.00,`
`2026-04-05 18:56:00,`wxfc262f382d61c3db,`1723333380,`0,`,`4200003088202604057547789119,`bb40958ccd83427db6faae95a74bd4f0,`obt9LvjJX2ma-7nAvePxLQcwjDzc,`JSAPI,`SUCCESS,`OTHERS,`CNY,`3.00,`0.00,`0,`0,`0.00,`0.00,`,`,`停车费用,`,`0.02000,`0.54%,`3.00,`0.00,`
`2026-04-05 21:03:59,`wxfc262f382d61c3db,`1723333380,`0,`,`4200003090202604055603870472,`433c817e20d04dfea0eb6aa961b030ef,`obt9LvmvA87JJ4uzkAn94C8NeEiY,`JSAPI,`SUCCESS,`OTHERS,`CNY,`3.00,`0.00,`0,`0,`0.00,`0.00,`,`,`停车费用,`,`0.02000,`0.54%,`3.00,`0.00,`
`2026-04-05 19:32:37,`wxfc262f382d61c3db,`1723333380,`0,`,`4200003091202604057609557688,`ca32a414852f424da848fbbc53a47efd,`obt9LvnHJYs8LwsF4HoWz3ttFojo,`JSAPI,`SUCCESS,`OTHERS,`CNY,`6.00,`0.00,`0,`0,`0.00,`0.00,`,`,`停车费用,`,`0.03000,`0.54%,`6.00,`0.00,`
`2026-04-05 19:49:12,`wxfc262f382d61c3db,`1723333380,`0,`,`4200003091202604059192067176,`703ce518145844b58d4786e2c15c7260,`obt9Lvq7WUvAUZBQvO6DXzY4JmOw,`JSAPI,`SUCCESS,`ICBC_DEBIT,`CNY,`3.00,`0.00,`0,`0,`0.00,`0.00,`,`,`停车费用,`,`0.02000,`0.54%,`3.00,`0.00,`
`2026-04-05 21:23:43,`wxfc262f382d61c3db,`1723333380,`0,`,`4200003092202604051849123075,`361cbcd6cbb942159302852a913f45f8,`obt9LvqJdIPJ0LghEC8Nns_tutwI,`JSAPI,`SUCCESS,`OTHERS,`CNY,`6.00,`0.00,`0,`0,`0.00,`0.00,`,`,`停车费用,`,`0.03000,`0.54%,`6.00,`0.00,`
`2026-04-05 18:50:10,`wxfc262f382d61c3db,`1723333380,`0,`,`4200003092202604057451783582,`5707105ecf7d441eada60c9067622c8e,`obt9Lvi-bA7MoxaDfz9_QYYPxf84,`JSAPI,`SUCCESS,`OTHERS,`CNY,`3.00,`0.00,`0,`0,`0.00,`0.00,`,`,`停车费用,`,`0.02000,`0.54%,`3.00,`0.00,`
`2026-04-05 18:18:15,`wxfc262f382d61c3db,`1723333380,`0,`,`4200003093202604055356991327,`f65b978f0d3848a28ab65400601781d3,`obt9LvgWEnuO4LWHO_KBQPXmlj8s,`JSAPI,`SUCCESS,`OTHERS,`CNY,`3.00,`0.00,`0,`0,`0.00,`0.00,`,`,`停车费用,`,`0.02000,`0.54%,`3.00,`0.00,`
`2026-04-05 21:05:24,`wxfc262f382d61c3db,`1723333380,`0,`,`4200003093202604056980992103,`08baaef591334685a06ea2b9f8236e71,`obt9LvgkTWY1u1-hjERBCwn6sGEI,`JSAPI,`SUCCESS,`OTHERS,`CNY,`3.00,`0.00,`0,`0,`0.00,`0.00,`,`,`停车费用,`,`0.02000,`0.54%,`3.00,`0.00,`
`2026-04-05 20:16:59,`wxfc262f382d61c3db,`1723333380,`0,`,`4200003094202604055052341853,`d9e20476435d47109ff8e21647d14b04,`obt9LvqDBZX4ROmoMz7mgqo8xq6M,`JSAPI,`SUCCESS,`OTHERS,`CNY,`6.00,`0.00,`0,`0,`0.00,`0.00,`,`,`停车费用,`,`0.03000,`0.54%,`6.00,`0.00,`
`2026-04-05 20:45:11,`wxfc262f382d61c3db,`1723333380,`0,`,`4200003095202604054699119794,`706103c6d6ab4188894169b50dd30de4,`obt9LvkV-zTCNXkw10ZI-oJBEUXQ,`JSAPI,`SUCCESS,`OTHERS,`CNY,`3.00,`0.00,`0,`0,`0.00,`0.00,`,`,`停车费用,`,`0.02000,`0.54%,`3.00,`0.00,`
`2026-04-05 16:49:01,`wxfc262f382d61c3db,`1723333380,`0,`,`4200003095202604055850807522,`9e4ee5094f784a86a8e19f1d30085093,`obt9Lvn81Y5257cjo3kQMZFXd_Bs,`JSAPI,`SUCCESS,`ICBC_DEBIT,`CNY,`9.00,`0.00,`0,`0,`0.00,`0.00,`,`,`停车费用,`,`0.05000,`0.54%,`9.00,`0.00,`
`2026-04-05 17:04:17,`wxfc262f382d61c3db,`1723333380,`0,`,`4200003096202604054429395967,`c417d8fc699f49ccaceeb2c289d17014,`obt9LvpCTFY6wzEeyAO09EHQhWak,`JSAPI,`SUCCESS,`CITIC_CREDIT,`CNY,`3.00,`0.00,`0,`0,`0.00,`0.00,`,`,`停车费用,`,`0.02000,`0.54%,`3.00,`0.00,`
`2026-04-05 17:12:00,`wxfc262f382d61c3db,`1723333380,`0,`,`4200003125202604057479813645,`1c800176d76547b0adcfebd2b94050c9,`obt9LvpVmRUDbE9DbnyQfasfnujw,`JSAPI,`SUCCESS,`OTHERS,`CNY,`9.00,`0.00,`0,`0,`0.00,`0.00,`,`,`停车费用,`,`0.05000,`0.54%,`9.00,`0.00,`
`2026-04-05 22:59:42,`wxfc262f382d61c3db,`1723333380,`0,`,`4200003126202604058679682586,`4e694a381d604e80a20eac84cc2b7006,`obt9Lvh5e9g2Lr9hExJk9BMP05KY,`JSAPI,`SUCCESS,`OTHERS,`CNY,`18.00,`0.00,`0,`0,`0.00,`0.00,`,`,`停车费用,`,`0.10000,`0.54%,`18.00,`0.00,`
`2026-04-05 16:15:46,`wxfc262f382d61c3db,`1723333380,`0,`,`4200003127202604056450785176,`caa3e0f16bb144f68a27a90378889ef2,`obt9LvlIdMhgVEdzT8XLR1UrgbsY,`JSAPI,`SUCCESS,`ICBC_DEBIT,`CNY,`3.00,`0.00,`0,`0,`0.00,`0.00,`,`,`停车费用,`,`0.02000,`0.54%,`3.00,`0.00,`
`2026-04-05 14:51:26,`wxfc262f382d61c3db,`1723333380,`0,`,`4200003127202604058933510945,`09cd098c5e7a47d69eacdb807ef4ceea,`obt9LvpjOJHGp1e8XlmdJvgdQDoQ,`JSAPI,`SUCCESS,`OTHERS,`CNY,`3.00,`0.00,`0,`0,`0.00,`0.00,`,`,`停车费用,`,`0.02000,`0.54%,`3.00,`0.00,`
`2026-04-05 21:52:42,`wxfc262f382d61c3db,`1723333380,`0,`,`4200003128202604052316274501,`3db4de99cf934b818085e4bb31cc26a4,`obt9LvobSaZ1PV-j712YbsZioxis,`JSAPI,`SUCCESS,`OTHERS,`CNY,`3.00,`0.00,`0,`0,`0.00,`0.00,`,`,`停车费用,`,`0.02000,`0.54%,`3.00,`0.00,`
`2026-04-05 21:54:32,`wxfc262f382d61c3db,`1723333380,`0,`,`4200003129202604050110347769,`fb1191f27b9f48ada1fea9826e1cf856,`obt9LvoltL9iI_YmhD0Q4LE-XHgw,`JSAPI,`SUCCESS,`CMB_CREDIT,`CNY,`3.00,`0.00,`0,`0,`0.00,`0.00,`,`,`停车费用,`,`0.02000,`0.54%,`3.00,`0.00,`
`2026-04-05 20:38:04,`wxfc262f382d61c3db,`1723333380,`0,`,`4200003129202604055857283914,`d5d07c25a53b4b4da39643c9c4941cc1,`obt9Lvl5CWrBhna7rS9pQ4CbWxUE,`JSAPI,`SUCCESS,`OTHERS,`CNY,`6.00,`0.00,`0,`0,`0.00,`0.00,`,`,`停车费用,`,`0.03000,`0.54%,`6.00,`0.00,`
`2026-04-05 20:44:31,`wxfc262f382d61c3db,`1723333380,`0,`,`4200003133202604053567784520,`20ace7ab5bc44f3d9412424b16b2047d,`obt9Lvve0DbMP_5VNBEtj87_hJdE,`JSAPI,`SUCCESS,`OTHERS,`CNY,`15.00,`0.00,`0,`0,`0.00,`0.00,`,`,`停车费用,`,`0.08000,`0.54%,`15.00,`0.00,`
`2026-04-05 15:52:19,`wxfc262f382d61c3db,`1723333380,`0,`,`4200003133202604056664183877,`54a41b3d62ad420e96cfa2498e0a4c5b,`obt9LvqkE9DwhtVzDmMQ2UOIqmeU,`JSAPI,`SUCCESS,`OTHERS,`CNY,`3.00,`0.00,`0,`0,`0.00,`0.00,`,`,`停车费用,`,`0.02000,`0.54%,`3.00,`0.00,`
`2026-04-05 22:05:13,`wxfc262f382d61c3db,`1723333380,`0,`,`4200003134202604050972398610,`1e1bc905ce3e4c1a80b3ac2bc22bb342,`obt9Lvj2jhYjwQ6Ysr6qZgPwqs_E,`JSAPI,`SUCCESS,`OTHERS,`CNY,`3.00,`0.00,`0,`0,`0.00,`0.00,`,`,`停车费用,`,`0.02000,`0.54%,`3.00,`0.00,`
`2026-04-05 21:12:42,`wxfc262f382d61c3db,`1723333380,`0,`,`4200003134202604052937841571,`ec9ef65e5b8245dfa22a07550a31fd0d,`obt9LvurHqXsM_mP8EtqP0wy9awQ,`JSAPI,`SUCCESS,`OTHERS,`CNY,`6.00,`0.00,`0,`0,`0.00,`0.00,`,`,`停车费用,`,`0.03000,`0.54%,`6.00,`0.00,`
`2026-04-05 19:18:37,`wxfc262f382d61c3db,`1723333380,`0,`,`4200003135202604059270993673,`d80f9fe124e34f5081f079565ea9e047,`obt9Lvu2oxUhfLkp4R0leLD8M62Q,`JSAPI,`SUCCESS,`OTHERS,`CNY,`6.00,`0.00,`0,`0,`0.00,`0.00,`,`,`停车费用,`,`0.03000,`0.54%,`6.00,`0.00,`
`2026-04-05 21:08:00,`wxfc262f382d61c3db,`1723333380,`0,`,`4200003137202604053801725585,`ebe8ebca050d47b4a1f0484eb3b23fd3,`obt9Lvqv9AAqxRnsyRUYCXyGwdxE,`JSAPI,`SUCCESS,`CCB_CREDIT,`CNY,`9.00,`0.00,`0,`0,`0.00,`0.00,`,`,`停车费用,`,`0.05000,`0.54%,`9.00,`0.00,`
`2026-04-05 08:07:01,`wxfc262f382d61c3db,`1723333380,`0,`,`4200003137202604056676923763,`ae6784a91d434411abf72e457e8f9511,`obt9LvqvDhHcI_fNWgJGe90HxVaw,`JSAPI,`SUCCESS,`OTHERS,`CNY,`21.00,`0.00,`0,`0,`0.00,`0.00,`,`,`停车费用,`,`0.11000,`0.54%,`21.00,`0.00,`
`2026-04-05 16:41:21,`wxfc262f382d61c3db,`1723333380,`0,`,`4200003138202604054735843604,`99c009f8e3a44fbf888e05ff7a03c9a5,`obt9Lvrx0sFWkWLnIf9lpiA2epvg,`JSAPI,`SUCCESS,`OTHERS,`CNY,`3.00,`0.00,`0,`0,`0.00,`0.00,`,`,`停车费用,`,`0.02000,`0.54%,`3.00,`0.00,`
`2026-04-05 22:42:28,`wxfc262f382d61c3db,`1723333380,`0,`,`4200003139202604054320904945,`b405c699648b4730be1ce23174a30bf1,`obt9Lvm1OL1kzcGaYE1JT6H7Ddp0,`JSAPI,`SUCCESS,`ICBC_DEBIT,`CNY,`6.00,`0.00,`0,`0,`0.00,`0.00,`,`,`停车费用,`,`0.03000,`0.54%,`6.00,`0.00,`
`2026-04-06 14:05:01,`wxfc262f382d61c3db,`1723333380,`0,`,`4200003049202604060549248390,`2310a6ce2a844be8b234fe9c0efe5feb,`obt9Lvhysv3SAIX69rIT2sIL-rUc,`JSAPI,`SUCCESS,`OTHERS,`CNY,`6.00,`0.00,`0,`0,`0.00,`0.00,`,`,`停车费用,`,`0.03000,`0.54%,`6.00,`0.00,`
`2026-04-06 17:02:52,`wxfc262f382d61c3db,`1723333380,`0,`,`4200003049202604063728430911,`4b826949dd9e44f5b8bd32654d69cf5a,`obt9LvqwVFXBq3W3xEpvzSwk3m8s,`JSAPI,`SUCCESS,`ICBC_DEBIT,`CNY,`3.00,`0.00,`0,`0,`0.00,`0.00,`,`,`停车费用,`,`0.02000,`0.54%,`3.00,`0.00,`
`2026-04-06 12:44:22,`wxfc262f382d61c3db,`1723333380,`0,`,`4200003050202604061251199236,`ae8be412e3bb4fb086ee9d56636a02d1,`obt9LvtGkh-oARJS9SDcSmDFTYaE,`JSAPI,`SUCCESS,`CSCB_CREDIT,`CNY,`3.00,`0.00,`0,`0,`0.00,`0.00,`,`,`停车费用,`,`0.02000,`0.54%,`3.00,`0.00,`
`2026-04-06 18:33:58,`wxfc262f382d61c3db,`1723333380,`0,`,`4200003051202604060191061524,`a9cfedd976524eadb14fba69699e759f,`obt9Lvs7-W4VixpqDrQAfsJ9AytA,`JSAPI,`SUCCESS,`OTHERS,`CNY,`6.00,`0.00,`0,`0,`0.00,`0.00,`,`,`停车费用,`,`0.03000,`0.54%,`6.00,`0.00,`
`2026-04-06 01:48:29,`wxfc262f382d61c3db,`1723333380,`0,`,`4200003053202604063020513881,`6368ceefac70477ea3a0629e15daa928,`obt9LvrZOoCQtvsrpjlbmnbSM3VM,`JSAPI,`SUCCESS,`OTHERS,`CNY,`9.00,`0.00,`0,`0,`0.00,`0.00,`,`,`停车费用,`,`0.05000,`0.54%,`9.00,`0.00,`
`2026-04-06 22:38:30,`wxfc262f382d61c3db,`1723333380,`0,`,`4200003053202604068829728343,`29ea408a160e409ba6844369ae0c0717,`obt9Lvv4-8mWqflexslTM7G-Dujo,`JSAPI,`SUCCESS,`OTHERS,`CNY,`3.00,`0.00,`0,`0,`0.00,`0.00,`,`,`停车费用,`,`0.02000,`0.54%,`3.00,`0.00,`
`2026-04-06 23:35:52,`wxfc262f382d61c3db,`1723333380,`0,`,`4200003054202604060259988650,`4bb4632891b94c5abb2b1e550c0e6a39,`obt9LvtjGE0x4e3douUyRN8lZ5fA,`JSAPI,`SUCCESS,`OTHERS,`CNY,`18.00,`0.00,`0,`0,`0.00,`0.00,`,`,`停车费用,`,`0.10000,`0.54%,`18.00,`0.00,`
`2026-04-06 17:44:51,`wxfc262f382d61c3db,`1723333380,`0,`,`4200003054202604062590434052,`a6b1c43ba8354f998beca6d5c46090d3,`obt9LvlE1j4mt-MhOrZFbbDZTd38,`JSAPI,`SUCCESS,`OTHERS,`CNY,`6.00,`0.00,`0,`0,`0.00,`0.00,`,`,`停车费用,`,`0.03000,`0.54%,`6.00,`0.00,`
`2026-04-06 20:22:03,`wxfc262f382d61c3db,`1723333380,`0,`,`4200003054202604066575093829,`8f8cb05748be414ba18e0d09185f9746,`obt9Lvj_eHniIy8MIBFrxl-f9WLg,`JSAPI,`SUCCESS,`BOC_DEBIT,`CNY,`6.00,`0.00,`0,`0,`0.00,`0.00,`,`,`停车费用,`,`0.03000,`0.54%,`6.00,`0.00,`
`2026-04-06 16:54:03,`wxfc262f382d61c3db,`1723333380,`0,`,`4200003054202604067003357737,`18fa284cbb6143af8c757fc1a099eb9a,`obt9LvvBwTN94Otn2A3H8aRmT0gQ,`JSAPI,`SUCCESS,`OTHERS,`CNY,`3.00,`0.00,`0,`0,`0.00,`0.00,`,`,`停车费用,`,`0.02000,`0.54%,`3.00,`0.00,`
`2026-04-06 17:02:02,`wxfc262f382d61c3db,`1723333380,`0,`,`4200003055202604060177768296,`b870577f9eb44080ba7bbe41433d079c,`obt9LvvlmbwzHwN8BcngkbQaPS3U,`JSAPI,`SUCCESS,`OTHERS,`CNY,`3.00,`0.00,`0,`0,`0.00,`0.00,`,`,`停车费用,`,`0.02000,`0.54%,`3.00,`0.00,`
`2026-04-06 19:39:19,`wxfc262f382d61c3db,`1723333380,`0,`,`4200003055202604065134890675,`a14032160a234da09a6e487e63330c2c,`obt9LvvjoTADfjv6OFB-7lgnDMck,`JSAPI,`SUCCESS,`OTHERS,`CNY,`12.00,`0.00,`0,`0,`0.00,`0.00,`,`,`停车费用,`,`0.06000,`0.54%,`12.00,`0.00,`
`2026-04-06 20:25:49,`wxfc262f382d61c3db,`1723333380,`0,`,`4200003057202604068975981185,`6f3cf18e7d6e4b26b156b2b6df8ca17e,`obt9LvhCAnMDwQjqLdk2ZLhaIIBw,`JSAPI,`SUCCESS,`CCB_DEBIT,`CNY,`3.00,`0.00,`0,`0,`0.00,`0.00,`,`,`停车费用,`,`0.02000,`0.54%,`3.00,`0.00,`
`2026-04-06 17:16:31,`wxfc262f382d61c3db,`1723333380,`0,`,`4200003058202604066811633532,`4ac6d99f5f7346caa55bfbd32c76f827,`obt9LvioNw7ZxgL0NrbkGEOjvl-g,`JSAPI,`SUCCESS,`OTHERS,`CNY,`9.00,`0.00,`0,`0,`0.00,`0.00,`,`,`停车费用,`,`0.05000,`0.54%,`9.00,`0.00,`
`2026-04-06 16:59:22,`wxfc262f382d61c3db,`1723333380,`0,`,`4200003059202604060258360617,`5b0f23d68f9b415fa793c284b417edc0,`obt9LvnXbhEMOgZdCYPxCfndsUyo,`JSAPI,`SUCCESS,`PAB_CREDIT,`CNY,`6.00,`0.00,`0,`0,`0.00,`0.00,`,`,`停车费用,`,`0.03000,`0.54%,`6.00,`0.00,`
`2026-04-06 17:41:12,`wxfc262f382d61c3db,`1723333380,`0,`,`4200003059202604060994894563,`9c8fe91c90114745a32b494582deccac,`obt9Lvg6yTt08d4KzTFyQPCXjU6I,`JSAPI,`SUCCESS,`ABC_DEBIT,`CNY,`6.00,`0.00,`0,`0,`0.00,`0.00,`,`,`停车费用,`,`0.03000,`0.54%,`6.00,`0.00,`
`2026-04-06 17:35:23,`wxfc262f382d61c3db,`1723333380,`0,`,`4200003059202604069305179438,`00a539d3d395440e94d1d9f90eb2315e,`obt9Lvhe2oYdYDCCf4t4dsQJ1ARo,`JSAPI,`SUCCESS,`OTHERS,`CNY,`6.00,`0.00,`0,`0,`0.00,`0.00,`,`,`停车费用,`,`0.03000,`0.54%,`6.00,`0.00,`
`2026-04-06 13:06:12,`wxfc262f382d61c3db,`1723333380,`0,`,`4200003062202604061955726704,`52d4f82841e548028e08b8ac1355372b,`obt9LvufIfDiFOQsfRucJsaeLmJ4,`JSAPI,`SUCCESS,`OTHERS,`CNY,`3.00,`0.00,`0,`0,`0.00,`0.00,`,`,`停车费用,`,`0.02000,`0.54%,`3.00,`0.00,`
`2026-04-06 20:43:18,`wxfc262f382d61c3db,`1723333380,`0,`,`4200003063202604069918203326,`3d729dac27c948cd893e3f406c77d14b,`obt9LvhjT1clHJpZDr3Jc7vbQOlY,`JSAPI,`SUCCESS,`OTHERS,`CNY,`9.00,`0.00,`0,`0,`0.00,`0.00,`,`,`停车费用,`,`0.05000,`0.54%,`9.00,`0.00,`
`2026-04-06 17:02:40,`wxfc262f382d61c3db,`1723333380,`0,`,`4200003065202604060788583921,`ad404eebc4a5495aaf30aab8fa0475d8,`obt9LvtC-dzUxqsfFpKbHrQ2cot4,`JSAPI,`SUCCESS,`CCB_DEBIT,`CNY,`6.00,`0.00,`0,`0,`0.00,`0.00,`,`,`停车费用,`,`0.03000,`0.54%,`6.00,`0.00,`
`2026-04-06 11:47:04,`wxfc262f382d61c3db,`1723333380,`0,`,`4200003065202604061688417737,`57fae0eaf0f2455d81fb9138a0222d66,`obt9Lvrgw4h9dwfFEe5dwzHN_luw,`JSAPI,`SUCCESS,`OTHERS,`CNY,`3.00,`0.00,`0,`0,`0.00,`0.00,`,`,`停车费用,`,`0.02000,`0.54%,`3.00,`0.00,`
`2026-04-06 20:07:20,`wxfc262f382d61c3db,`1723333380,`0,`,`4200003065202604062755207408,`7e048b6054db4c6f9a3b3133baa25382,`obt9LvmhXUW9B0F7udWnpR0_VCNE,`JSAPI,`SUCCESS,`COMM_DEBIT,`CNY,`6.00,`0.00,`0,`0,`0.00,`0.00,`,`,`停车费用,`,`0.03000,`0.54%,`6.00,`0.00,`
`2026-04-06 21:27:17,`wxfc262f382d61c3db,`1723333380,`0,`,`4200003065202604062815220482,`0bd572d3dcf74e8a99bcfc046bded60c,`obt9LvnvifZpvl7IRKOqMywE7mqE,`JSAPI,`SUCCESS,`OTHERS,`CNY,`9.00,`0.00,`0,`0,`0.00,`0.00,`,`,`停车费用,`,`0.05000,`0.54%,`9.00,`0.00,`
`2026-04-06 18:25:02,`wxfc262f382d61c3db,`1723333380,`0,`,`4200003065202604064751527114,`bb88ff423c6f4cec8e8811ef7756cd88,`obt9LvsMaMjCV2mzDNFdmqUQ7GuU,`JSAPI,`SUCCESS,`OTHERS,`CNY,`6.00,`0.00,`0,`0,`0.00,`0.00,`,`,`停车费用,`,`0.03000,`0.54%,`6.00,`0.00,`
`2026-04-06 19:54:08,`wxfc262f382d61c3db,`1723333380,`0,`,`4200003068202604061578787113,`f670323d5d374665956222f7dab4fb1c,`obt9LvkQh2khUFRhXWImwbcVi9kE,`JSAPI,`SUCCESS,`OTHERS,`CNY,`15.00,`0.00,`0,`0,`0.00,`0.00,`,`,`停车费用,`,`0.08000,`0.54%,`15.00,`0.00,`
`2026-04-06 19:23:57,`wxfc262f382d61c3db,`1723333380,`0,`,`4200003068202604067055734694,`a61cf19038be408db711e4518beed873,`obt9LviblEH8qxEJdbxnd95rsX4I,`JSAPI,`SUCCESS,`OTHERS,`CNY,`6.00,`0.00,`0,`0,`0.00,`0.00,`,`,`停车费用,`,`0.03000,`0.54%,`6.00,`0.00,`
`2026-04-06 19:31:17,`wxfc262f382d61c3db,`1723333380,`0,`,`4200003069202604062297015897,`82211d0a732e4a39a5238f08f4e66786,`obt9Lvh1M7x_Vd_RkzSZqw1sHVmk,`JSAPI,`SUCCESS,`GDB_CREDIT,`CNY,`3.00,`0.00,`0,`0,`0.00,`0.00,`,`,`停车费用,`,`0.02000,`0.54%,`3.00,`0.00,`
`2026-04-06 16:48:44,`wxfc262f382d61c3db,`1723333380,`0,`,`4200003070202604069808826773,`92d4671bf1df40d795f43cdf8ce9de77,`obt9LvskrW1L-Myq2Sl15Jh3yRgg,`JSAPI,`SUCCESS,`OTHERS,`CNY,`9.00,`0.00,`0,`0,`0.00,`0.00,`,`,`停车费用,`,`0.05000,`0.54%,`9.00,`0.00,`
`2026-04-06 19:02:05,`wxfc262f382d61c3db,`1723333380,`0,`,`4200003071202604060023238372,`11c014fe888c413ca3aca66feaf0c825,`obt9LvmQPF4cyna6rMbF67lQDqd4,`JSAPI,`SUCCESS,`GDB_CREDIT,`CNY,`9.00,`0.00,`0,`0,`0.00,`0.00,`,`,`停车费用,`,`0.05000,`0.54%,`9.00,`0.00,`
`2026-04-06 15:44:46,`wxfc262f382d61c3db,`1723333380,`0,`,`4200003071202604066943200602,`b9da01498fbd468aa87a7e5e0f51bdc6,`obt9LvhTx0jtrOOBFnhasuwGDkvo,`JSAPI,`SUCCESS,`OTHERS,`CNY,`15.00,`0.00,`0,`0,`0.00,`0.00,`,`,`停车费用,`,`0.08000,`0.54%,`15.00,`0.00,`
`2026-04-06 20:54:12,`wxfc262f382d61c3db,`1723333380,`0,`,`4200003071202604067698301891,`708920f4ad444598aec35b30f63ecb83,`obt9LvlspFRKK2TNE_msBztTGOL0,`JSAPI,`SUCCESS,`OTHERS,`CNY,`3.00,`0.00,`0,`0,`0.00,`0.00,`,`,`停车费用,`,`0.02000,`0.54%,`3.00,`0.00,`
`2026-04-06 17:16:37,`wxfc262f382d61c3db,`1723333380,`0,`,`4200003071202604068154800095,`8c45232285b54abab68a47136722e349,`obt9LvkRvsi4w-jx6qMNt2Ty05Ms,`JSAPI,`SUCCESS,`OTHERS,`CNY,`3.00,`0.00,`0,`0,`0.00,`0.00,`,`,`停车费用,`,`0.02000,`0.54%,`3.00,`0.00,`
`2026-04-06 17:44:04,`wxfc262f382d61c3db,`1723333380,`0,`,`4200003072202604062366995834,`4a1999600ba440bb8e62324664e4d49a,`obt9LvplMYZL_uaY3wKPe9pN8IeM,`JSAPI,`SUCCESS,`OTHERS,`CNY,`3.00,`0.00,`0,`0,`0.00,`0.00,`,`,`停车费用,`,`0.02000,`0.54%,`3.00,`0.00,`
`2026-04-06 20:33:57,`wxfc262f382d61c3db,`1723333380,`0,`,`4200003073202604062778654706,`ca6cefa2348c49f7b400e88093068ba9,`obt9LvtXHiaKczMcMhbUKEyFApGU,`JSAPI,`SUCCESS,`OTHERS,`CNY,`12.00,`0.00,`0,`0,`0.00,`0.00,`,`,`停车费用,`,`0.06000,`0.54%,`12.00,`0.00,`
`2026-04-06 12:49:00,`wxfc262f382d61c3db,`1723333380,`0,`,`4200003074202604064756952598,`58a7988f51aa4f24b33ce11c8f07a05d,`obt9Lvq6ZnlIHBg2EoqKz80yM71o,`JSAPI,`SUCCESS,`OTHERS,`CNY,`3.00,`0.00,`0,`0,`0.00,`0.00,`,`,`停车费用,`,`0.02000,`0.54%,`3.00,`0.00,`
`2026-04-06 13:48:44,`wxfc262f382d61c3db,`1723333380,`0,`,`4200003075202604062665914852,`57dad88b43ea411881dd498688bab28f,`obt9LvlPUUIoGaTcGi4DOiK4Yenc,`JSAPI,`SUCCESS,`OTHERS,`CNY,`3.00,`0.00,`0,`0,`0.00,`0.00,`,`,`停车费用,`,`0.02000,`0.54%,`3.00,`0.00,`
`2026-04-06 20:54:15,`wxfc262f382d61c3db,`1723333380,`0,`,`4200003076202604065676354719,`17bdee37d3f849f99faedaa5203949d7,`obt9LvgJz_mJYja7ntffocbgc0BQ,`JSAPI,`SUCCESS,`OTHERS,`CNY,`6.00,`0.00,`0,`0,`0.00,`0.00,`,`,`停车费用,`,`0.03000,`0.54%,`6.00,`0.00,`
`2026-04-06 12:57:27,`wxfc262f382d61c3db,`1723333380,`0,`,`4200003077202604060171404543,`8162e4b2875e4e3dbd157ca1fc285aff,`obt9LvoTTZSzsdWIHe7gLWnc195o,`JSAPI,`SUCCESS,`OTHERS,`CNY,`3.00,`0.00,`0,`0,`0.00,`0.00,`,`,`停车费用,`,`0.02000,`0.54%,`3.00,`0.00,`
`2026-04-06 17:18:43,`wxfc262f382d61c3db,`1723333380,`0,`,`4200003077202604061437252332,`ac393f4e415a472bb4f67874cfdffc63,`obt9LvjofI2aAIaUIxvwWwytmeq4,`JSAPI,`SUCCESS,`CEB_DEBIT,`CNY,`3.00,`0.00,`0,`0,`0.00,`0.00,`,`,`停车费用,`,`0.02000,`0.54%,`3.00,`0.00,`
`2026-04-06 21:55:39,`wxfc262f382d61c3db,`1723333380,`0,`,`4200003077202604064685801178,`ac4dd9dfde5945beb73965c8f14afd81,`obt9Lvun1dP_Y-WPT2M1aLS84HN8,`JSAPI,`SUCCESS,`ABC_DEBIT,`CNY,`3.00,`0.00,`0,`0,`0.00,`0.00,`,`,`停车费用,`,`0.02000,`0.54%,`3.00,`0.00,`
`2026-04-06 12:47:38,`wxfc262f382d61c3db,`1723333380,`0,`,`4200003078202604062331561289,`57be967162a64077a61b66d64bc336e6,`obt9LvvjoTADfjv6OFB-7lgnDMck,`JSAPI,`SUCCESS,`OTHERS,`CNY,`30.00,`0.00,`0,`0,`0.00,`0.00,`,`,`停车费用,`,`0.16000,`0.54%,`30.00,`0.00,`
`2026-04-06 18:40:40,`wxfc262f382d61c3db,`1723333380,`0,`,`4200003078202604069779579796,`eac9bb7d32c14642b3d5a37cb3a87cd8,`obt9Lvs4yZL4aYcbHJmwEC6S6Rag,`JSAPI,`SUCCESS,`CSCB_CREDIT,`CNY,`12.00,`0.00,`0,`0,`0.00,`0.00,`,`,`停车费用,`,`0.06000,`0.54%,`12.00,`0.00,`
`2026-04-06 12:05:17,`wxfc262f382d61c3db,`1723333380,`0,`,`4200003080202604066793175839,`a57b82ef4f064e01a9f2f3cb3f93b054,`obt9LvtGkh-oARJS9SDcSmDFTYaE,`JSAPI,`SUCCESS,`CSCB_CREDIT,`CNY,`3.00,`0.00,`0,`0,`0.00,`0.00,`,`,`停车费用,`,`0.02000,`0.54%,`3.00,`0.00,`
`2026-04-06 12:21:32,`wxfc262f382d61c3db,`1723333380,`0,`,`4200003081202604062319961517,`9c3bdf1f0c014368b24c310da3a35afc,`obt9LvrTKWpBijbAJ9kCh89punew,`JSAPI,`SUCCESS,`OTHERS,`CNY,`30.00,`0.00,`0,`0,`0.00,`0.00,`,`,`停车费用,`,`0.16000,`0.54%,`30.00,`0.00,`
`2026-04-06 22:38:35,`wxfc262f382d61c3db,`1723333380,`0,`,`4200003081202604063194214939,`d4409ccd904a494980f5f1f0198e632b,`obt9LvgkKUUIi0WuakMOChfBdhTg,`JSAPI,`SUCCESS,`OTHERS,`CNY,`3.00,`0.00,`0,`0,`0.00,`0.00,`,`,`停车费用,`,`0.02000,`0.54%,`3.00,`0.00,`
`2026-04-06 15:19:00,`wxfc262f382d61c3db,`1723333380,`0,`,`4200003081202604065658142770,`67f8d93b78ee40df94c6364732c65e86,`obt9LvgJ2Ew9makM_YInZs58jyxg,`JSAPI,`SUCCESS,`OTHERS,`CNY,`3.00,`0.00,`0,`0,`0.00,`0.00,`,`,`停车费用,`,`0.02000,`0.54%,`3.00,`0.00,`
`2026-04-06 15:29:22,`wxfc262f382d61c3db,`1723333380,`0,`,`4200003081202604069954668834,`73ebddf4ec1a466c970673957132f926,`obt9Lvg-oGm8NGMMHtlaNMwWYgmQ,`JSAPI,`SUCCESS,`OTHERS,`CNY,`3.00,`0.00,`0,`0,`0.00,`0.00,`,`,`停车费用,`,`0.02000,`0.54%,`3.00,`0.00,`
`2026-04-06 17:40:33,`wxfc262f382d61c3db,`1723333380,`0,`,`4200003082202604061772447148,`3f3fd0ca8f45400797fdb737789fe522,`obt9LvsewzLGvwo8fQd4XAtDM0-0,`JSAPI,`SUCCESS,`SPDB_DEBIT,`CNY,`18.00,`0.00,`0,`0,`0.00,`0.00,`,`,`停车费用,`,`0.10000,`0.54%,`18.00,`0.00,`
`2026-04-06 20:27:51,`wxfc262f382d61c3db,`1723333380,`0,`,`4200003082202604065291905168,`86545f28a3194bd78aece32e3ddd770b,`obt9LvmvA87JJ4uzkAn94C8NeEiY,`JSAPI,`SUCCESS,`OTHERS,`CNY,`3.00,`0.00,`0,`0,`0.00,`0.00,`,`,`停车费用,`,`0.02000,`0.54%,`3.00,`0.00,`
`2026-04-06 15:08:22,`wxfc262f382d61c3db,`1723333380,`0,`,`4200003082202604068151441916,`8b12f9479ccf4c4085392fb60b07b0b3,`obt9Lvuec35zQUWwiJ9AUd9LGg14,`JSAPI,`SUCCESS,`OTHERS,`CNY,`6.00,`0.00,`0,`0,`0.00,`0.00,`,`,`停车费用,`,`0.03000,`0.54%,`6.00,`0.00,`
`2026-04-06 16:16:52,`wxfc262f382d61c3db,`1723333380,`0,`,`4200003085202604067089051104,`3d76d67109f94b5c8aa3c3fb31c8791e,`obt9LvjH_CfTr9nFJeySb9fi0XyY,`JSAPI,`SUCCESS,`OTHERS,`CNY,`6.00,`0.00,`0,`0,`0.00,`0.00,`,`,`停车费用,`,`0.03000,`0.54%,`6.00,`0.00,`
`2026-04-06 18:14:15,`wxfc262f382d61c3db,`1723333380,`0,`,`4200003086202604061340783535,`5285ff002fc64f239f87f2e8a5075b72,`obt9LvglRbcy9z08jeCO8osFGYYA,`JSAPI,`SUCCESS,`GDB_CREDIT,`CNY,`9.00,`0.00,`0,`0,`0.00,`0.00,`,`,`停车费用,`,`0.05000,`0.54%,`9.00,`0.00,`
`2026-04-06 21:14:12,`wxfc262f382d61c3db,`1723333380,`0,`,`4200003088202604062302517814,`4f92c29de58c407ab927fe5eb4c38da9,`obt9LvvmYsLWQBLpQDrdlyb8QGwk,`JSAPI,`SUCCESS,`OTHERS,`CNY,`6.00,`0.00,`0,`0,`0.00,`0.00,`,`,`停车费用,`,`0.03000,`0.54%,`6.00,`0.00,`
`2026-04-06 20:32:35,`wxfc262f382d61c3db,`1723333380,`0,`,`4200003088202604063472363458,`144e0bf7aef84829a782d22277fe0d9b,`obt9LvorACF63TUwATcgshNZwkHs,`JSAPI,`SUCCESS,`OTHERS,`CNY,`15.00,`0.00,`0,`0,`0.00,`0.00,`,`,`停车费用,`,`0.08000,`0.54%,`15.00,`0.00,`
`2026-04-06 20:26:43,`wxfc262f382d61c3db,`1723333380,`0,`,`4200003088202604066378421412,`61797c64bdf2431ab5ff2d615d12aa49,`obt9LvgdsnfE5w_MboMXGRV5vpNE,`JSAPI,`SUCCESS,`OTHERS,`CNY,`21.00,`0.00,`0,`0,`0.00,`0.00,`,`,`停车费用,`,`0.11000,`0.54%,`21.00,`0.00,`
`2026-04-06 14:48:00,`wxfc262f382d61c3db,`1723333380,`0,`,`4200003089202604060790380622,`3b9589160442491b8a3f8503a60d649f,`obt9LvnDrCIQMhEZuIZrkKp6zmAo,`JSAPI,`SUCCESS,`OTHERS,`CNY,`3.00,`0.00,`0,`0,`0.00,`0.00,`,`,`停车费用,`,`0.02000,`0.54%,`3.00,`0.00,`
`2026-04-06 17:58:26,`wxfc262f382d61c3db,`1723333380,`0,`,`4200003089202604063451041015,`e8f95611b15b47c898f944fabc6ae551,`obt9Lvjb77swSaCNY-gg06MMN2Es,`JSAPI,`SUCCESS,`PSBC_DEBIT,`CNY,`18.00,`0.00,`0,`0,`0.00,`0.00,`,`,`停车费用,`,`0.10000,`0.54%,`18.00,`0.00,`
`2026-04-06 19:30:57,`wxfc262f382d61c3db,`1723333380,`0,`,`4200003089202604068862472152,`0b6bc351476b4e318295632a8e2e00a2,`obt9LvvPMCX2L8ME8heAqOa6yl4E,`JSAPI,`SUCCESS,`CITIC_CREDIT,`CNY,`6.00,`0.00,`0,`0,`0.00,`0.00,`,`,`停车费用,`,`0.03000,`0.54%,`6.00,`0.00,`
`2026-04-06 17:53:51,`wxfc262f382d61c3db,`1723333380,`0,`,`4200003090202604061836147055,`2016a61998174b12a0a62975fcf3d9e6,`obt9LviHLI6TvH4tDhqX8SmWbtlM,`JSAPI,`SUCCESS,`OTHERS,`CNY,`15.00,`0.00,`0,`0,`0.00,`0.00,`,`,`停车费用,`,`0.08000,`0.54%,`15.00,`0.00,`
`2026-04-06 19:00:32,`wxfc262f382d61c3db,`1723333380,`0,`,`4200003090202604065876865170,`837b50eace874e56afb7c5b1a4b68c03,`obt9LvkiRMbT9g8S48NWfyNtBilc,`JSAPI,`SUCCESS,`OTHERS,`CNY,`3.00,`0.00,`0,`0,`0.00,`0.00,`,`,`停车费用,`,`0.02000,`0.54%,`3.00,`0.00,`
`2026-04-06 19:32:34,`wxfc262f382d61c3db,`1723333380,`0,`,`4200003090202604068098503660,`1ceb2a5f1c4942b8a2cd7023beff21af,`obt9Lvq6Bzn9URHKaqBy31kXlUIQ,`JSAPI,`SUCCESS,`ICBC_CREDIT,`CNY,`9.00,`0.00,`0,`0,`0.00,`0.00,`,`,`停车费用,`,`0.05000,`0.54%,`9.00,`0.00,`
`2026-04-06 16:48:26,`wxfc262f382d61c3db,`1723333380,`0,`,`4200003091202604063093410379,`000fc3b11fc14c5c9254ae3c51e2ee99,`obt9LvjSgSn-rAm9WyVV8Th-N4s0,`JSAPI,`SUCCESS,`BOC_DEBIT,`CNY,`3.00,`0.00,`0,`0,`0.00,`0.00,`,`,`停车费用,`,`0.02000,`0.54%,`3.00,`0.00,`
`2026-04-06 19:15:41,`wxfc262f382d61c3db,`1723333380,`0,`,`4200003092202604062485058445,`4b7d4737f1834e1b950e76caaf361efd,`obt9LvgVXqw__kPB5LsC4Q_Gw--4,`JSAPI,`SUCCESS,`OTHERS,`CNY,`6.00,`0.00,`0,`0,`0.00,`0.00,`,`,`停车费用,`,`0.03000,`0.54%,`6.00,`0.00,`
`2026-04-06 18:24:03,`wxfc262f382d61c3db,`1723333380,`0,`,`4200003093202604062789884437,`d899556b3480401493f0835942077c28,`obt9LvpKmnrQeSlM4Qt5CJX2jJfA,`JSAPI,`SUCCESS,`OTHERS,`CNY,`6.00,`0.00,`0,`0,`0.00,`0.00,`,`,`停车费用,`,`0.03000,`0.54%,`6.00,`0.00,`
`2026-04-06 14:51:40,`wxfc262f382d61c3db,`1723333380,`0,`,`4200003093202604063060768066,`ebc10fe4d21741aa88bcd3f4562d06b1,`obt9Lvkq8PIFy_xwjSC-O2ij2RVo,`JSAPI,`SUCCESS,`OTHERS,`CNY,`3.00,`0.00,`0,`0,`0.00,`0.00,`,`,`停车费用,`,`0.02000,`0.54%,`3.00,`0.00,`
`2026-04-06 15:59:50,`wxfc262f382d61c3db,`1723333380,`0,`,`4200003093202604068339472461,`24b6f3fbe94f4a0daeaf93b14b21b4b2,`obt9Lvsy2KROu3gOKX8akRmnlP58,`JSAPI,`SUCCESS,`OTHERS,`CNY,`3.00,`0.00,`0,`0,`0.00,`0.00,`,`,`停车费用,`,`0.02000,`0.54%,`3.00,`0.00,`
`2026-04-06 01:48:20,`wxfc262f382d61c3db,`1723333380,`0,`,`4200003093202604069959325994,`2adaf71d36604815a66e2846c12b75c5,`obt9Lvg6ljGaS23KjEL2dF5iuHtA,`JSAPI,`SUCCESS,`OTHERS,`CNY,`9.00,`0.00,`0,`0,`0.00,`0.00,`,`,`停车费用,`,`0.05000,`0.54%,`9.00,`0.00,`
`2026-04-06 19:53:53,`wxfc262f382d61c3db,`1723333380,`0,`,`4200003095202604065865257226,`8c2c1157b1344460b38fe8565d60a93a,`obt9Lvh2wh05kCR-9-ojfGQwzGmA,`JSAPI,`SUCCESS,`OTHERS,`CNY,`3.00,`0.00,`0,`0,`0.00,`0.00,`,`,`停车费用,`,`0.02000,`0.54%,`3.00,`0.00,`
`2026-04-06 18:51:05,`wxfc262f382d61c3db,`1723333380,`0,`,`4200003095202604066114603301,`5e6b761118cd4a39be8d81790b6fd8a4,`obt9Lvhkjoj914ulfOqpqZovmusc,`JSAPI,`SUCCESS,`OTHERS,`CNY,`3.00,`0.00,`0,`0,`0.00,`0.00,`,`,`停车费用,`,`0.02000,`0.54%,`3.00,`0.00,`
`2026-04-06 18:59:42,`wxfc262f382d61c3db,`1723333380,`0,`,`4200003096202604066184143398,`f489b816a3b94bada8244be4422894aa,`obt9Lvk6FDo2M-ZtnY6Mx9UtnAsE,`JSAPI,`SUCCESS,`OTHERS,`CNY,`3.00,`0.00,`0,`0,`0.00,`0.00,`,`,`停车费用,`,`0.02000,`0.54%,`3.00,`0.00,`
`2026-04-06 16:32:11,`wxfc262f382d61c3db,`1723333380,`0,`,`4200003125202604068683778135,`3a7938477b4a42a7b4586d75d342b7a6,`obt9LvqsbduezPP6g_g-QjupdOSc,`JSAPI,`SUCCESS,`OTHERS,`CNY,`3.00,`0.00,`0,`0,`0.00,`0.00,`,`,`停车费用,`,`0.02000,`0.54%,`3.00,`0.00,`
`2026-04-06 19:29:40,`wxfc262f382d61c3db,`1723333380,`0,`,`4200003126202604062948008322,`0648a18700ec46d492c7cc909e1e7c8f,`obt9LvnBGP9WpPVnIbHHSCwfkJOA,`JSAPI,`SUCCESS,`OTHERS,`CNY,`6.00,`0.00,`0,`0,`0.00,`0.00,`,`,`停车费用,`,`0.03000,`0.54%,`6.00,`0.00,`
`2026-04-06 17:25:18,`wxfc262f382d61c3db,`1723333380,`0,`,`4200003126202604063230010293,`588eab3846b144e9bda0fa5a2632a0e1,`obt9Lvu3neipgf79fnwLVYVGfZSM,`JSAPI,`SUCCESS,`CMB_CREDIT,`CNY,`6.00,`0.00,`0,`0,`0.00,`0.00,`,`,`停车费用,`,`0.03000,`0.54%,`6.00,`0.00,`
`2026-04-06 17:32:35,`wxfc262f382d61c3db,`1723333380,`0,`,`4200003126202604063697678636,`9633a50af2824871872f5a44130ce98d,`obt9Lvri3tcvWLOqmsFRvjufSpf8,`JSAPI,`SUCCESS,`OTHERS,`CNY,`6.00,`0.00,`0,`0,`0.00,`0.00,`,`,`停车费用,`,`0.03000,`0.54%,`6.00,`0.00,`
`2026-04-06 17:17:42,`wxfc262f382d61c3db,`1723333380,`0,`,`4200003128202604060504010580,`d6a2ad6a14b24922a31dbac0994375bc,`obt9LvrCQhwdZ4EMq8GP7zt2Vtvk,`JSAPI,`SUCCESS,`OTHERS,`CNY,`6.00,`0.00,`0,`0,`0.00,`0.00,`,`,`停车费用,`,`0.03000,`0.54%,`6.00,`0.00,`
`2026-04-06 21:16:47,`wxfc262f382d61c3db,`1723333380,`0,`,`4200003128202604067779843893,`ea85dd0e9961405ba69eb1af83b3ace1,`obt9LvqUzvQhHcRVhbhpMBOsE27E,`JSAPI,`SUCCESS,`OTHERS,`CNY,`6.00,`0.00,`0,`0,`0.00,`0.00,`,`,`停车费用,`,`0.03000,`0.54%,`6.00,`0.00,`
`2026-04-06 18:03:41,`wxfc262f382d61c3db,`1723333380,`0,`,`4200003129202604062825638847,`8b4f139a5de84f22a43a7c6cc157c1fc,`obt9LvrXZ5yX3E8EL_aeyPc_DuTQ,`JSAPI,`SUCCESS,`OTHERS,`CNY,`3.00,`0.00,`0,`0,`0.00,`0.00,`,`,`停车费用,`,`0.02000,`0.54%,`3.00,`0.00,`
`2026-04-06 18:02:23,`wxfc262f382d61c3db,`1723333380,`0,`,`4200003129202604067542343739,`4f5a075a265c476082ce146c94107926,`obt9LvuInODudcD_puKV0sZBF_1U,`JSAPI,`SUCCESS,`ABC_DEBIT,`CNY,`78.00,`0.00,`0,`0,`0.00,`0.00,`,`,`停车费用,`,`0.42000,`0.54%,`78.00,`0.00,`
`2026-04-06 22:12:25,`wxfc262f382d61c3db,`1723333380,`0,`,`4200003131202604060158834174,`d26f6bf905b34325a1bfd2007543f16a,`obt9LvlPpbbdWRst60Ab-7sLym5U,`JSAPI,`SUCCESS,`OTHERS,`CNY,`12.00,`0.00,`0,`0,`0.00,`0.00,`,`,`停车费用,`,`0.06000,`0.54%,`12.00,`0.00,`
`2026-04-06 16:55:19,`wxfc262f382d61c3db,`1723333380,`0,`,`4200003131202604069467140901,`6c2f156580574834b14a5b04935c65b6,`obt9Lvv6cq7UwldpkdM8KCrCsQ1Q,`JSAPI,`SUCCESS,`OTHERS,`CNY,`3.00,`0.00,`0,`0,`0.00,`0.00,`,`,`停车费用,`,`0.02000,`0.54%,`3.00,`0.00,`
`2026-04-06 17:03:40,`wxfc262f382d61c3db,`1723333380,`0,`,`4200003133202604060469961959,`d639eafe26884f92bf22a5cee59210c4,`obt9Lvsa74K_2Wl5Ldt2bpW5GKMo,`JSAPI,`SUCCESS,`HXB_CREDIT,`CNY,`12.00,`0.00,`0,`0,`0.00,`0.00,`,`,`停车费用,`,`0.06000,`0.54%,`12.00,`0.00,`
`2026-04-06 16:18:57,`wxfc262f382d61c3db,`1723333380,`0,`,`4200003133202604061563891254,`f10b2dca0af6449eafa05f8742716116,`obt9LvhiC72up8OxzWJrzwvAol6Q,`JSAPI,`SUCCESS,`OTHERS,`CNY,`6.00,`0.00,`0,`0,`0.00,`0.00,`,`,`停车费用,`,`0.03000,`0.54%,`6.00,`0.00,`
`2026-04-06 17:27:15,`wxfc262f382d61c3db,`1723333380,`0,`,`4200003133202604064537501587,`fcbe0235a8e04cd99d6f44c9e9dbe040,`obt9LviNdeQiQVIIIDmtrGymJHcY,`JSAPI,`SUCCESS,`HRXJB_DEBIT,`CNY,`18.00,`0.00,`0,`0,`0.00,`0.00,`,`,`停车费用,`,`0.10000,`0.54%,`18.00,`0.00,`
`2026-04-06 17:40:21,`wxfc262f382d61c3db,`1723333380,`0,`,`4200003133202604064908467444,`329006c474b544b4940fff1878e6473d,`obt9Lvs1htLg8sqmMw8tuIe4rfg0,`JSAPI,`SUCCESS,`OTHERS,`CNY,`3.00,`0.00,`0,`0,`0.00,`0.00,`,`,`停车费用,`,`0.02000,`0.54%,`3.00,`0.00,`
`2026-04-06 21:33:33,`wxfc262f382d61c3db,`1723333380,`0,`,`4200003134202604061517001939,`e95c1170e5e34735b37a03a0a5e8c570,`obt9LvgikPQhPUfFsfHbAVOAxHSA,`JSAPI,`SUCCESS,`OTHERS,`CNY,`3.00,`0.00,`0,`0,`0.00,`0.00,`,`,`停车费用,`,`0.02000,`0.54%,`3.00,`0.00,`
`2026-04-06 22:03:24,`wxfc262f382d61c3db,`1723333380,`0,`,`4200003135202604062240034481,`a77edcaf030b4f2d9e7fbafd83af2123,`obt9LvkEO-AOoPdI1BDaMsS6Q8SY,`JSAPI,`SUCCESS,`OTHERS,`CNY,`3.00,`0.00,`0,`0,`0.00,`0.00,`,`,`停车费用,`,`0.02000,`0.54%,`3.00,`0.00,`
`2026-04-06 14:34:59,`wxfc262f382d61c3db,`1723333380,`0,`,`4200003137202604065436623713,`b0f7332b64e442178934f235c0a15b17,`obt9Lvm7nZCR1xtnEpIqc4Q2TzuU,`JSAPI,`SUCCESS,`BOC_DEBIT,`CNY,`9.00,`0.00,`0,`0,`0.00,`0.00,`,`,`停车费用,`,`0.05000,`0.54%,`9.00,`0.00,`
`2026-04-06 20:04:31,`wxfc262f382d61c3db,`1723333380,`0,`,`4200003138202604064482898129,`c7b1435381214c30894c6f8bf89a86c1,`obt9LviVfmbvWgeXer_zV1MCjQcg,`JSAPI,`SUCCESS,`OTHERS,`CNY,`9.00,`0.00,`0,`0,`0.00,`0.00,`,`,`停车费用,`,`0.05000,`0.54%,`9.00,`0.00,`
`2026-04-06 20:40:24,`wxfc262f382d61c3db,`1723333380,`0,`,`4200003138202604065186100972,`3956152d212e428dad2d33380a8b1022,`obt9LvivgfKgAj7MO3_8yynJEJ8I,`JSAPI,`SUCCESS,`CMB_DEBIT,`CNY,`6.00,`0.00,`0,`0,`0.00,`0.00,`,`,`停车费用,`,`0.03000,`0.54%,`6.00,`0.00,`
`2026-04-06 19:28:14,`wxfc262f382d61c3db,`1723333380,`0,`,`4200003138202604067077467133,`600f94acf6924c65a4d8c05e13cc63a4,`obt9Lvk30Cx-lpJh1_0DDiloc2xM,`JSAPI,`SUCCESS,`OTHERS,`CNY,`6.00,`0.00,`0,`0,`0.00,`0.00,`,`,`停车费用,`,`0.03000,`0.54%,`6.00,`0.00,`
`2026-04-06 12:52:26,`wxfc262f382d61c3db,`1723333380,`0,`,`4200003139202604060708100105,`a7a8ad4117e940198c045d3bb276768e,`obt9Lvj9MXuU2NFc2eGLTZqC-2V0,`JSAPI,`SUCCESS,`ICBC_DEBIT,`CNY,`6.00,`0.00,`0,`0,`0.00,`0.00,`,`,`停车费用,`,`0.03000,`0.54%,`6.00,`0.00,`
`2026-04-06 20:33:20,`wxfc262f382d61c3db,`1723333380,`0,`,`4200003139202604064937120627,`6ef3c597715e46b2b5e271d8be8eb21e,`obt9LvjLBHr706PC6aUSe_2YNbbQ,`JSAPI,`SUCCESS,`OTHERS,`CNY,`15.00,`0.00,`0,`0,`0.00,`0.00,`,`,`停车费用,`,`0.08000,`0.54%,`15.00,`0.00,`
`2026-04-06 22:16:54,`wxfc262f382d61c3db,`1723333380,`0,`,`4200003139202604068162000536,`5ee91c2adb8940069987bc788b9ae7f4,`obt9Lvm4Ku0Q5JDmiiyWOVpTUvOg,`JSAPI,`SUCCESS,`OTHERS,`CNY,`6.00,`0.00,`0,`0,`0.00,`0.00,`,`,`停车费用,`,`0.03000,`0.54%,`6.00,`0.00,`
`2026-04-06 08:36:58,`wxfc262f382d61c3db,`1723333380,`0,`,`4200003139202604069330123079,`727d46dc4a0d477587ee4510c08fd732,`obt9LvqvDhHcI_fNWgJGe90HxVaw,`JSAPI,`SUCCESS,`CCB_DEBIT,`CNY,`30.00,`0.00,`0,`0,`0.00,`0.00,`,`,`停车费用,`,`0.16000,`0.54%,`30.00,`0.00,`
`2026-04-06 21:10:19,`wxfc262f382d61c3db,`1723333380,`0,`,`4200003140202604062411734917,`5007a8303f844752a06aa3d56cebdfbd,`obt9LvjHflWK6x3lGWWprjQxn_Wg,`JSAPI,`SUCCESS,`OTHERS,`CNY,`3.00,`0.00,`0,`0,`0.00,`0.00,`,`,`停车费用,`,`0.02000,`0.54%,`3.00,`0.00,`
`2026-04-07 13:23:47,`wxfc262f382d61c3db,`1723333380,`0,`,`4200003049202604071206251452,`7f7897b721144b61868e66fd4b65d356,`obt9LvsUj7X5KjSKL4-K8UJFmLnY,`JSAPI,`SUCCESS,`BOC_DEBIT,`CNY,`30.00,`0.00,`0,`0,`0.00,`0.00,`,`,`停车费用,`,`0.16000,`0.54%,`30.00,`0.00,`
`2026-04-07 19:02:00,`wxfc262f382d61c3db,`1723333380,`0,`,`4200003049202604077170142249,`067d5658c7de4373992cb6cdefde7161,`obt9Lvmhxu_sEWWMsRNLIt61LQqs,`JSAPI,`SUCCESS,`COMM_CREDIT,`CNY,`9.00,`0.00,`0,`0,`0.00,`0.00,`,`,`停车费用,`,`0.05000,`0.54%,`9.00,`0.00,`
`2026-04-07 19:47:16,`wxfc262f382d61c3db,`1723333380,`0,`,`4200003050202604070095544720,`97c29a39b6b449d8ad19753c8d02b417,`obt9Lvh8-2isBANHLrK0BAsWlNnA,`JSAPI,`SUCCESS,`OTHERS,`CNY,`6.00,`0.00,`0,`0,`0.00,`0.00,`,`,`停车费用,`,`0.03000,`0.54%,`6.00,`0.00,`
`2026-04-07 18:12:13,`wxfc262f382d61c3db,`1723333380,`0,`,`4200003050202604075528601675,`4c5ef30e6d0b4c69aca7f46716078165,`obt9Lvs3GlR1SyTDRI_-LSR2uVD8,`JSAPI,`SUCCESS,`OTHERS,`CNY,`6.00,`0.00,`0,`0,`0.00,`0.00,`,`,`停车费用,`,`0.03000,`0.54%,`6.00,`0.00,`
`2026-04-07 19:12:17,`wxfc262f382d61c3db,`1723333380,`0,`,`4200003050202604079426267052,`59df4aebb51c41469a0657fe9db2dcf7,`obt9LvqU2Lqwk6BHB2HQ-bafrhuU,`JSAPI,`SUCCESS,`CCB_DEBIT,`CNY,`6.00,`0.00,`0,`0,`0.00,`0.00,`,`,`停车费用,`,`0.03000,`0.54%,`6.00,`0.00,`
`2026-04-07 10:33:54,`wxfc262f382d61c3db,`1723333380,`0,`,`4200003051202604076021937423,`c0de31a060af4bb68e2c467f944be06f,`obt9LvrRtWhRNBUxL6rIJYWxgkR4,`JSAPI,`SUCCESS,`OTHERS,`CNY,`3.00,`0.00,`0,`0,`0.00,`0.00,`,`,`停车费用,`,`0.02000,`0.54%,`3.00,`0.00,`
`2026-04-07 11:47:49,`wxfc262f382d61c3db,`1723333380,`0,`,`4200003051202604077074408892,`5731fa5c010a4a128151142fdcf1e58d,`obt9LvsXlPJaI-zAMVp4K5p_S3V0,`JSAPI,`SUCCESS,`OTHERS,`CNY,`6.00,`0.00,`0,`0,`0.00,`0.00,`,`,`停车费用,`,`0.03000,`0.54%,`6.00,`0.00,`
`2026-04-07 17:25:40,`wxfc262f382d61c3db,`1723333380,`0,`,`4200003052202604070965414189,`31f8f7cf155749bdadfb99d181e0eb5c,`obt9Lvm0HKa1QzK4XG7FkntwygSA,`JSAPI,`SUCCESS,`OTHERS,`CNY,`3.00,`0.00,`0,`0,`0.00,`0.00,`,`,`停车费用,`,`0.02000,`0.54%,`3.00,`0.00,`
`2026-04-07 10:34:00,`wxfc262f382d61c3db,`1723333380,`0,`,`4200003052202604075205308167,`0c30359f8bf948b792d5948a1d331c93,`obt9Lvp49tkqOLfLkWJ-38_64AUU,`JSAPI,`SUCCESS,`COMM_CREDIT,`CNY,`3.00,`0.00,`0,`0,`0.00,`0.00,`,`,`停车费用,`,`0.02000,`0.54%,`3.00,`0.00,`
`2026-04-07 11:00:56,`wxfc262f382d61c3db,`1723333380,`0,`,`4200003052202604077849504134,`156917053373497d924d473eefd70c5a,`obt9LvvkEiyuH5pn_cE8158XOAUY,`JSAPI,`SUCCESS,`PAB_CREDIT,`CNY,`3.00,`0.00,`0,`0,`0.00,`0.00,`,`,`停车费用,`,`0.02000,`0.54%,`3.00,`0.00,`
`2026-04-07 02:18:14,`wxfc262f382d61c3db,`1723333380,`0,`,`4200003053202604079073284537,`fa6465a0574c420cbd5b0863cb816c04,`obt9LvjhYfpyCRfJ3Pf82U7odgSk,`JSAPI,`SUCCESS,`CCB_DEBIT,`CNY,`3.00,`0.00,`0,`0,`0.00,`0.00,`,`,`停车费用,`,`0.02000,`0.54%,`3.00,`0.00,`
`2026-04-07 10:43:35,`wxfc262f382d61c3db,`1723333380,`0,`,`4200003053202604079928957259,`73be0e0dd85c4f63b2b27ec1cd3d2a87,`obt9LvpkWCu4sk41dvEOCNvufDuo,`JSAPI,`SUCCESS,`PAB_CREDIT,`CNY,`3.00,`0.00,`0,`0,`0.00,`0.00,`,`,`停车费用,`,`0.02000,`0.54%,`3.00,`0.00,`
`2026-04-07 10:37:18,`wxfc262f382d61c3db,`1723333380,`0,`,`4200003054202604074699295257,`4e58d5ecb83f4640b512033b4c5f93f9,`obt9LvsMjGT6Qsc-PWQxnHkwfX4s,`JSAPI,`SUCCESS,`OTHERS,`CNY,`3.00,`0.00,`0,`0,`0.00,`0.00,`,`,`停车费用,`,`0.02000,`0.54%,`3.00,`0.00,`
`2026-04-07 17:50:18,`wxfc262f382d61c3db,`1723333380,`0,`,`4200003056202604071039940164,`9c7a8cc13ec1495daaa9094c31c785cf,`obt9LvnlM5qFwRUn7sIDbh-tHKS8,`JSAPI,`SUCCESS,`ICBC_CREDIT,`CNY,`6.00,`0.00,`0,`0,`0.00,`0.00,`,`,`停车费用,`,`0.03000,`0.54%,`6.00,`0.00,`
`2026-04-07 17:40:58,`wxfc262f382d61c3db,`1723333380,`0,`,`4200003056202604073831413354,`60912d3a0be842f59b6e2f426a3721c1,`obt9LvkDH6MAroC7d8JmzSGuJvRg,`JSAPI,`SUCCESS,`OTHERS,`CNY,`3.00,`0.00,`0,`0,`0.00,`0.00,`,`,`停车费用,`,`0.02000,`0.54%,`3.00,`0.00,`
`2026-04-07 15:43:24,`wxfc262f382d61c3db,`1723333380,`0,`,`4200003056202604075055831867,`5c78842094574e11aed7e0932817b7ea,`obt9LvoyrDnPMktgVdVvKArxxBV0,`JSAPI,`SUCCESS,`CCB_DEBIT,`CNY,`6.00,`0.00,`0,`0,`0.00,`0.00,`,`,`停车费用,`,`0.03000,`0.54%,`6.00,`0.00,`
`2026-04-07 17:31:07,`wxfc262f382d61c3db,`1723333380,`0,`,`4200003056202604077386356798,`1cf9ebd0ad424624bc1383cd3c5d40c0,`obt9Lvo7Z0TAjmKAM5jedtB73VlE,`JSAPI,`SUCCESS,`OTHERS,`CNY,`15.00,`0.00,`0,`0,`0.00,`0.00,`,`,`停车费用,`,`0.08000,`0.54%,`15.00,`0.00,`
`2026-04-07 10:45:41,`wxfc262f382d61c3db,`1723333380,`0,`,`4200003057202604073459672815,`38d5abad12624b468a7fb0e39f09f976,`obt9LvmfYFcldKVHD53BrNP85UC0,`JSAPI,`SUCCESS,`OTHERS,`CNY,`3.00,`0.00,`0,`0,`0.00,`0.00,`,`,`停车费用,`,`0.02000,`0.54%,`3.00,`0.00,`
`2026-04-07 11:13:19,`wxfc262f382d61c3db,`1723333380,`0,`,`4200003059202604070653345012,`50429e902baf4fdba96fd689925e8e58,`obt9LvmrHrz_C5K0AMX1u67ZFWwg,`JSAPI,`SUCCESS,`OTHERS,`CNY,`3.00,`0.00,`0,`0,`0.00,`0.00,`,`,`停车费用,`,`0.02000,`0.54%,`3.00,`0.00,`
`2026-04-07 11:23:02,`wxfc262f382d61c3db,`1723333380,`0,`,`4200003060202604070066143529,`445792b6be054f72b7ed614cec0ebea9,`obt9LvqhZ9owWqHo3oUy5yzpTlD0,`JSAPI,`SUCCESS,`OTHERS,`CNY,`6.00,`0.00,`0,`0,`0.00,`0.00,`,`,`停车费用,`,`0.03000,`0.54%,`6.00,`0.00,`
`2026-04-07 17:43:16,`wxfc262f382d61c3db,`1723333380,`0,`,`4200003060202604076947229535,`f7feaabd152e45cba59930d902e78ac4,`obt9LviBVPu1GYpANvfGWD6rDXFk,`JSAPI,`SUCCESS,`PAB_CREDIT,`CNY,`6.00,`0.00,`0,`0,`0.00,`0.00,`,`,`停车费用,`,`0.03000,`0.54%,`6.00,`0.00,`
`2026-04-07 13:23:39,`wxfc262f382d61c3db,`1723333380,`0,`,`4200003060202604077980667156,`11867bc0b5744aa1b6d0d25d0fcdf61a,`obt9LviBVPu1GYpANvfGWD6rDXFk,`JSAPI,`SUCCESS,`PAB_CREDIT,`CNY,`9.00,`0.00,`0,`0,`0.00,`0.00,`,`,`停车费用,`,`0.05000,`0.54%,`9.00,`0.00,`
`2026-04-07 19:45:58,`wxfc262f382d61c3db,`1723333380,`0,`,`4200003061202604070868896319,`b5424f46b5d5474dbf2c3d7d6b99e6d7,`obt9Lvj-ztxu0YDYQUNTL78rlUa4,`JSAPI,`SUCCESS,`OTHERS,`CNY,`3.00,`0.00,`0,`0,`0.00,`0.00,`,`,`停车费用,`,`0.02000,`0.54%,`3.00,`0.00,`
`2026-04-07 19:42:19,`wxfc262f382d61c3db,`1723333380,`0,`,`4200003061202604071391259161,`7012b55da73c453cad13350121d54430,`obt9LvoL4DMteiDhNGOP0z3zWoME,`JSAPI,`SUCCESS,`OTHERS,`CNY,`3.00,`0.00,`0,`0,`0.00,`0.00,`,`,`停车费用,`,`0.02000,`0.54%,`3.00,`0.00,`
`2026-04-07 10:40:44,`wxfc262f382d61c3db,`1723333380,`0,`,`4200003062202604076040404189,`9d2713ea17ea47a3822d64e9ad6bb785,`obt9Lvv_FkueH22RX3kDdgc0glxw,`JSAPI,`SUCCESS,`OTHERS,`CNY,`3.00,`0.00,`0,`0,`0.00,`0.00,`,`,`停车费用,`,`0.02000,`0.54%,`3.00,`0.00,`
`2026-04-07 10:50:38,`wxfc262f382d61c3db,`1723333380,`0,`,`4200003063202604071572938768,`c6ef9ea4bea0423fa1718969017df1a1,`obt9LvibkcAsY7PqZa8XeXHynP0I,`JSAPI,`SUCCESS,`PAB_CREDIT,`CNY,`3.00,`0.00,`0,`0,`0.00,`0.00,`,`,`停车费用,`,`0.02000,`0.54%,`3.00,`0.00,`
`2026-04-07 09:16:57,`wxfc262f382d61c3db,`1723333380,`0,`,`4200003063202604073147227717,`900b3f6342e74a1480f75c8d4dff950a,`obt9Lvp7YVnN12JSOW7wgXtXwGfw,`JSAPI,`SUCCESS,`OTHERS,`CNY,`30.00,`0.00,`0,`0,`0.00,`0.00,`,`,`停车费用,`,`0.16000,`0.54%,`30.00,`0.00,`
`2026-04-07 20:20:34,`wxfc262f382d61c3db,`1723333380,`0,`,`4200003063202604076972930404,`4b29446a409b49dabc310e7a81e0e96b,`obt9LvmQ0RkUhxRwxgpurWeg5gOI,`JSAPI,`SUCCESS,`CMB_DEBIT,`CNY,`3.00,`0.00,`0,`0,`0.00,`0.00,`,`,`停车费用,`,`0.02000,`0.54%,`3.00,`0.00,`
`2026-04-07 17:57:08,`wxfc262f382d61c3db,`1723333380,`0,`,`4200003064202604072208294865,`961740fdf663493baecc2195546a6a66,`obt9Lvkvo3eByxWpMtIfUllZW3Es,`JSAPI,`SUCCESS,`OTHERS,`CNY,`6.00,`0.00,`0,`0,`0.00,`0.00,`,`,`停车费用,`,`0.03000,`0.54%,`6.00,`0.00,`
`2026-04-07 10:44:35,`wxfc262f382d61c3db,`1723333380,`0,`,`4200003064202604075730878894,`0bb6ed0fe39c4c2e893395e958009671,`obt9Lvih882QTYBOXxHK5XvDBjaM,`JSAPI,`SUCCESS,`GDB_CREDIT,`CNY,`3.00,`0.00,`0,`0,`0.00,`0.00,`,`,`停车费用,`,`0.02000,`0.54%,`3.00,`0.00,`
`2026-04-07 10:39:44,`wxfc262f382d61c3db,`1723333380,`0,`,`4200003064202604078976447769,`1fa63a798d5644978a5919c6ed6ee17a,`obt9LvsP15QrU85gJmqzz6uQ1FDQ,`JSAPI,`SUCCESS,`OTHERS,`CNY,`3.00,`0.00,`0,`0,`0.00,`0.00,`,`,`停车费用,`,`0.02000,`0.54%,`3.00,`0.00,`
`2026-04-07 18:48:56,`wxfc262f382d61c3db,`1723333380,`0,`,`4200003065202604071768617766,`cd8eea643d7541b9980182c355ce982c,`obt9LvpKmnrQeSlM4Qt5CJX2jJfA,`JSAPI,`SUCCESS,`OTHERS,`CNY,`3.00,`0.00,`0,`0,`0.00,`0.00,`,`,`停车费用,`,`0.02000,`0.54%,`3.00,`0.00,`
`2026-04-07 20:53:34,`wxfc262f382d61c3db,`1723333380,`0,`,`4200003065202604078027023255,`3877af5e4cbe4b9fb486be6c65b5ed7e,`obt9LvvMX1E9ZrvrhH1iXNVQrC_8,`JSAPI,`SUCCESS,`OTHERS,`CNY,`3.00,`0.00,`0,`0,`0.00,`0.00,`,`,`停车费用,`,`0.02000,`0.54%,`3.00,`0.00,`
`2026-04-07 12:02:00,`wxfc262f382d61c3db,`1723333380,`0,`,`4200003066202604070400093000,`0823cd26d2d24a9db9f19a9c0f844fac,`obt9Lvkvo3eByxWpMtIfUllZW3Es,`JSAPI,`SUCCESS,`OTHERS,`CNY,`6.00,`0.00,`0,`0,`0.00,`0.00,`,`,`停车费用,`,`0.03000,`0.54%,`6.00,`0.00,`
`2026-04-07 10:35:37,`wxfc262f382d61c3db,`1723333380,`0,`,`4200003066202604070998517832,`f127b040e2b94aee8b703858239a789c,`obt9LvqBiJWHGSdJLx1R0AIGXorU,`JSAPI,`SUCCESS,`OTHERS,`CNY,`3.00,`0.00,`0,`0,`0.00,`0.00,`,`,`停车费用,`,`0.02000,`0.54%,`3.00,`0.00,`
`2026-04-07 11:08:12,`wxfc262f382d61c3db,`1723333380,`0,`,`4200003066202604074192725674,`083f9aee008140bc85fb03e26cc2c7a8,`obt9LvtwwThKKxLYMDSfOBi6_WAo,`JSAPI,`SUCCESS,`PAB_CREDIT,`CNY,`3.00,`0.00,`0,`0,`0.00,`0.00,`,`,`停车费用,`,`0.02000,`0.54%,`3.00,`0.00,`
`2026-04-07 17:53:39,`wxfc262f382d61c3db,`1723333380,`0,`,`4200003066202604078439956690,`7bacc00ef6a849bcb56dc121cca4934c,`obt9LvpxPj2zvWu0YFjuqfK_2HRM,`JSAPI,`SUCCESS,`OTHERS,`CNY,`3.00,`0.00,`0,`0,`0.00,`0.00,`,`,`停车费用,`,`0.02000,`0.54%,`3.00,`0.00,`
`2026-04-07 11:25:21,`wxfc262f382d61c3db,`1723333380,`0,`,`4200003067202604075064647599,`6562f0559e0946c8b8bf87a2e8a80685,`obt9Lvkne-Y3bPI3nRY4HzUbdo_o,`JSAPI,`SUCCESS,`CCB_DEBIT,`CNY,`3.00,`0.00,`0,`0,`0.00,`0.00,`,`,`停车费用,`,`0.02000,`0.54%,`3.00,`0.00,`
`2026-04-07 10:32:02,`wxfc262f382d61c3db,`1723333380,`0,`,`4200003067202604078210437925,`45d6ba3714ca4d1eb2b8b32a77559dd4,`obt9LvvkuRyB0VnAw_Ik5-54kTeQ,`JSAPI,`SUCCESS,`PAB_CREDIT,`CNY,`3.00,`0.00,`0,`0,`0.00,`0.00,`,`,`停车费用,`,`0.02000,`0.54%,`3.00,`0.00,`
`2026-04-07 13:35:38,`wxfc262f382d61c3db,`1723333380,`0,`,`4200003068202604073270881441,`8fe1d5a383f34bf2b93810123c93ed4e,`obt9LvpE33ZzOx3haFwl8ZalMlFI,`JSAPI,`SUCCESS,`OTHERS,`CNY,`3.00,`0.00,`0,`0,`0.00,`0.00,`,`,`停车费用,`,`0.02000,`0.54%,`3.00,`0.00,`
`2026-04-07 20:59:51,`wxfc262f382d61c3db,`1723333380,`0,`,`4200003070202604071965253575,`b7ead35ad3bf4884bf6524c0bbf836cd,`obt9Lvr_eqIvAfv5T4gIN7EOU5GU,`JSAPI,`SUCCESS,`OTHERS,`CNY,`3.00,`0.00,`0,`0,`0.00,`0.00,`,`,`停车费用,`,`0.02000,`0.54%,`3.00,`0.00,`
`2026-04-07 13:05:34,`wxfc262f382d61c3db,`1723333380,`0,`,`4200003070202604073797313027,`eea3e76582c844bca6550c43b35453c9,`obt9LvgUoUHOMQmCawZS_Ud8gCcE,`JSAPI,`SUCCESS,`COMM_CREDIT,`CNY,`3.00,`0.00,`0,`0,`0.00,`0.00,`,`,`停车费用,`,`0.02000,`0.54%,`3.00,`0.00,`
`2026-04-07 11:19:58,`wxfc262f382d61c3db,`1723333380,`0,`,`4200003071202604070765688410,`9baf980441004469aa2b6866cd96131c,`obt9LvkDH6MAroC7d8JmzSGuJvRg,`JSAPI,`SUCCESS,`OTHERS,`CNY,`3.00,`0.00,`0,`0,`0.00,`0.00,`,`,`停车费用,`,`0.02000,`0.54%,`3.00,`0.00,`
`2026-04-07 10:15:45,`wxfc262f382d61c3db,`1723333380,`0,`,`4200003071202604075506312804,`4e29dae3397a442196f14b6a0d41e580,`obt9LvqU2Lqwk6BHB2HQ-bafrhuU,`JSAPI,`SUCCESS,`OTHERS,`CNY,`3.00,`0.00,`0,`0,`0.00,`0.00,`,`,`停车费用,`,`0.02000,`0.54%,`3.00,`0.00,`
`2026-04-07 10:47:57,`wxfc262f382d61c3db,`1723333380,`0,`,`4200003072202604072386101110,`677839a66fb840f9939cfea8b5580967,`obt9Lvss__01bD9wsU0vINDfNIMs,`JSAPI,`SUCCESS,`OTHERS,`CNY,`3.00,`0.00,`0,`0,`0.00,`0.00,`,`,`停车费用,`,`0.02000,`0.54%,`3.00,`0.00,`
`2026-04-07 12:40:48,`wxfc262f382d61c3db,`1723333380,`0,`,`4200003072202604079060212694,`c7c6ac0fa7eb4947adee33504c3f44cc,`obt9Lvtdf5szNtN2b2Y1KElLBlrw,`JSAPI,`SUCCESS,`OTHERS,`CNY,`3.00,`0.00,`0,`0,`0.00,`0.00,`,`,`停车费用,`,`0.02000,`0.54%,`3.00,`0.00,`
`2026-04-07 21:18:37,`wxfc262f382d61c3db,`1723333380,`0,`,`4200003073202604070385863923,`6c23248283f84176bbbf3b185fcc938e,`obt9LvuRmgSt1k8gf1mX4hXcZ8MU,`JSAPI,`SUCCESS,`CSCB_DEBIT,`CNY,`3.00,`0.00,`0,`0,`0.00,`0.00,`,`,`停车费用,`,`0.02000,`0.54%,`3.00,`0.00,`
`2026-04-07 21:10:37,`wxfc262f382d61c3db,`1723333380,`0,`,`4200003073202604079597434649,`9199547075154f7f9846f56b5968373e,`obt9LvuHmu2l5-9yViUAvlsxIL68,`JSAPI,`SUCCESS,`CIB_DEBIT,`CNY,`3.00,`0.00,`0,`0,`0.00,`0.00,`,`,`停车费用,`,`0.02000,`0.54%,`3.00,`0.00,`
`2026-04-07 23:27:38,`wxfc262f382d61c3db,`1723333380,`0,`,`4200003074202604073601653501,`d2c529a33b934e9a88b36f3e9756f2b3,`obt9LvrhKIS7m7r1ig--DC2uBNcU,`JSAPI,`SUCCESS,`OTHERS,`CNY,`9.00,`0.00,`0,`0,`0.00,`0.00,`,`,`停车费用,`,`0.05000,`0.54%,`9.00,`0.00,`
`2026-04-07 11:15:26,`wxfc262f382d61c3db,`1723333380,`0,`,`4200003075202604070687954116,`965c6429b9984dc191d78015786da538,`obt9LvvjoTADfjv6OFB-7lgnDMck,`JSAPI,`SUCCESS,`OTHERS,`CNY,`27.00,`0.00,`0,`0,`0.00,`0.00,`,`,`停车费用,`,`0.15000,`0.54%,`27.00,`0.00,`
`2026-04-07 12:02:09,`wxfc262f382d61c3db,`1723333380,`0,`,`4200003076202604071667311992,`e97df2d963804d509aac653965f6ad16,`obt9LvvGnAvghtRuhq392MGyMysU,`JSAPI,`SUCCESS,`OTHERS,`CNY,`6.00,`0.00,`0,`0,`0.00,`0.00,`,`,`停车费用,`,`0.03000,`0.54%,`6.00,`0.00,`
`2026-04-07 07:57:53,`wxfc262f382d61c3db,`1723333380,`0,`,`4200003076202604075513517662,`03a3614bacd8422da30f8e255314c8fd,`obt9LvphgUs4-ETb295IDPonKYFc,`JSAPI,`SUCCESS,`GDB_CREDIT,`CNY,`30.00,`0.00,`0,`0,`0.00,`0.00,`,`,`停车费用,`,`0.16000,`0.54%,`30.00,`0.00,`
`2026-04-07 11:14:46,`wxfc262f382d61c3db,`1723333380,`0,`,`4200003077202604077394390547,`2ba060a4d99543e1943063ee2cca1b99,`obt9LvqD9m8kn5qRo1IswMwOOIus,`JSAPI,`SUCCESS,`OTHERS,`CNY,`3.00,`0.00,`0,`0,`0.00,`0.00,`,`,`停车费用,`,`0.02000,`0.54%,`3.00,`0.00,`
`2026-04-07 11:48:00,`wxfc262f382d61c3db,`1723333380,`0,`,`4200003077202604079893441392,`32efce7da5f24cd682694aaa9478564f,`obt9LvqC1F6UBewL1DTG46m8UKXs,`JSAPI,`SUCCESS,`CCB_DEBIT,`CNY,`6.00,`0.00,`0,`0,`0.00,`0.00,`,`,`停车费用,`,`0.03000,`0.54%,`6.00,`0.00,`
`2026-04-07 20:31:26,`wxfc262f382d61c3db,`1723333380,`0,`,`4200003079202604079856997051,`c9b12baa6a9a4b79886e926c083c9e7a,`obt9LvqYPfJQr45g97bAk9IjfuuY,`JSAPI,`SUCCESS,`OTHERS,`CNY,`6.00,`0.00,`0,`0,`0.00,`0.00,`,`,`停车费用,`,`0.03000,`0.54%,`6.00,`0.00,`
`2026-04-07 12:12:41,`wxfc262f382d61c3db,`1723333380,`0,`,`4200003080202604072932546380,`76ea01a66baa4ef8a01df4ecd23f6bcf,`obt9LvvhpaE8Df1tvqrU2elNyhE4,`JSAPI,`SUCCESS,`PAB_CREDIT,`CNY,`6.00,`0.00,`0,`0,`0.00,`0.00,`,`,`停车费用,`,`0.03000,`0.54%,`6.00,`0.00,`
`2026-04-07 18:08:02,`wxfc262f382d61c3db,`1723333380,`0,`,`4200003080202604073368600031,`bd9488f6d0404d169dd1c4cdfef67593,`obt9Lvj7SbJqdDwlzA0NtoTayKwE,`JSAPI,`SUCCESS,`OTHERS,`CNY,`3.00,`0.00,`0,`0,`0.00,`0.00,`,`,`停车费用,`,`0.02000,`0.54%,`3.00,`0.00,`
`2026-04-07 11:33:07,`wxfc262f382d61c3db,`1723333380,`0,`,`4200003080202604074525890392,`bac824282f814952866a75f23ede6f61,`obt9LvpKmnrQeSlM4Qt5CJX2jJfA,`JSAPI,`SUCCESS,`OTHERS,`CNY,`3.00,`0.00,`0,`0,`0.00,`0.00,`,`,`停车费用,`,`0.02000,`0.54%,`3.00,`0.00,`
`2026-04-07 21:05:18,`wxfc262f382d61c3db,`1723333380,`0,`,`4200003080202604076894353586,`d027a519adc441a8acb59910957eb958,`obt9Lvhysv3SAIX69rIT2sIL-rUc,`JSAPI,`SUCCESS,`OTHERS,`CNY,`6.00,`0.00,`0,`0,`0.00,`0.00,`,`,`停车费用,`,`0.03000,`0.54%,`6.00,`0.00,`
`2026-04-07 21:02:38,`wxfc262f382d61c3db,`1723333380,`0,`,`4200003080202604078238931015,`6d9763528e004380ac66f3c012da1209,`obt9LvvKGFFsrIqJiksN_t-SAu9M,`JSAPI,`SUCCESS,`OTHERS,`CNY,`3.00,`0.00,`0,`0,`0.00,`0.00,`,`,`停车费用,`,`0.02000,`0.54%,`3.00,`0.00,`
`2026-04-07 21:37:20,`wxfc262f382d61c3db,`1723333380,`0,`,`4200003080202604078791285903,`92882a7f128c486a87f162ff70f97c84,`obt9Lvml7SKWyU6wK-XHFfDdgRxs,`JSAPI,`SUCCESS,`OTHERS,`CNY,`3.00,`0.00,`0,`0,`0.00,`0.00,`,`,`停车费用,`,`0.02000,`0.54%,`3.00,`0.00,`
`2026-04-07 13:41:43,`wxfc262f382d61c3db,`1723333380,`0,`,`4200003081202604072656517618,`15b35570fb8343ddb37ab703802c79b4,`obt9Lvlgr31-RcDYIIP5ebYSE2H4,`JSAPI,`SUCCESS,`PSBC_DEBIT,`CNY,`6.00,`0.00,`0,`0,`0.00,`0.00,`,`,`停车费用,`,`0.03000,`0.54%,`6.00,`0.00,`
`2026-04-07 11:20:05,`wxfc262f382d61c3db,`1723333380,`0,`,`4200003081202604073008765397,`a072e4bd1f8c461db04dcc0e853b5b49,`obt9LvtGkh-oARJS9SDcSmDFTYaE,`JSAPI,`SUCCESS,`CSCB_CREDIT,`CNY,`3.00,`0.00,`0,`0,`0.00,`0.00,`,`,`停车费用,`,`0.02000,`0.54%,`3.00,`0.00,`
`2026-04-07 17:43:30,`wxfc262f382d61c3db,`1723333380,`0,`,`4200003081202604076017695882,`35182301f4084bf0894ba311999e08c9,`obt9LvmO0IM9Yx7R0Dc2RfFosL4s,`JSAPI,`SUCCESS,`OTHERS,`CNY,`3.00,`0.00,`0,`0,`0.00,`0.00,`,`,`停车费用,`,`0.02000,`0.54%,`3.00,`0.00,`
`2026-04-07 10:51:33,`wxfc262f382d61c3db,`1723333380,`0,`,`4200003081202604079889321307,`88b407e869ab44639ea863bee55b5fde,`obt9Lvp-ZwCtyglOhY-JshlM_nHw,`JSAPI,`SUCCESS,`OTHERS,`CNY,`3.00,`0.00,`0,`0,`0.00,`0.00,`,`,`停车费用,`,`0.02000,`0.54%,`3.00,`0.00,`
`2026-04-07 14:18:11,`wxfc262f382d61c3db,`1723333380,`0,`,`4200003082202604077032815666,`94bdea206af5412eb27d3b4c6bf7a4d6,`obt9LvuSoW17IiPtzdNgGow9pnb8,`JSAPI,`SUCCESS,`OTHERS,`CNY,`3.00,`0.00,`0,`0,`0.00,`0.00,`,`,`停车费用,`,`0.02000,`0.54%,`3.00,`0.00,`
`2026-04-07 12:05:23,`wxfc262f382d61c3db,`1723333380,`0,`,`4200003083202604074326284881,`35284ce75bcd409e93516f3072c89674,`obt9LvmN4y8MBFEOSM3VlMAqUyUw,`JSAPI,`SUCCESS,`OTHERS,`CNY,`6.00,`0.00,`0,`0,`0.00,`0.00,`,`,`停车费用,`,`0.03000,`0.54%,`6.00,`0.00,`
`2026-04-07 17:16:27,`wxfc262f382d61c3db,`1723333380,`0,`,`4200003084202604070700502086,`19b98145dcce4f83b1b07672d4316e2a,`obt9LvgzKlicJEY5T0U3OgtrvLa8,`JSAPI,`SUCCESS,`OTHERS,`CNY,`3.00,`0.00,`0,`0,`0.00,`0.00,`,`,`停车费用,`,`0.02000,`0.54%,`3.00,`0.00,`
`2026-04-07 10:58:05,`wxfc262f382d61c3db,`1723333380,`0,`,`4200003084202604071798750093,`026d668315f641fb80927d17fb922cec,`obt9LvgzKlicJEY5T0U3OgtrvLa8,`JSAPI,`SUCCESS,`OTHERS,`CNY,`3.00,`0.00,`0,`0,`0.00,`0.00,`,`,`停车费用,`,`0.02000,`0.54%,`3.00,`0.00,`
`2026-04-07 21:17:44,`wxfc262f382d61c3db,`1723333380,`0,`,`4200003084202604072964314555,`7e647077fc1b42bf96a37bdebab74532,`obt9LvvyBoBSzL7VPf3N-r0gBzn8,`JSAPI,`SUCCESS,`OTHERS,`CNY,`3.00,`0.00,`0,`0,`0.00,`0.00,`,`,`停车费用,`,`0.02000,`0.54%,`3.00,`0.00,`
`2026-04-07 18:58:07,`wxfc262f382d61c3db,`1723333380,`0,`,`4200003085202604076581784398,`895dbac8810644c28b4ea786bba58af7,`obt9LvqhZ9owWqHo3oUy5yzpTlD0,`JSAPI,`SUCCESS,`OTHERS,`CNY,`3.00,`0.00,`0,`0,`0.00,`0.00,`,`,`停车费用,`,`0.02000,`0.54%,`3.00,`0.00,`
`2026-04-07 21:08:46,`wxfc262f382d61c3db,`1723333380,`0,`,`4200003086202604070533210761,`7420a765fede47a68cb5e20ae597c307,`obt9LvmVmzcrzvTNlOvBpNbRrFWI,`JSAPI,`SUCCESS,`CCB_DEBIT,`CNY,`3.00,`0.00,`0,`0,`0.00,`0.00,`,`,`停车费用,`,`0.02000,`0.54%,`3.00,`0.00,`
`2026-04-07 19:49:05,`wxfc262f382d61c3db,`1723333380,`0,`,`4200003086202604072393274012,`2d1118a3576c4b5e8777d6865de5bbef,`obt9LvmvA87JJ4uzkAn94C8NeEiY,`JSAPI,`SUCCESS,`OTHERS,`CNY,`3.00,`0.00,`0,`0,`0.00,`0.00,`,`,`停车费用,`,`0.02000,`0.54%,`3.00,`0.00,`
`2026-04-07 17:31:47,`wxfc262f382d61c3db,`1723333380,`0,`,`4200003088202604074356919836,`adf731ae4f454d83bc3ae3da7f1bc74b,`obt9LvgOTNvadCVcJwr0mkVoA7ss,`JSAPI,`SUCCESS,`OTHERS,`CNY,`3.00,`0.00,`0,`0,`0.00,`0.00,`,`,`停车费用,`,`0.02000,`0.54%,`3.00,`0.00,`
`2026-04-07 12:51:23,`wxfc262f382d61c3db,`1723333380,`0,`,`4200003089202604073778092366,`a12a6a130e8f48719ea7147d9d724942,`obt9LvgikPQhPUfFsfHbAVOAxHSA,`JSAPI,`SUCCESS,`OTHERS,`CNY,`3.00,`0.00,`0,`0,`0.00,`0.00,`,`,`停车费用,`,`0.02000,`0.54%,`3.00,`0.00,`
`2026-04-07 17:30:23,`wxfc262f382d61c3db,`1723333380,`0,`,`4200003089202604075025299316,`e8539e729589405d91a91c888966d726,`obt9LvuLEZqOCPRpGRhHvonbxg4Y,`JSAPI,`SUCCESS,`OTHERS,`CNY,`6.00,`0.00,`0,`0,`0.00,`0.00,`,`,`停车费用,`,`0.03000,`0.54%,`6.00,`0.00,`
`2026-04-07 11:22:05,`wxfc262f382d61c3db,`1723333380,`0,`,`4200003090202604075828567929,`0965fdc6192642fe9e31c25e377e56ab,`obt9LvoBZSh9QCAZ6idwDDUqnZLo,`JSAPI,`SUCCESS,`PAB_CREDIT,`CNY,`6.00,`0.00,`0,`0,`0.00,`0.00,`,`,`停车费用,`,`0.03000,`0.54%,`6.00,`0.00,`
`2026-04-07 10:37:04,`wxfc262f382d61c3db,`1723333380,`0,`,`4200003091202604076465739972,`2a27cd9fa8884282bf4692ccc6224f78,`obt9LvjvPzk1kyKmT6sra9JS8zdo,`JSAPI,`SUCCESS,`OTHERS,`CNY,`3.00,`0.00,`0,`0,`0.00,`0.00,`,`,`停车费用,`,`0.02000,`0.54%,`3.00,`0.00,`
`2026-04-07 20:17:58,`wxfc262f382d61c3db,`1723333380,`0,`,`4200003092202604071744476692,`7e823f98c1394b14800b71a2a56b1dad,`obt9Lvm0ynV1LQ7CO3wIqF7-3DSU,`JSAPI,`SUCCESS,`OTHERS,`CNY,`9.00,`0.00,`0,`0,`0.00,`0.00,`,`,`停车费用,`,`0.05000,`0.54%,`9.00,`0.00,`
`2026-04-07 21:08:11,`wxfc262f382d61c3db,`1723333380,`0,`,`4200003092202604072207132546,`a4d22ff011974ded870a9bfaaba61625,`obt9Lvl2Emr6ujU9a-8zPKbfP3zM,`JSAPI,`SUCCESS,`OTHERS,`CNY,`3.00,`0.00,`0,`0,`0.00,`0.00,`,`,`停车费用,`,`0.02000,`0.54%,`3.00,`0.00,`
`2026-04-07 17:59:30,`wxfc262f382d61c3db,`1723333380,`0,`,`4200003092202604075742310146,`a505b85f8a0e4284aa905843f10031d3,`obt9LvpWfuT4yuRZ5LCfkTNVoCcg,`JSAPI,`SUCCESS,`OTHERS,`CNY,`3.00,`0.00,`0,`0,`0.00,`0.00,`,`,`停车费用,`,`0.02000,`0.54%,`3.00,`0.00,`
`2026-04-07 21:04:32,`wxfc262f382d61c3db,`1723333380,`0,`,`4200003093202604072198967461,`25def083cad24b85896b297c63585b85,`obt9LvuLEZqOCPRpGRhHvonbxg4Y,`JSAPI,`SUCCESS,`CCB_DEBIT,`CNY,`3.00,`0.00,`0,`0,`0.00,`0.00,`,`,`停车费用,`,`0.02000,`0.54%,`3.00,`0.00,`
`2026-04-07 11:48:46,`wxfc262f382d61c3db,`1723333380,`0,`,`4200003093202604076669069438,`1f4a47af8c37414a9bf19613ef4bb369,`obt9LvlmpKA5FPIDEvm1spnsvJV4,`JSAPI,`SUCCESS,`OTHERS,`CNY,`6.00,`0.00,`0,`0,`0.00,`0.00,`,`,`停车费用,`,`0.03000,`0.54%,`6.00,`0.00,`
`2026-04-07 12:30:04,`wxfc262f382d61c3db,`1723333380,`0,`,`4200003095202604070606896770,`730d7870736c441bb4947afca3a3d294,`obt9LvqrztrxHLTABOYtaFdDZfqw,`JSAPI,`SUCCESS,`CCB_CREDIT,`CNY,`9.00,`0.00,`0,`0,`0.00,`0.00,`,`,`停车费用,`,`0.05000,`0.54%,`9.00,`0.00,`
`2026-04-07 19:29:34,`wxfc262f382d61c3db,`1723333380,`0,`,`4200003095202604074238304866,`367cf30097ba4d9bb18b711627449ae9,`obt9Lvhj57n2DDuwSGwIo7wMfzfk,`JSAPI,`SUCCESS,`CMBC_CREDIT,`CNY,`3.00,`0.00,`0,`0,`0.00,`0.00,`,`,`停车费用,`,`0.02000,`0.54%,`3.00,`0.00,`
`2026-04-07 18:55:09,`wxfc262f382d61c3db,`1723333380,`0,`,`4200003095202604074649493868,`ef6041848c8b47e4bb8d2fe8fe090e30,`obt9LvlwRGGOdPdCHyY7heqlTWUA,`JSAPI,`SUCCESS,`OTHERS,`CNY,`3.00,`0.00,`0,`0,`0.00,`0.00,`,`,`停车费用,`,`0.02000,`0.54%,`3.00,`0.00,`
`2026-04-07 20:44:24,`wxfc262f382d61c3db,`1723333380,`0,`,`4200003125202604073441763041,`3ea67442fb824013be728b47159ce384,`obt9LviYpa6XcVTdaC18PWBIvdso,`JSAPI,`SUCCESS,`OTHERS,`CNY,`3.00,`0.00,`0,`0,`0.00,`0.00,`,`,`停车费用,`,`0.02000,`0.54%,`3.00,`0.00,`
`2026-04-07 17:41:32,`wxfc262f382d61c3db,`1723333380,`0,`,`4200003129202604079588964788,`814c0a541e38411bb99191db3958f3b4,`obt9LvnwePmCXsr3KOE8J6ATnGjY,`JSAPI,`SUCCESS,`OTHERS,`CNY,`6.00,`0.00,`0,`0,`0.00,`0.00,`,`,`停车费用,`,`0.03000,`0.54%,`6.00,`0.00,`
`2026-04-07 10:44:47,`wxfc262f382d61c3db,`1723333380,`0,`,`4200003130202604075169288842,`b4c4bdac2bf646f49858af7de26acf25,`obt9LviBA5En8tP7hX_-Ri4EcxJ4,`JSAPI,`SUCCESS,`CMB_CREDIT,`CNY,`3.00,`0.00,`0,`0,`0.00,`0.00,`,`,`停车费用,`,`0.02000,`0.54%,`3.00,`0.00,`
`2026-04-07 18:29:06,`wxfc262f382d61c3db,`1723333380,`0,`,`4200003131202604072313937402,`eee5717310bd46449e7d2539ec8ec8b8,`obt9Lviy5FDk34A-612sQEdOaU_c,`JSAPI,`SUCCESS,`OTHERS,`CNY,`9.00,`0.00,`0,`0,`0.00,`0.00,`,`,`停车费用,`,`0.05000,`0.54%,`9.00,`0.00,`
`2026-04-07 19:06:06,`wxfc262f382d61c3db,`1723333380,`0,`,`4200003131202604074846644435,`bf19c5fb79224d1b8f93dd0cc2d31693,`obt9LvgV3Ya1nnHZaNc8rdPDBDC8,`JSAPI,`SUCCESS,`OTHERS,`CNY,`6.00,`0.00,`0,`0,`0.00,`0.00,`,`,`停车费用,`,`0.03000,`0.54%,`6.00,`0.00,`
`2026-04-07 16:56:19,`wxfc262f382d61c3db,`1723333380,`0,`,`4200003132202604077989937961,`7baf4c0d82f34687b13274e8055ed7b3,`obt9LvmN4y8MBFEOSM3VlMAqUyUw,`JSAPI,`SUCCESS,`OTHERS,`CNY,`3.00,`0.00,`0,`0,`0.00,`0.00,`,`,`停车费用,`,`0.02000,`0.54%,`3.00,`0.00,`
`2026-04-07 14:18:54,`wxfc262f382d61c3db,`1723333380,`0,`,`4200003132202604078076314805,`761f5d0618f94451b4efc03236dd5717,`obt9Lvr0Hojg08rUojWU7mD8QdEM,`JSAPI,`SUCCESS,`OTHERS,`CNY,`3.00,`0.00,`0,`0,`0.00,`0.00,`,`,`停车费用,`,`0.02000,`0.54%,`3.00,`0.00,`
`2026-04-07 18:03:41,`wxfc262f382d61c3db,`1723333380,`0,`,`4200003132202604079151033535,`1ff02bfca2ca4b9cadefd1de3b8c5f8e,`obt9Lvp1WFtOIh5WcQC_DilE_7Cg,`JSAPI,`SUCCESS,`OTHERS,`CNY,`6.00,`0.00,`0,`0,`0.00,`0.00,`,`,`停车费用,`,`0.03000,`0.54%,`6.00,`0.00,`
`2026-04-07 17:59:29,`wxfc262f382d61c3db,`1723333380,`0,`,`4200003134202604070565130416,`0238f781489a4ef6b0c71bd5ed79e440,`obt9Lvp1GHTObWNU3FL6dIBOBWnw,`JSAPI,`SUCCESS,`OTHERS,`CNY,`9.00,`0.00,`0,`0,`0.00,`0.00,`,`,`停车费用,`,`0.05000,`0.54%,`9.00,`0.00,`
`2026-04-07 20:45:32,`wxfc262f382d61c3db,`1723333380,`0,`,`4200003134202604072216542267,`ec0c6aefdf234fab815e7c10a3117141,`obt9Lvt11i37bN9blhSyfNftT7vA,`JSAPI,`SUCCESS,`OTHERS,`CNY,`3.00,`0.00,`0,`0,`0.00,`0.00,`,`,`停车费用,`,`0.02000,`0.54%,`3.00,`0.00,`
`2026-04-07 21:41:01,`wxfc262f382d61c3db,`1723333380,`0,`,`4200003134202604072232775426,`7610fa74d4974d00a81bfbb543d4344d,`obt9LvmJGaTco46qDivTPO2WvE0U,`JSAPI,`SUCCESS,`CCB_DEBIT,`CNY,`30.00,`0.00,`0,`0,`0.00,`0.00,`,`,`停车费用,`,`0.16000,`0.54%,`30.00,`0.00,`
`2026-04-07 10:34:13,`wxfc262f382d61c3db,`1723333380,`0,`,`4200003138202604073662423575,`420363c680734ba2b43067b7434803ce,`obt9LvoPdnOkN61ZLVAjSQQX3HBk,`JSAPI,`SUCCESS,`ICBC_DEBIT,`CNY,`3.00,`0.00,`0,`0,`0.00,`0.00,`,`,`停车费用,`,`0.02000,`0.54%,`3.00,`0.00,`
`2026-04-07 18:20:10,`wxfc262f382d61c3db,`1723333380,`0,`,`4200003138202604073998169678,`f0ae2689f4b24c618929acdf00554c8b,`obt9LvnNHv38A3j2sIDtA3i1rju4,`JSAPI,`SUCCESS,`OTHERS,`CNY,`3.00,`0.00,`0,`0,`0.00,`0.00,`,`,`停车费用,`,`0.02000,`0.54%,`3.00,`0.00,`
`2026-04-07 10:58:33,`wxfc262f382d61c3db,`1723333380,`0,`,`4200003139202604072039644644,`9a8b8b0d01c4467ba165612a2082372d,`obt9LvnV5WKX_3DVAONoJs6MtBHQ,`JSAPI,`SUCCESS,`OTHERS,`CNY,`3.00,`0.00,`0,`0,`0.00,`0.00,`,`,`停车费用,`,`0.02000,`0.54%,`3.00,`0.00,`
`2026-04-07 19:44:05,`wxfc262f382d61c3db,`1723333380,`0,`,`4200003139202604075838201156,`0dd9a5e17346462a93b34dc86785ff2c,`obt9LvsBlHF_EREQ7sH2kZ-p8kK0,`JSAPI,`SUCCESS,`OTHERS,`CNY,`3.00,`0.00,`0,`0,`0.00,`0.00,`,`,`停车费用,`,`0.02000,`0.54%,`3.00,`0.00,`
`2026-04-08 11:11:18,`wxfc262f382d61c3db,`1723333380,`0,`,`4200003049202604082536867984,`0c184f1281be4904b1b0230c33da0978,`obt9LviBA5En8tP7hX_-Ri4EcxJ4,`JSAPI,`SUCCESS,`CITIC_CREDIT,`CNY,`3.00,`0.00,`0,`0,`0.00,`0.00,`,`,`停车费用,`,`0.02000,`0.54%,`3.00,`0.00,`
`2026-04-08 12:03:13,`wxfc262f382d61c3db,`1723333380,`0,`,`4200003049202604087651087486,`1b9e08b816a2466ba5a2e1eaeaa8c3cd,`obt9Lvv_FkueH22RX3kDdgc0glxw,`JSAPI,`SUCCESS,`OTHERS,`CNY,`9.00,`0.00,`0,`0,`0.00,`0.00,`,`,`停车费用,`,`0.05000,`0.54%,`9.00,`0.00,`
`2026-04-08 10:34:40,`wxfc262f382d61c3db,`1723333380,`0,`,`4200003050202604088254181342,`95bd9ecd68ef4973b34939a2f7d89380,`obt9LvvkuRyB0VnAw_Ik5-54kTeQ,`JSAPI,`SUCCESS,`PAB_CREDIT,`CNY,`3.00,`0.00,`0,`0,`0.00,`0.00,`,`,`停车费用,`,`0.02000,`0.54%,`3.00,`0.00,`
`2026-04-08 20:56:00,`wxfc262f382d61c3db,`1723333380,`0,`,`4200003051202604081335969694,`83e921a1a6c94b68af2c83f417a42476,`obt9Lvl2Emr6ujU9a-8zPKbfP3zM,`JSAPI,`SUCCESS,`OTHERS,`CNY,`3.00,`0.00,`0,`0,`0.00,`0.00,`,`,`停车费用,`,`0.02000,`0.54%,`3.00,`0.00,`
`2026-04-08 08:39:37,`wxfc262f382d61c3db,`1723333380,`0,`,`4200003052202604081176341540,`9870f0121eb9421c9ff211afe109c727,`obt9LvvjoTADfjv6OFB-7lgnDMck,`JSAPI,`SUCCESS,`ICBC_DEBIT,`CNY,`30.00,`0.00,`0,`0,`0.00,`0.00,`,`,`停车费用,`,`0.16000,`0.54%,`30.00,`0.00,`
`2026-04-08 19:03:17,`wxfc262f382d61c3db,`1723333380,`0,`,`4200003053202604084304353036,`ee2584c6c5cf479e9d379bca28ed617a,`obt9LvhGWAkbVPWgEWdU8azYt3UU,`JSAPI,`SUCCESS,`ABC_CREDIT,`CNY,`3.00,`0.00,`0,`0,`0.00,`0.00,`,`,`停车费用,`,`0.02000,`0.54%,`3.00,`0.00,`
`2026-04-08 17:21:33,`wxfc262f382d61c3db,`1723333380,`0,`,`4200003053202604089193175549,`62660db1899f4b0397cd2dd8d156ecdd,`obt9LvnteK1BPUY-pC_sw6l5SPhw,`JSAPI,`SUCCESS,`OTHERS,`CNY,`3.00,`0.00,`0,`0,`0.00,`0.00,`,`,`停车费用,`,`0.02000,`0.54%,`3.00,`0.00,`
`2026-04-08 11:15:29,`wxfc262f382d61c3db,`1723333380,`0,`,`4200003054202604080914245601,`0931780f902649c2afab5969038de9be,`obt9Lvss11k1m7fo-U2SNt3QRJ7s,`JSAPI,`SUCCESS,`OTHERS,`CNY,`3.00,`0.00,`0,`0,`0.00,`0.00,`,`,`停车费用,`,`0.02000,`0.54%,`3.00,`0.00,`
`2026-04-08 22:06:53,`wxfc262f382d61c3db,`1723333380,`0,`,`4200003058202604080748599246,`28852b9fdea04be7b72770b4cdff31c2,`obt9Lvk7gMpA7Ug_il9BJCY9p6zI,`JSAPI,`SUCCESS,`OTHERS,`CNY,`6.00,`0.00,`0,`0,`0.00,`0.00,`,`,`停车费用,`,`0.03000,`0.54%,`6.00,`0.00,`
`2026-04-08 18:14:25,`wxfc262f382d61c3db,`1723333380,`0,`,`4200003058202604081804628289,`e7ddaa63b3f4404d99d757d6ee91d3d6,`obt9Lvkvo3eByxWpMtIfUllZW3Es,`JSAPI,`SUCCESS,`CCB_DEBIT,`CNY,`6.00,`0.00,`0,`0,`0.00,`0.00,`,`,`停车费用,`,`0.03000,`0.54%,`6.00,`0.00,`
`2026-04-08 20:09:29,`wxfc262f382d61c3db,`1723333380,`0,`,`4200003058202604083839047723,`ae8201e899b9465e83c7c75bf91cbf32,`obt9LvvUtBCVibTjHrqPtdBvFDmg,`JSAPI,`SUCCESS,`BOC_DEBIT,`CNY,`3.00,`0.00,`0,`0,`0.00,`0.00,`,`,`停车费用,`,`0.02000,`0.54%,`3.00,`0.00,`
`2026-04-08 11:12:14,`wxfc262f382d61c3db,`1723333380,`0,`,`4200003059202604081214151309,`e7e09d1de878450c9cdab733fa73009c,`obt9Lvql3clRblLv6xqkgitE8IzA,`JSAPI,`SUCCESS,`OTHERS,`CNY,`3.00,`0.00,`0,`0,`0.00,`0.00,`,`,`停车费用,`,`0.02000,`0.54%,`3.00,`0.00,`
`2026-04-08 11:03:04,`wxfc262f382d61c3db,`1723333380,`0,`,`4200003059202604082646286858,`0f60bcdbcf064cd78522693aa363d64d,`obt9LvmtX7kv7o3vZycCThtvi9HY,`JSAPI,`SUCCESS,`OTHERS,`CNY,`3.00,`0.00,`0,`0,`0.00,`0.00,`,`,`停车费用,`,`0.02000,`0.54%,`3.00,`0.00,`
`2026-04-08 19:16:54,`wxfc262f382d61c3db,`1723333380,`0,`,`4200003059202604084338917356,`22dccd414042437da47ba76351171e1d,`obt9Lvl2aEAODJfNVaczFzmlc1nk,`JSAPI,`SUCCESS,`OTHERS,`CNY,`6.00,`0.00,`0,`0,`0.00,`0.00,`,`,`停车费用,`,`0.03000,`0.54%,`6.00,`0.00,`
`2026-04-08 18:05:04,`wxfc262f382d61c3db,`1723333380,`0,`,`4200003059202604087715525770,`fb9994e9c47944adae66a0f92f40205e,`obt9LvnwePmCXsr3KOE8J6ATnGjY,`JSAPI,`SUCCESS,`OTHERS,`CNY,`9.00,`0.00,`0,`0,`0.00,`0.00,`,`,`停车费用,`,`0.05000,`0.54%,`9.00,`0.00,`
`2026-04-08 00:32:30,`wxfc262f382d61c3db,`1723333380,`0,`,`4200003060202604088320030149,`1588cbe5f8704e0b87ba741f579d0217,`obt9Lvn1b0S3yhm8-oOBDrzHeYHA,`JSAPI,`SUCCESS,`CCB_DEBIT,`CNY,`3.00,`0.00,`0,`0,`0.00,`0.00,`,`,`停车费用,`,`0.02000,`0.54%,`3.00,`0.00,`
`2026-04-08 22:16:38,`wxfc262f382d61c3db,`1723333380,`0,`,`4200003061202604088024556821,`4b182a9a4eb046249f97c481c558a5a4,`obt9LvtRxgXy_naMlUC2Hfd3vLcw,`JSAPI,`SUCCESS,`CIB_DEBIT,`CNY,`9.00,`0.00,`0,`0,`0.00,`0.00,`,`,`停车费用,`,`0.05000,`0.54%,`9.00,`0.00,`
`2026-04-08 16:42:51,`wxfc262f382d61c3db,`1723333380,`0,`,`4200003063202604084710063989,`36b6e621865d4de9af3be92e6e544f69,`obt9Lvj-3XK02cqLEW4vDoDm1eTM,`JSAPI,`SUCCESS,`OTHERS,`CNY,`6.00,`0.00,`0,`0,`0.00,`0.00,`,`,`停车费用,`,`0.03000,`0.54%,`6.00,`0.00,`
`2026-04-08 16:46:47,`wxfc262f382d61c3db,`1723333380,`0,`,`4200003064202604088004180292,`a7c95a7b4a314299807f39554bd553e4,`obt9LvqwVFXBq3W3xEpvzSwk3m8s,`JSAPI,`SUCCESS,`OTHERS,`CNY,`3.00,`0.00,`0,`0,`0.00,`0.00,`,`,`停车费用,`,`0.02000,`0.54%,`3.00,`0.00,`
`2026-04-08 11:14:32,`wxfc262f382d61c3db,`1723333380,`0,`,`4200003069202604081083426675,`bd9d9bda6bb3442f9c7a576da2979b1a,`obt9LvqD9m8kn5qRo1IswMwOOIus,`JSAPI,`SUCCESS,`OTHERS,`CNY,`3.00,`0.00,`0,`0,`0.00,`0.00,`,`,`停车费用,`,`0.02000,`0.54%,`3.00,`0.00,`
`2026-04-08 20:52:05,`wxfc262f382d61c3db,`1723333380,`0,`,`4200003071202604083006096374,`f005af248d3b4779af7f110ab795f419,`obt9LvnReBqyiH8jwX99y-EJPlUE,`JSAPI,`SUCCESS,`OTHERS,`CNY,`3.00,`0.00,`0,`0,`0.00,`0.00,`,`,`停车费用,`,`0.02000,`0.54%,`3.00,`0.00,`
`2026-04-08 20:01:48,`wxfc262f382d61c3db,`1723333380,`0,`,`4200003072202604082820191555,`085cad5695b742b5aba68801fafe3d20,`obt9Lvp1GHTObWNU3FL6dIBOBWnw,`JSAPI,`SUCCESS,`OTHERS,`CNY,`15.00,`0.00,`0,`0,`0.00,`0.00,`,`,`停车费用,`,`0.08000,`0.54%,`15.00,`0.00,`
`2026-04-08 11:42:56,`wxfc262f382d61c3db,`1723333380,`0,`,`4200003074202604088071797959,`26d7c10fe4a94d1abcfe5ca6c83e7e76,`obt9LvpKmnrQeSlM4Qt5CJX2jJfA,`JSAPI,`SUCCESS,`CMB_CREDIT,`CNY,`3.00,`1.00,`0,`0,`0.00,`0.00,`,`,`停车费用,`,`0.02000,`0.54%,`3.00,`0.00,`
`2026-04-08 13:26:44,`wxfc262f382d61c3db,`1723333380,`0,`,`4200003075202604087753035499,`2ae6f941110d40918099517f54c25a8a,`obt9LvgeqF90DrZ21Me1l8g26tic,`JSAPI,`SUCCESS,`CCB_DEBIT,`CNY,`9.00,`0.00,`0,`0,`0.00,`0.00,`,`,`停车费用,`,`0.05000,`0.54%,`9.00,`0.00,`
`2026-04-08 21:17:37,`wxfc262f382d61c3db,`1723333380,`0,`,`4200003076202604081583000134,`07ba8491e2c14c1bade3af78a1ac7898,`obt9LviO146Qpy6agML4Jw7sxkmU,`JSAPI,`SUCCESS,`CCB_DEBIT,`CNY,`3.00,`0.00,`0,`0,`0.00,`0.00,`,`,`停车费用,`,`0.02000,`0.54%,`3.00,`0.00,`
`2026-04-08 10:36:00,`wxfc262f382d61c3db,`1723333380,`0,`,`4200003077202604082942580984,`6ca78fd0f136497b8424ec75ecee4e54,`obt9LvjvPzk1kyKmT6sra9JS8zdo,`JSAPI,`SUCCESS,`CEB_CREDIT,`CNY,`3.00,`0.00,`0,`0,`0.00,`0.00,`,`,`停车费用,`,`0.02000,`0.54%,`3.00,`0.00,`
`2026-04-08 16:55:42,`wxfc262f382d61c3db,`1723333380,`0,`,`4200003078202604088273566779,`f74cd1c3cbff426f88ee8367dd2c24ec,`obt9LvmEI-KRHvBK2DTVBoNOYnYU,`JSAPI,`SUCCESS,`OTHERS,`CNY,`6.00,`0.00,`0,`0,`0.00,`0.00,`,`,`停车费用,`,`0.03000,`0.54%,`6.00,`0.00,`
`2026-04-08 12:19:42,`wxfc262f382d61c3db,`1723333380,`0,`,`4200003080202604082466747548,`a9e134373a284b72927d23b0fef8cc3b,`obt9LvpROFOANdId0xw9kpRcr3R8,`JSAPI,`SUCCESS,`OTHERS,`CNY,`3.00,`0.00,`0,`0,`0.00,`0.00,`,`,`停车费用,`,`0.02000,`0.54%,`3.00,`0.00,`
`2026-04-08 13:02:50,`wxfc262f382d61c3db,`1723333380,`0,`,`4200003081202604082132217639,`24d0fb7c3bb040139765984cf15623a7,`obt9LvjvKjRUehXzjR4CRjcTvV74,`JSAPI,`SUCCESS,`OTHERS,`CNY,`3.00,`0.00,`0,`0,`0.00,`0.00,`,`,`停车费用,`,`0.02000,`0.54%,`3.00,`0.00,`
`2026-04-08 10:32:00,`wxfc262f382d61c3db,`1723333380,`0,`,`4200003081202604082958042357,`7142fee666e34db79575f05b94774173,`obt9LvoBZSh9QCAZ6idwDDUqnZLo,`JSAPI,`SUCCESS,`OTHERS,`CNY,`3.00,`0.00,`0,`0,`0.00,`0.00,`,`,`停车费用,`,`0.02000,`0.54%,`3.00,`0.00,`
`2026-04-08 15:36:21,`wxfc262f382d61c3db,`1723333380,`0,`,`4200003082202604081833339741,`31e82ad86b334d258521fa5fb32c4ede,`obt9LvhTx0jtrOOBFnhasuwGDkvo,`JSAPI,`SUCCESS,`OTHERS,`CNY,`9.00,`0.00,`0,`0,`0.00,`0.00,`,`,`停车费用,`,`0.05000,`0.54%,`9.00,`0.00,`
`2026-04-08 10:59:42,`wxfc262f382d61c3db,`1723333380,`0,`,`4200003083202604080235596894,`784a89b25a1546fcb37d18cb4228b0e7,`obt9LvlmpKA5FPIDEvm1spnsvJV4,`JSAPI,`SUCCESS,`GDB_CREDIT,`CNY,`3.00,`0.00,`0,`0,`0.00,`0.00,`,`,`停车费用,`,`0.02000,`0.54%,`3.00,`0.00,`
`2026-04-08 18:32:14,`wxfc262f382d61c3db,`1723333380,`0,`,`4200003083202604080288632309,`c22107896ecb41b39a7a5220914acd2f,`obt9LvjILFmuVoFAV2gPX-ahhBKQ,`JSAPI,`SUCCESS,`CMB_DEBIT,`CNY,`3.00,`0.00,`0,`0,`0.00,`0.00,`,`,`停车费用,`,`0.02000,`0.54%,`3.00,`0.00,`
`2026-04-08 20:54:58,`wxfc262f382d61c3db,`1723333380,`0,`,`4200003083202604083092800425,`520a52766e184468b8e698c9ae96c012,`obt9Lvq4Wk5cMYAJx32PmdW6ITj0,`JSAPI,`SUCCESS,`OTHERS,`CNY,`3.00,`0.00,`0,`0,`0.00,`0.00,`,`,`停车费用,`,`0.02000,`0.54%,`3.00,`0.00,`
`2026-04-08 15:07:29,`wxfc262f382d61c3db,`1723333380,`0,`,`4200003083202604089337981250,`d8fc998cc62741e99891a828382a4f88,`obt9LvkxGkv60qg6wUfxCL5Tw3g4,`JSAPI,`SUCCESS,`OTHERS,`CNY,`3.00,`0.00,`0,`0,`0.00,`0.00,`,`,`停车费用,`,`0.02000,`0.54%,`3.00,`0.00,`
`2026-04-08 17:30:52,`wxfc262f382d61c3db,`1723333380,`0,`,`4200003084202604083380504917,`c21f7aa6f97540f0bbc64b32dd8ae53d,`obt9Lvql3clRblLv6xqkgitE8IzA,`JSAPI,`SUCCESS,`OTHERS,`CNY,`6.00,`0.00,`0,`0,`0.00,`0.00,`,`,`停车费用,`,`0.03000,`0.54%,`6.00,`0.00,`
`2026-04-08 19:58:29,`wxfc262f382d61c3db,`1723333380,`0,`,`4200003084202604083524881286,`704c91c86e2648bb8d5c8c11655c310c,`obt9Lvt-zdGr_wLLTRfuUOli30cU,`JSAPI,`SUCCESS,`OTHERS,`CNY,`6.00,`0.00,`0,`0,`0.00,`0.00,`,`,`停车费用,`,`0.03000,`0.54%,`6.00,`0.00,`
`2026-04-08 12:13:48,`wxfc262f382d61c3db,`1723333380,`0,`,`4200003084202604087659820849,`ac2af391ade74aeb8880e3065a10ef2a,`obt9Lvof84f65M-vlNsOPiegNjOc,`JSAPI,`SUCCESS,`PAB_CREDIT,`CNY,`6.00,`0.00,`0,`0,`0.00,`0.00,`,`,`停车费用,`,`0.03000,`0.54%,`6.00,`0.00,`
`2026-04-08 12:03:19,`wxfc262f382d61c3db,`1723333380,`0,`,`4200003086202604084444444182,`be3676f2a5bf4e0fb68a4fedaddd7bc5,`obt9LvsgliBiIcz_BIw2mXPvnCPQ,`JSAPI,`SUCCESS,`OTHERS,`CNY,`3.00,`0.00,`0,`0,`0.00,`0.00,`,`,`停车费用,`,`0.02000,`0.54%,`3.00,`0.00,`
`2026-04-08 19:35:17,`wxfc262f382d61c3db,`1723333380,`0,`,`4200003086202604085716333228,`5dd08031405243619b533aa55a9b15c6,`obt9LvmkbEI087uER8jsM_30vCe0,`JSAPI,`SUCCESS,`OTHERS,`CNY,`12.00,`0.00,`0,`0,`0.00,`0.00,`,`,`停车费用,`,`0.06000,`0.54%,`12.00,`0.00,`
`2026-04-08 12:00:48,`wxfc262f382d61c3db,`1723333380,`0,`,`4200003086202604086955906338,`776fca7aa67f43568e73ebd7a03ef14c,`obt9LvvhpaE8Df1tvqrU2elNyhE4,`JSAPI,`SUCCESS,`PAB_CREDIT,`CNY,`9.00,`0.00,`0,`0,`0.00,`0.00,`,`,`停车费用,`,`0.05000,`0.54%,`9.00,`0.00,`
`2026-04-08 23:31:58,`wxfc262f382d61c3db,`1723333380,`0,`,`4200003088202604084020402050,`0253c5da4d804f558d7b92ae865d3ae8,`obt9Lvoy6ckPklkIFjhmxSdmN_4c,`JSAPI,`SUCCESS,`OTHERS,`CNY,`15.00,`0.00,`0,`0,`0.00,`0.00,`,`,`停车费用,`,`0.08000,`0.54%,`15.00,`0.00,`
`2026-04-08 21:02:59,`wxfc262f382d61c3db,`1723333380,`0,`,`4200003088202604088124906147,`b98ce73316204d278f061ed352b02316,`obt9Lvm0HKa1QzK4XG7FkntwygSA,`JSAPI,`SUCCESS,`OTHERS,`CNY,`3.00,`0.00,`0,`0,`0.00,`0.00,`,`,`停车费用,`,`0.02000,`0.54%,`3.00,`0.00,`
`2026-04-08 19:03:39,`wxfc262f382d61c3db,`1723333380,`0,`,`4200003089202604082564005565,`e812f24d44c643d9a7811c01c49ac91f,`obt9Lvq6ZnlIHBg2EoqKz80yM71o,`JSAPI,`SUCCESS,`OTHERS,`CNY,`6.00,`0.00,`0,`0,`0.00,`0.00,`,`,`停车费用,`,`0.03000,`0.54%,`6.00,`0.00,`
`2026-04-08 10:55:34,`wxfc262f382d61c3db,`1723333380,`0,`,`4200003090202604085935628561,`c856603a3b2a4c39b01b34a60e72b3ad,`obt9Lvp-ZwCtyglOhY-JshlM_nHw,`JSAPI,`SUCCESS,`OTHERS,`CNY,`3.00,`0.00,`0,`0,`0.00,`0.00,`,`,`停车费用,`,`0.02000,`0.54%,`3.00,`0.00,`
`2026-04-08 17:25:27,`wxfc262f382d61c3db,`1723333380,`0,`,`4200003090202604087661816456,`7e43048e5b034869bef204c4c3a7e14b,`obt9LvpWfuT4yuRZ5LCfkTNVoCcg,`JSAPI,`SUCCESS,`OTHERS,`CNY,`3.00,`0.00,`0,`0,`0.00,`0.00,`,`,`停车费用,`,`0.02000,`0.54%,`3.00,`0.00,`
`2026-04-08 14:17:42,`wxfc262f382d61c3db,`1723333380,`0,`,`4200003090202604089168318896,`f618c40808e4449ca43d207cb1f579d2,`obt9LvlC0rNgZGy21XrbybE1qaKc,`JSAPI,`SUCCESS,`OTHERS,`CNY,`6.00,`0.00,`0,`0,`0.00,`0.00,`,`,`停车费用,`,`0.03000,`0.54%,`6.00,`0.00,`
`2026-04-08 18:40:42,`wxfc262f382d61c3db,`1723333380,`0,`,`4200003091202604086393844605,`e2a8bd5914a842b38271b600cf9cad84,`obt9Lvi8mc4DLXm4ro_iFDETmkF8,`JSAPI,`SUCCESS,`OTHERS,`CNY,`3.00,`0.00,`0,`0,`0.00,`0.00,`,`,`停车费用,`,`0.02000,`0.54%,`3.00,`0.00,`
`2026-04-08 22:44:00,`wxfc262f382d61c3db,`1723333380,`0,`,`4200003092202604083556589604,`bce0822a518746d699e0823be0abd985,`obt9Lvvb4pgqa3R1vt0cR3mcfNuE,`JSAPI,`SUCCESS,`CCB_DEBIT,`CNY,`3.00,`0.00,`0,`0,`0.00,`0.00,`,`,`停车费用,`,`0.02000,`0.54%,`3.00,`0.00,`
`2026-04-08 15:34:38,`wxfc262f382d61c3db,`1723333380,`0,`,`4200003093202604084770676152,`b0753e5d87f0486992bc454b187a015a,`obt9LvlOIpWQeWbR-ryEUwtDSJwU,`JSAPI,`SUCCESS,`CCB_DEBIT,`CNY,`3.00,`0.00,`0,`0,`0.00,`0.00,`,`,`停车费用,`,`0.02000,`0.54%,`3.00,`0.00,`
`2026-04-08 12:03:44,`wxfc262f382d61c3db,`1723333380,`0,`,`4200003093202604087261884116,`e6c6121702d641018990b37d42ef9164,`obt9Lvkvo3eByxWpMtIfUllZW3Es,`JSAPI,`SUCCESS,`OTHERS,`CNY,`6.00,`0.00,`0,`0,`0.00,`0.00,`,`,`停车费用,`,`0.03000,`0.54%,`6.00,`0.00,`
`2026-04-08 15:38:42,`wxfc262f382d61c3db,`1723333380,`0,`,`4200003095202604089578857258,`e339d19055ec492b8a05ab49374ede55,`obt9Lvkne-Y3bPI3nRY4HzUbdo_o,`JSAPI,`SUCCESS,`OTHERS,`CNY,`6.00,`0.00,`0,`0,`0.00,`0.00,`,`,`停车费用,`,`0.03000,`0.54%,`6.00,`0.00,`
`2026-04-08 10:36:09,`wxfc262f382d61c3db,`1723333380,`0,`,`4200003096202604088140643784,`fea0b67b4a8e4b8cb44e1473bcb65012,`obt9LvpkWCu4sk41dvEOCNvufDuo,`JSAPI,`SUCCESS,`PAB_CREDIT,`CNY,`3.00,`0.00,`0,`0,`0.00,`0.00,`,`,`停车费用,`,`0.02000,`0.54%,`3.00,`0.00,`
`2026-04-08 18:45:23,`wxfc262f382d61c3db,`1723333380,`0,`,`4200003126202604081506324428,`9aae3167b08446b689a6cb2ac0d04fdc,`obt9LvtK4k4BD3nvBDfUIP97kzJI,`JSAPI,`SUCCESS,`OTHERS,`CNY,`6.00,`0.00,`0,`0,`0.00,`0.00,`,`,`停车费用,`,`0.03000,`0.54%,`6.00,`0.00,`
`2026-04-08 20:49:33,`wxfc262f382d61c3db,`1723333380,`0,`,`4200003127202604082304849389,`1335a6f4ddaa4a7fa0a3c9e4a82768ab,`obt9LvpKmnrQeSlM4Qt5CJX2jJfA,`JSAPI,`SUCCESS,`OTHERS,`CNY,`12.00,`0.00,`0,`0,`0.00,`0.00,`,`,`停车费用,`,`0.06000,`0.54%,`12.00,`0.00,`
`2026-04-08 21:54:13,`wxfc262f382d61c3db,`1723333380,`0,`,`4200003128202604082101969936,`dbee1738a9594bb19c3a808847185b14,`obt9LvrFfHtoxQ9WtfRNlPVFUKuQ,`JSAPI,`SUCCESS,`CITIC_CREDIT,`CNY,`21.00,`0.00,`0,`0,`0.00,`0.00,`,`,`停车费用,`,`0.11000,`0.54%,`21.00,`0.00,`
`2026-04-08 10:32:12,`wxfc262f382d61c3db,`1723333380,`0,`,`4200003130202604082968866792,`a51d63dfe3a548428afe67295877b01d,`obt9Lvp-vCkW87ZhUY7jP9khMeHg,`JSAPI,`SUCCESS,`OTHERS,`CNY,`3.00,`0.00,`0,`0,`0.00,`0.00,`,`,`停车费用,`,`0.02000,`0.54%,`3.00,`0.00,`
`2026-04-08 17:05:55,`wxfc262f382d61c3db,`1723333380,`0,`,`4200003131202604085496341430,`c63dfc74afee44a790ed9cde7d304609,`obt9Lvji7437Yimg9vt_ZvM8dkoY,`JSAPI,`SUCCESS,`OTHERS,`CNY,`9.00,`0.00,`0,`0,`0.00,`0.00,`,`,`停车费用,`,`0.05000,`0.54%,`9.00,`0.00,`
`2026-04-08 10:27:51,`wxfc262f382d61c3db,`1723333380,`0,`,`4200003131202604085837985383,`26be1697577541c198c3ee377f2e73a2,`obt9LvmoPToyJEt0zYHU732LdFfA,`JSAPI,`SUCCESS,`CCB_CREDIT,`CNY,`3.00,`0.00,`0,`0,`0.00,`0.00,`,`,`停车费用,`,`0.02000,`0.54%,`3.00,`0.00,`
`2026-04-08 11:34:43,`wxfc262f382d61c3db,`1723333380,`0,`,`4200003131202604086161138983,`e32613ac550943be99668452686a9014,`obt9LvqU2Lqwk6BHB2HQ-bafrhuU,`JSAPI,`SUCCESS,`CCB_DEBIT,`CNY,`6.00,`0.00,`0,`0,`0.00,`0.00,`,`,`停车费用,`,`0.03000,`0.54%,`6.00,`0.00,`
`2026-04-08 13:00:05,`wxfc262f382d61c3db,`1723333380,`0,`,`4200003131202604086471586404,`18a607b0b5fa4bba849ee095c722bafb,`obt9LvmN4y8MBFEOSM3VlMAqUyUw,`JSAPI,`SUCCESS,`OTHERS,`CNY,`3.00,`0.00,`0,`0,`0.00,`0.00,`,`,`停车费用,`,`0.02000,`0.54%,`3.00,`0.00,`
`2026-04-08 14:36:50,`wxfc262f382d61c3db,`1723333380,`0,`,`4200003132202604086140574365,`7d6d1fe821df4198a537e4fec295bd4e,`obt9LvrMOFvYVeC6bEmzFWxsm-ys,`JSAPI,`SUCCESS,`OTHERS,`CNY,`3.00,`0.00,`0,`0,`0.00,`0.00,`,`,`停车费用,`,`0.02000,`0.54%,`3.00,`0.00,`
`2026-04-08 17:24:16,`wxfc262f382d61c3db,`1723333380,`0,`,`4200003133202604081468518721,`81e9317b95a34a718180db8a9772b28a,`obt9Lvs1htLg8sqmMw8tuIe4rfg0,`JSAPI,`SUCCESS,`OTHERS,`CNY,`6.00,`0.00,`0,`0,`0.00,`0.00,`,`,`停车费用,`,`0.03000,`0.54%,`6.00,`0.00,`
`2026-04-08 12:03:44,`wxfc262f382d61c3db,`1723333380,`0,`,`4200003135202604080194128744,`98c5e76e4def48f9b7c15028ae1fb689,`obt9LvsgliBiIcz_BIw2mXPvnCPQ,`JSAPI,`SUCCESS,`OTHERS,`CNY,`6.00,`0.00,`0,`0,`0.00,`0.00,`,`,`停车费用,`,`0.03000,`0.54%,`6.00,`0.00,`
`2026-04-08 21:58:31,`wxfc262f382d61c3db,`1723333380,`0,`,`4200003135202604082131833785,`bd229dbab6f74f0098491e67e8ae8d0a,`obt9LvqWKYhKx3fuiMXoQKV_45uk,`JSAPI,`SUCCESS,`OTHERS,`CNY,`9.00,`0.00,`0,`0,`0.00,`0.00,`,`,`停车费用,`,`0.05000,`0.54%,`9.00,`0.00,`
`2026-04-08 17:06:28,`wxfc262f382d61c3db,`1723333380,`0,`,`4200003135202604087536628674,`34a635cd9e314168bfbcb48795116748,`obt9LviO146Qpy6agML4Jw7sxkmU,`JSAPI,`SUCCESS,`CCB_DEBIT,`CNY,`3.00,`0.00,`0,`0,`0.00,`0.00,`,`,`停车费用,`,`0.02000,`0.54%,`3.00,`0.00,`
`2026-04-08 11:29:09,`wxfc262f382d61c3db,`1723333380,`0,`,`4200003135202604088316457173,`0724d31ccdb34c46904d71ebdaac8ff7,`obt9LvsP15QrU85gJmqzz6uQ1FDQ,`JSAPI,`SUCCESS,`OTHERS,`CNY,`6.00,`0.00,`0,`0,`0.00,`0.00,`,`,`停车费用,`,`0.03000,`0.54%,`6.00,`0.00,`
`2026-04-08 10:33:17,`wxfc262f382d61c3db,`1723333380,`0,`,`4200003137202604086643785067,`12147dab4c554572bb34dd0c3bc886cf,`obt9LvqBiJWHGSdJLx1R0AIGXorU,`JSAPI,`SUCCESS,`CCB_DEBIT,`CNY,`3.00,`0.00,`0,`0,`0.00,`0.00,`,`,`停车费用,`,`0.02000,`0.54%,`3.00,`0.00,`
`2026-04-08 13:12:59,`wxfc262f382d61c3db,`1723333380,`0,`,`4200003140202604083568461147,`399a0475fb8447baa7dde10a0ff30e9c,`obt9LvvS3itExysoxe00FZAcg90o,`JSAPI,`SUCCESS,`OTHERS,`CNY,`3.00,`0.00,`0,`0,`0.00,`0.00,`,`,`停车费用,`,`0.02000,`0.54%,`3.00,`0.00,`
`2026-04-08 10:37:36,`wxfc262f382d61c3db,`1723333380,`0,`,`4200003140202604084173692299,`13420557880e45e7826b99cc31368ac9,`obt9LvsMjGT6Qsc-PWQxnHkwfX4s,`JSAPI,`SUCCESS,`OTHERS,`CNY,`3.00,`0.00,`0,`0,`0.00,`0.00,`,`,`停车费用,`,`0.02000,`0.54%,`3.00,`0.00,`
`2026-04-09 20:46:31,`wxfc262f382d61c3db,`1723333380,`0,`,`4200003049202604091228515996,`43c51c2395b94b5eadbf1feade0beaa0,`obt9LvtkgwEqgKoaW_4JLGCTlQpc,`JSAPI,`SUCCESS,`OTHERS,`CNY,`3.00,`0.00,`0,`0,`0.00,`0.00,`,`,`停车费用,`,`0.02000,`0.54%,`3.00,`0.00,`
`2026-04-09 22:01:30,`wxfc262f382d61c3db,`1723333380,`0,`,`4200003049202604093136085682,`2b516086c64f400b91557c58f266e765,`obt9LvgOTNvadCVcJwr0mkVoA7ss,`JSAPI,`SUCCESS,`OTHERS,`CNY,`3.00,`0.00,`0,`0,`0.00,`0.00,`,`,`停车费用,`,`0.02000,`0.54%,`3.00,`0.00,`
`2026-04-09 10:40:50,`wxfc262f382d61c3db,`1723333380,`0,`,`4200003049202604097246422692,`ca68f4bfacec43eaa687145ad88f6d8a,`obt9LvtwwThKKxLYMDSfOBi6_WAo,`JSAPI,`SUCCESS,`PAB_CREDIT,`CNY,`3.00,`0.00,`0,`0,`0.00,`0.00,`,`,`停车费用,`,`0.02000,`0.54%,`3.00,`0.00,`
`2026-04-09 10:41:03,`wxfc262f382d61c3db,`1723333380,`0,`,`4200003051202604098765052755,`3f3ae2a9f1204f28af93389d9dacbdb9,`obt9LvsMjGT6Qsc-PWQxnHkwfX4s,`JSAPI,`SUCCESS,`OTHERS,`CNY,`3.00,`0.00,`0,`0,`0.00,`0.00,`,`,`停车费用,`,`0.02000,`0.54%,`3.00,`0.00,`
`2026-04-09 10:43:27,`wxfc262f382d61c3db,`1723333380,`0,`,`4200003053202604092234615929,`7d11e27cd42b41d2b41959002dc9e101,`obt9LvoBZSh9QCAZ6idwDDUqnZLo,`JSAPI,`SUCCESS,`OTHERS,`CNY,`6.00,`0.00,`0,`0,`0.00,`0.00,`,`,`停车费用,`,`0.03000,`0.54%,`6.00,`0.00,`
`2026-04-09 11:22:10,`wxfc262f382d61c3db,`1723333380,`0,`,`4200003053202604097592490850,`35caf7e6e4c44d9ea601c372e74ac912,`obt9LvlwRGGOdPdCHyY7heqlTWUA,`JSAPI,`SUCCESS,`CCB_CREDIT,`CNY,`3.00,`0.00,`0,`0,`0.00,`0.00,`,`,`停车费用,`,`0.02000,`0.54%,`3.00,`0.00,`
`2026-04-09 13:25:09,`wxfc262f382d61c3db,`1723333380,`0,`,`4200003056202604092425596519,`0b944e65d4ac4e8fae16a6bf6cd12305,`obt9Lvkvo3eByxWpMtIfUllZW3Es,`JSAPI,`SUCCESS,`CCB_DEBIT,`CNY,`9.00,`0.00,`0,`0,`0.00,`0.00,`,`,`停车费用,`,`0.05000,`0.54%,`9.00,`0.00,`
`2026-04-09 09:54:11,`wxfc262f382d61c3db,`1723333380,`0,`,`4200003057202604090147422417,`b7d8cd79cce5488f86d7313bb4374a8d,`obt9LvoyWYq20Yg3iUuG-FPd7z48,`JSAPI,`SUCCESS,`CCB_DEBIT,`CNY,`30.00,`0.00,`0,`0,`0.00,`0.00,`,`,`停车费用,`,`0.16000,`0.54%,`30.00,`0.00,`
`2026-04-09 19:51:52,`wxfc262f382d61c3db,`1723333380,`0,`,`4200003059202604094730153096,`d580e7bf9fbf445d957ccc06c65003c9,`obt9LvoxSuHBejOPZ7DBpPyrvQPs,`JSAPI,`SUCCESS,`OTHERS,`CNY,`3.00,`0.00,`0,`0,`0.00,`0.00,`,`,`停车费用,`,`0.02000,`0.54%,`3.00,`0.00,`
`2026-04-09 10:46:01,`wxfc262f382d61c3db,`1723333380,`0,`,`4200003060202604093489117667,`7a0219d0a5a846b18b40f18c8e0629ec,`obt9LvsgliBiIcz_BIw2mXPvnCPQ,`JSAPI,`SUCCESS,`OTHERS,`CNY,`3.00,`0.00,`0,`0,`0.00,`0.00,`,`,`停车费用,`,`0.02000,`0.54%,`3.00,`0.00,`
`2026-04-09 17:34:27,`wxfc262f382d61c3db,`1723333380,`0,`,`4200003061202604093892809856,`e0be6eca831f4c87ad230f683a5beb22,`obt9Lvueteiw7WbptPrLpL1PGvqY,`JSAPI,`SUCCESS,`PAB_DEBIT,`CNY,`6.00,`0.00,`0,`0,`0.00,`0.00,`,`,`停车费用,`,`0.03000,`0.54%,`6.00,`0.00,`
`2026-04-09 11:34:13,`wxfc262f382d61c3db,`1723333380,`0,`,`4200003063202604090212104365,`851f30765ffd4f449ae1b91611f21bb4,`obt9LvqC1F6UBewL1DTG46m8UKXs,`JSAPI,`SUCCESS,`PAB_DEBIT,`CNY,`6.00,`0.00,`0,`0,`0.00,`0.00,`,`,`停车费用,`,`0.03000,`0.54%,`6.00,`0.00,`
`2026-04-09 10:45:42,`wxfc262f382d61c3db,`1723333380,`0,`,`4200003065202604092134747678,`cef166072a2e4218b08a258489d3cd50,`obt9LvvkuRyB0VnAw_Ik5-54kTeQ,`JSAPI,`SUCCESS,`PAB_CREDIT,`CNY,`3.00,`0.00,`0,`0,`0.00,`0.00,`,`,`停车费用,`,`0.02000,`0.54%,`3.00,`0.00,`
`2026-04-09 13:51:33,`wxfc262f382d61c3db,`1723333380,`0,`,`4200003065202604098640682974,`d344dd11130743629ca5810e3e257bff,`obt9LvpB6KsPiy9KC9g04E_hLKmc,`JSAPI,`SUCCESS,`OTHERS,`CNY,`3.00,`0.00,`0,`0,`0.00,`0.00,`,`,`停车费用,`,`0.02000,`0.54%,`3.00,`0.00,`
`2026-04-09 19:17:35,`wxfc262f382d61c3db,`1723333380,`0,`,`4200003065202604099647562258,`e48288019c354590b199b8fa1b3decc0,`obt9Lvm_LbL6j-W0Ba6MNRD8QRPw,`JSAPI,`SUCCESS,`ABC_DEBIT,`CNY,`3.00,`0.00,`0,`0,`0.00,`0.00,`,`,`停车费用,`,`0.02000,`0.54%,`3.00,`0.00,`
`2026-04-09 17:22:35,`wxfc262f382d61c3db,`1723333380,`0,`,`4200003065202604099720299454,`298c64a3c0644e37b7c9c55a409a10ca,`obt9Lvr89iHkv5DWaX5hTIT4H_xU,`JSAPI,`SUCCESS,`OTHERS,`CNY,`3.00,`0.00,`0,`0,`0.00,`0.00,`,`,`停车费用,`,`0.02000,`0.54%,`3.00,`0.00,`
`2026-04-09 20:56:46,`wxfc262f382d61c3db,`1723333380,`0,`,`4200003067202604097319269735,`ddd1c28b8cec4fd58400be7abf8f7e09,`obt9LvsSvqSNQW-Z5WKVZwskSjys,`JSAPI,`SUCCESS,`OTHERS,`CNY,`3.00,`0.00,`0,`0,`0.00,`0.00,`,`,`停车费用,`,`0.02000,`0.54%,`3.00,`0.00,`
`2026-04-09 10:46:33,`wxfc262f382d61c3db,`1723333380,`0,`,`4200003068202604092655320809,`989ceab3e4f445128e6ebe373b554994,`obt9Lvp-ZwCtyglOhY-JshlM_nHw,`JSAPI,`SUCCESS,`OTHERS,`CNY,`3.00,`0.00,`0,`0,`0.00,`0.00,`,`,`停车费用,`,`0.02000,`0.54%,`3.00,`0.00,`
`2026-04-09 17:57:09,`wxfc262f382d61c3db,`1723333380,`0,`,`4200003070202604098480100087,`b9ece9cde07145308bd9a78e196d6a9b,`obt9Lvgw2ogfi8JEpi-R4TGfwXIQ,`JSAPI,`SUCCESS,`CIB_CREDIT,`CNY,`6.00,`0.00,`0,`0,`0.00,`0.00,`,`,`停车费用,`,`0.03000,`0.54%,`6.00,`0.00,`
`2026-04-09 11:14:33,`wxfc262f382d61c3db,`1723333380,`0,`,`4200003071202604090053869488,`7e16baa1a7354abca0e6e2784ab99c4e,`obt9LvqhZ9owWqHo3oUy5yzpTlD0,`JSAPI,`SUCCESS,`OTHERS,`CNY,`3.00,`0.00,`0,`0,`0.00,`0.00,`,`,`停车费用,`,`0.02000,`0.54%,`3.00,`0.00,`
`2026-04-09 17:11:59,`wxfc262f382d61c3db,`1723333380,`0,`,`4200003073202604091278414405,`9b20b67a51d04f01a0dfe96954d607d1,`obt9Lvm0HKa1QzK4XG7FkntwygSA,`JSAPI,`SUCCESS,`OTHERS,`CNY,`3.00,`0.00,`0,`0,`0.00,`0.00,`,`,`停车费用,`,`0.02000,`0.54%,`3.00,`0.00,`
`2026-04-09 15:51:43,`wxfc262f382d61c3db,`1723333380,`0,`,`4200003073202604092313635350,`fe312aaf95ba489994f7bfd2450cebaa,`obt9LvvzNqIcakBDwFRrHxEjJo-A,`JSAPI,`SUCCESS,`OTHERS,`CNY,`3.00,`0.00,`0,`0,`0.00,`0.00,`,`,`停车费用,`,`0.02000,`0.54%,`3.00,`0.00,`
`2026-04-09 21:21:09,`wxfc262f382d61c3db,`1723333380,`0,`,`4200003074202604091033801003,`f08a53a452ca498da313198114fbd795,`obt9LvkVtNELP5k3tTuDKXa8TNVg,`JSAPI,`SUCCESS,`OTHERS,`CNY,`3.00,`0.00,`0,`0,`0.00,`0.00,`,`,`停车费用,`,`0.02000,`0.54%,`3.00,`0.00,`
`2026-04-09 11:04:26,`wxfc262f382d61c3db,`1723333380,`0,`,`4200003074202604096781069566,`b32885f1ab254201aa910da2f45f7752,`obt9LvmrHrz_C5K0AMX1u67ZFWwg,`JSAPI,`SUCCESS,`OTHERS,`CNY,`3.00,`0.00,`0,`0,`0.00,`0.00,`,`,`停车费用,`,`0.02000,`0.54%,`3.00,`0.00,`
`2026-04-09 19:35:33,`wxfc262f382d61c3db,`1723333380,`0,`,`4200003074202604097759654669,`bc45d9752edf444bbcc2015ca020c0aa,`obt9LvmgC0fkQjzy_dCLLp9XvNX8,`JSAPI,`SUCCESS,`OTHERS,`CNY,`15.00,`0.00,`0,`0,`0.00,`0.00,`,`,`停车费用,`,`0.08000,`0.54%,`15.00,`0.00,`
`2026-04-09 20:42:55,`wxfc262f382d61c3db,`1723333380,`0,`,`4200003075202604092427615717,`9ddb105c700d4049ae16717e1b9d3c9a,`obt9LvuoYBFX3JAS59FTL2tFtD9E,`JSAPI,`SUCCESS,`OTHERS,`CNY,`3.00,`0.00,`0,`0,`0.00,`0.00,`,`,`停车费用,`,`0.02000,`0.54%,`3.00,`0.00,`
`2026-04-09 21:11:04,`wxfc262f382d61c3db,`1723333380,`0,`,`4200003076202604090190062275,`f255f511498f4cc9872f236fe9c5f781,`obt9LvssQ9InKxskkBROzk4vBBFU,`JSAPI,`SUCCESS,`OTHERS,`CNY,`12.00,`0.00,`0,`0,`0.00,`0.00,`,`,`停车费用,`,`0.06000,`0.54%,`12.00,`0.00,`
`2026-04-09 16:27:58,`wxfc262f382d61c3db,`1723333380,`0,`,`4200003076202604096554567573,`2cd0a42a369c4073b8977b13a5ce28a7,`obt9LvqhZ9owWqHo3oUy5yzpTlD0,`JSAPI,`SUCCESS,`OTHERS,`CNY,`3.00,`0.00,`0,`0,`0.00,`0.00,`,`,`停车费用,`,`0.02000,`0.54%,`3.00,`0.00,`
`2026-04-09 10:35:50,`wxfc262f382d61c3db,`1723333380,`0,`,`4200003077202604093560056742,`db4f19e5422844ffb169621922a1d95e,`obt9LvpkWCu4sk41dvEOCNvufDuo,`JSAPI,`SUCCESS,`PAB_CREDIT,`CNY,`3.00,`0.00,`0,`0,`0.00,`0.00,`,`,`停车费用,`,`0.02000,`0.54%,`3.00,`0.00,`
`2026-04-09 19:58:54,`wxfc262f382d61c3db,`1723333380,`0,`,`4200003077202604093835052538,`9559ddcf0e874fdaaaeb3c73d1bf818a,`obt9Lvka0cdfJz7ZLC43bp-0V5Ls,`JSAPI,`SUCCESS,`OTHERS,`CNY,`6.00,`0.00,`0,`0,`0.00,`0.00,`,`,`停车费用,`,`0.03000,`0.54%,`6.00,`0.00,`
`2026-04-09 02:24:12,`wxfc262f382d61c3db,`1723333380,`0,`,`4200003079202604093534791222,`5342c9f6149a49c9a589dc23e5316e81,`obt9Lvrt-3WH1acm5GYyVzFJ08HU,`JSAPI,`SUCCESS,`OTHERS,`CNY,`3.00,`0.00,`0,`0,`0.00,`0.00,`,`,`停车费用,`,`0.02000,`0.54%,`3.00,`0.00,`
`2026-04-09 22:47:34,`wxfc262f382d61c3db,`1723333380,`0,`,`4200003080202604099274394049,`2b6866c9ef2d40238a0996649fdcd828,`obt9LvgYn8K0rCy4rKSbnGjolm5k,`JSAPI,`SUCCESS,`OTHERS,`CNY,`3.00,`0.00,`0,`0,`0.00,`0.00,`,`,`停车费用,`,`0.02000,`0.54%,`3.00,`0.00,`
`2026-04-09 21:39:06,`wxfc262f382d61c3db,`1723333380,`0,`,`4200003084202604090341605037,`f2d66d8a8a234c4d8ab84cd731a43849,`obt9LvktVCziyqb7huPeAwD3rq2E,`JSAPI,`SUCCESS,`CMB_CREDIT,`CNY,`3.00,`0.00,`0,`0,`0.00,`0.00,`,`,`停车费用,`,`0.02000,`0.54%,`3.00,`0.00,`
`2026-04-09 18:44:41,`wxfc262f382d61c3db,`1723333380,`0,`,`4200003088202604099845718823,`1be43a6cf0134b4d8fd50dce6cca3722,`obt9Lvi5j1kW3LoyeEb2qGJjPvSg,`JSAPI,`SUCCESS,`OTHERS,`CNY,`9.00,`0.00,`0,`0,`0.00,`0.00,`,`,`停车费用,`,`0.05000,`0.54%,`9.00,`0.00,`
`2026-04-09 11:04:50,`wxfc262f382d61c3db,`1723333380,`0,`,`4200003091202604094712642588,`2049ab4e4f8240e48d5a0da2b8de5934,`obt9LvhGWAkbVPWgEWdU8azYt3UU,`JSAPI,`SUCCESS,`ABC_CREDIT,`CNY,`3.00,`0.00,`0,`0,`0.00,`0.00,`,`,`停车费用,`,`0.02000,`0.54%,`3.00,`0.00,`
`2026-04-09 16:03:46,`wxfc262f382d61c3db,`1723333380,`0,`,`4200003091202604098550626512,`3b06ff552cb1499e913005fa02223aaf,`obt9LvhzRPLAD3b5pDojsmBW5sgs,`JSAPI,`SUCCESS,`OTHERS,`CNY,`3.00,`0.00,`0,`0,`0.00,`0.00,`,`,`停车费用,`,`0.02000,`0.54%,`3.00,`0.00,`
`2026-04-09 10:45:57,`wxfc262f382d61c3db,`1723333380,`0,`,`4200003092202604091649119924,`4931681039fa4e94817ec594ca882287,`obt9Lvv_FkueH22RX3kDdgc0glxw,`JSAPI,`SUCCESS,`OTHERS,`CNY,`3.00,`0.00,`0,`0,`0.00,`0.00,`,`,`停车费用,`,`0.02000,`0.54%,`3.00,`0.00,`
`2026-04-09 10:40:17,`wxfc262f382d61c3db,`1723333380,`0,`,`4200003093202604098370000635,`3706c5fcd2e64d5db0c7c6168aba236e,`obt9LvnV5WKX_3DVAONoJs6MtBHQ,`JSAPI,`SUCCESS,`OTHERS,`CNY,`3.00,`0.00,`0,`0,`0.00,`0.00,`,`,`停车费用,`,`0.02000,`0.54%,`3.00,`0.00,`
`2026-04-09 17:38:43,`wxfc262f382d61c3db,`1723333380,`0,`,`4200003094202604094650716535,`299c097bebf34279a3e1aa6f4fb20c37,`obt9Lvq6ZnlIHBg2EoqKz80yM71o,`JSAPI,`SUCCESS,`OTHERS,`CNY,`3.00,`0.00,`0,`0,`0.00,`0.00,`,`,`停车费用,`,`0.02000,`0.54%,`3.00,`0.00,`
`2026-04-09 10:34:28,`wxfc262f382d61c3db,`1723333380,`0,`,`4200003095202604094873042549,`329bcf4a024c45fd8ab52c0e2e24d2e0,`obt9LvjvPzk1kyKmT6sra9JS8zdo,`JSAPI,`SUCCESS,`OTHERS,`CNY,`3.00,`0.00,`0,`0,`0.00,`0.00,`,`,`停车费用,`,`0.02000,`0.54%,`3.00,`0.00,`
`2026-04-09 20:40:22,`wxfc262f382d61c3db,`1723333380,`0,`,`4200003096202604091737686158,`6477f8e6190c44c0886c65845b406764,`obt9LvmiEsEqkTtUTITmr8uKV73g,`JSAPI,`SUCCESS,`OTHERS,`CNY,`3.00,`0.00,`0,`0,`0.00,`0.00,`,`,`停车费用,`,`0.02000,`0.54%,`3.00,`0.00,`
`2026-04-09 20:40:34,`wxfc262f382d61c3db,`1723333380,`0,`,`4200003096202604096337062158,`84eedaf164204081b7858e9ab386aa3a,`obt9LvpWfuT4yuRZ5LCfkTNVoCcg,`JSAPI,`SUCCESS,`OTHERS,`CNY,`3.00,`0.00,`0,`0,`0.00,`0.00,`,`,`停车费用,`,`0.02000,`0.54%,`3.00,`0.00,`
`2026-04-09 15:35:48,`wxfc262f382d61c3db,`1723333380,`0,`,`4200003126202604090363784886,`f80c2b21bfad44f8b64b8a3818322aae,`obt9LvrRtWhRNBUxL6rIJYWxgkR4,`JSAPI,`SUCCESS,`OTHERS,`CNY,`21.00,`0.00,`0,`0,`0.00,`0.00,`,`,`停车费用,`,`0.11000,`0.54%,`21.00,`0.00,`
`2026-04-09 21:36:37,`wxfc262f382d61c3db,`1723333380,`0,`,`4200003126202604099167617595,`2cfadc6c2b194878b9d1bb7ad8b9b2f2,`obt9LvvyBoBSzL7VPf3N-r0gBzn8,`JSAPI,`SUCCESS,`OTHERS,`CNY,`6.00,`0.00,`0,`0,`0.00,`0.00,`,`,`停车费用,`,`0.03000,`0.54%,`6.00,`0.00,`
`2026-04-09 17:59:53,`wxfc262f382d61c3db,`1723333380,`0,`,`4200003127202604091686809724,`4d96de2cd6a141dfb09cde3a003960be,`obt9LviO146Qpy6agML4Jw7sxkmU,`JSAPI,`SUCCESS,`OTHERS,`CNY,`3.00,`0.00,`0,`0,`0.00,`0.00,`,`,`停车费用,`,`0.02000,`0.54%,`3.00,`0.00,`
`2026-04-09 18:39:26,`wxfc262f382d61c3db,`1723333380,`0,`,`4200003128202604094174814051,`67ade3670ede490296bf48142a9f6e1f,`obt9LvpWfuT4yuRZ5LCfkTNVoCcg,`JSAPI,`SUCCESS,`OTHERS,`CNY,`6.00,`0.00,`0,`0,`0.00,`0.00,`,`,`停车费用,`,`0.03000,`0.54%,`6.00,`0.00,`
`2026-04-09 10:54:57,`wxfc262f382d61c3db,`1723333380,`0,`,`4200003129202604090554593677,`735846e631024a0080abb37e05519049,`obt9Lvp49tkqOLfLkWJ-38_64AUU,`JSAPI,`SUCCESS,`COMM_CREDIT,`CNY,`3.00,`0.00,`0,`0,`0.00,`0.00,`,`,`停车费用,`,`0.02000,`0.54%,`3.00,`0.00,`
`2026-04-09 19:03:47,`wxfc262f382d61c3db,`1723333380,`0,`,`4200003130202604093640205819,`b6282b7786b749c09b892c868871446b,`obt9LvkSigeLz7gfxtEvvNJ9wnfs,`JSAPI,`SUCCESS,`OTHERS,`CNY,`3.00,`0.00,`0,`0,`0.00,`0.00,`,`,`停车费用,`,`0.02000,`0.54%,`3.00,`0.00,`
`2026-04-09 17:35:46,`wxfc262f382d61c3db,`1723333380,`0,`,`4200003130202604097946272421,`43b4858a560d40a5bc46259205883401,`obt9Lvv-VUWGetuuezN8VD85y4M4,`JSAPI,`SUCCESS,`CCB_CREDIT,`CNY,`3.00,`0.00,`0,`0,`0.00,`0.00,`,`,`停车费用,`,`0.02000,`0.54%,`3.00,`0.00,`
`2026-04-09 10:42:39,`wxfc262f382d61c3db,`1723333380,`0,`,`4200003130202604098544322836,`84868a670fd74c88a73add14e5b01929,`obt9Lvss11k1m7fo-U2SNt3QRJ7s,`JSAPI,`SUCCESS,`OTHERS,`CNY,`3.00,`0.00,`0,`0,`0.00,`0.00,`,`,`停车费用,`,`0.02000,`0.54%,`3.00,`0.00,`
`2026-04-09 16:35:53,`wxfc262f382d61c3db,`1723333380,`0,`,`4200003131202604091972416961,`8091f8506ba1447abd1e301d388ec400,`obt9LvoCfaxQvzhM3y-OTqpmVdg8,`JSAPI,`SUCCESS,`OTHERS,`CNY,`3.00,`0.00,`0,`0,`0.00,`0.00,`,`,`停车费用,`,`0.02000,`0.54%,`3.00,`0.00,`
`2026-04-09 17:40:22,`wxfc262f382d61c3db,`1723333380,`0,`,`4200003131202604096805194742,`9eb79e906b99432aa8765f764cae77ea,`obt9LvvvKKN35b-clB3kVNfAogqI,`JSAPI,`SUCCESS,`OTHERS,`CNY,`3.00,`0.00,`0,`0,`0.00,`0.00,`,`,`停车费用,`,`0.02000,`0.54%,`3.00,`0.00,`
`2026-04-09 18:26:03,`wxfc262f382d61c3db,`1723333380,`0,`,`4200003131202604097075863079,`c6eba96978d44a4a813f418b679c84d4,`obt9LvjIyZinJK9j-q9CQZ31YTeE,`JSAPI,`SUCCESS,`OTHERS,`CNY,`9.00,`0.00,`0,`0,`0.00,`0.00,`,`,`停车费用,`,`0.05000,`0.54%,`9.00,`0.00,`
`2026-04-09 18:52:07,`wxfc262f382d61c3db,`1723333380,`0,`,`4200003133202604090290443300,`eb5215a67c5f4034a88b4789289ef28b,`obt9LvnNHv38A3j2sIDtA3i1rju4,`JSAPI,`SUCCESS,`OTHERS,`CNY,`3.00,`0.00,`0,`0,`0.00,`0.00,`,`,`停车费用,`,`0.02000,`0.54%,`3.00,`0.00,`
`2026-04-09 19:43:16,`wxfc262f382d61c3db,`1723333380,`0,`,`4200003133202604099579337040,`6719f928005e425eaa8a008ec310418d,`obt9LvnwePmCXsr3KOE8J6ATnGjY,`JSAPI,`SUCCESS,`OTHERS,`CNY,`3.00,`0.00,`0,`0,`0.00,`0.00,`,`,`停车费用,`,`0.02000,`0.54%,`3.00,`0.00,`
`2026-04-09 11:25:15,`wxfc262f382d61c3db,`1723333380,`0,`,`4200003134202604091079142733,`fd4ef2004de042818352c3351f019828,`obt9LvqU2Lqwk6BHB2HQ-bafrhuU,`JSAPI,`SUCCESS,`CCB_DEBIT,`CNY,`3.00,`0.00,`0,`0,`0.00,`0.00,`,`,`停车费用,`,`0.02000,`0.54%,`3.00,`0.00,`
`2026-04-09 18:10:15,`wxfc262f382d61c3db,`1723333380,`0,`,`4200003135202604090425003479,`25aebde9746947e1b1274ec9264300ed,`obt9Lvkvo3eByxWpMtIfUllZW3Es,`JSAPI,`SUCCESS,`CCB_DEBIT,`CNY,`6.00,`0.00,`0,`0,`0.00,`0.00,`,`,`停车费用,`,`0.03000,`0.54%,`6.00,`0.00,`
`2026-04-09 01:03:37,`wxfc262f382d61c3db,`1723333380,`0,`,`4200003135202604091174608919,`f77e5a2e37264ed0b58a9aad0bb3ca70,`obt9LvlBsWFZsvcEGJ2J5qUb7Wug,`JSAPI,`SUCCESS,`CCB_DEBIT,`CNY,`9.00,`0.00,`0,`0,`0.00,`0.00,`,`,`停车费用,`,`0.05000,`0.54%,`9.00,`0.00,`
`2026-04-09 07:30:27,`wxfc262f382d61c3db,`1723333380,`0,`,`4200003136202604094714399410,`5c7cde78e15f4cc0beb1538f2a765dbc,`obt9LvvisRqIQCD9zUkLKaaqIJNA,`JSAPI,`SUCCESS,`OTHERS,`CNY,`24.00,`0.00,`0,`0,`0.00,`0.00,`,`,`停车费用,`,`0.13000,`0.54%,`24.00,`0.00,`
`2026-04-09 20:22:37,`wxfc262f382d61c3db,`1723333380,`0,`,`4200003136202604096861918709,`12e6fe8b7d79436bae5907bb7d48838a,`obt9Lvl2Emr6ujU9a-8zPKbfP3zM,`JSAPI,`SUCCESS,`OTHERS,`CNY,`3.00,`0.00,`0,`0,`0.00,`0.00,`,`,`停车费用,`,`0.02000,`0.54%,`3.00,`0.00,`
`2026-04-09 01:14:20,`wxfc262f382d61c3db,`1723333380,`0,`,`4200003137202604093902924301,`4b31251fd0994089bbe921f53c93769d,`obt9LvnxgO28KvhoQmFq1lzS_v4U,`JSAPI,`SUCCESS,`OTHERS,`CNY,`12.00,`0.00,`0,`0,`0.00,`0.00,`,`,`停车费用,`,`0.06000,`0.54%,`12.00,`0.00,`
`2026-04-09 10:21:16,`wxfc262f382d61c3db,`1723333380,`0,`,`4200003138202604092926922737,`96c57a058bce4c94980664cc8f13ccf6,`obt9Lvss__01bD9wsU0vINDfNIMs,`JSAPI,`SUCCESS,`OTHERS,`CNY,`3.00,`0.00,`0,`0,`0.00,`0.00,`,`,`停车费用,`,`0.02000,`0.54%,`3.00,`0.00,`
`2026-04-09 10:42:59,`wxfc262f382d61c3db,`1723333380,`0,`,`4200003140202604097575831154,`1357412a4ba343d1a3f9554df8989682,`obt9LvlmpKA5FPIDEvm1spnsvJV4,`JSAPI,`SUCCESS,`OTHERS,`CNY,`3.00,`0.00,`0,`0,`0.00,`0.00,`,`,`停车费用,`,`0.02000,`0.54%,`3.00,`0.00,`
`2026-04-09 11:35:53,`wxfc262f382d61c3db,`1723333380,`0,`,`4200003140202604097612921469,`0f3b04582b184ab8b9ca0fb890beced2,`obt9LvpKmnrQeSlM4Qt5CJX2jJfA,`JSAPI,`SUCCESS,`OTHERS,`CNY,`3.00,`0.00,`0,`0,`0.00,`0.00,`,`,`停车费用,`,`0.02000,`0.54%,`3.00,`0.00,`
`2026-04-10 17:31:20,`wxfc262f382d61c3db,`1723333380,`0,`,`4200003049202604106692195827,`9d8ce0402039469eba48ff326c56214b,`obt9LvgOTNvadCVcJwr0mkVoA7ss,`JSAPI,`SUCCESS,`OTHERS,`CNY,`3.00,`0.00,`0,`0,`0.00,`0.00,`,`,`停车费用,`,`0.02000,`0.54%,`3.00,`0.00,`
`2026-04-10 16:00:46,`wxfc262f382d61c3db,`1723333380,`0,`,`4200003049202604107584719577,`00021173a8f141899471567a3f99e952,`obt9LvlmpKA5FPIDEvm1spnsvJV4,`JSAPI,`SUCCESS,`OTHERS,`CNY,`3.00,`0.00,`0,`0,`0.00,`0.00,`,`,`停车费用,`,`0.02000,`0.54%,`3.00,`0.00,`
`2026-04-10 21:20:42,`wxfc262f382d61c3db,`1723333380,`0,`,`4200003051202604107294399908,`cc33fa6751b44053ad846c60a1f06da7,`obt9Lvp1GHTObWNU3FL6dIBOBWnw,`JSAPI,`SUCCESS,`OTHERS,`CNY,`12.00,`0.00,`0,`0,`0.00,`0.00,`,`,`停车费用,`,`0.06000,`0.54%,`12.00,`0.00,`
`2026-04-10 15:48:09,`wxfc262f382d61c3db,`1723333380,`0,`,`4200003052202604100044513617,`f2c282d68c2744118773276b654a1e1a,`obt9LvidklciwEYQDUix6WP-Er_M,`JSAPI,`SUCCESS,`OTHERS,`CNY,`9.00,`0.00,`0,`0,`0.00,`0.00,`,`,`停车费用,`,`0.05000,`0.54%,`9.00,`0.00,`
`2026-04-10 10:49:57,`wxfc262f382d61c3db,`1723333380,`0,`,`4200003053202604102002262938,`42ed3504c2654f3294202cccd62c576d,`obt9LvvkEiyuH5pn_cE8158XOAUY,`JSAPI,`SUCCESS,`OTHERS,`CNY,`3.00,`0.00,`0,`0,`0.00,`0.00,`,`,`停车费用,`,`0.02000,`0.54%,`3.00,`0.00,`
`2026-04-10 10:43:39,`wxfc262f382d61c3db,`1723333380,`0,`,`4200003054202604100235214157,`d9b837aeb1024e6f8f9e15a41d5057ce,`obt9Lvss11k1m7fo-U2SNt3QRJ7s,`JSAPI,`SUCCESS,`OTHERS,`CNY,`3.00,`0.00,`0,`0,`0.00,`0.00,`,`,`停车费用,`,`0.02000,`0.54%,`3.00,`0.00,`
`2026-04-10 10:59:38,`wxfc262f382d61c3db,`1723333380,`0,`,`4200003054202604107102332552,`351231ae7f434ee7942f7da3d9ab9a1f,`obt9LvqhZ9owWqHo3oUy5yzpTlD0,`JSAPI,`SUCCESS,`OTHERS,`CNY,`3.00,`0.00,`0,`0,`0.00,`0.00,`,`,`停车费用,`,`0.02000,`0.54%,`3.00,`0.00,`
`2026-04-10 18:22:18,`wxfc262f382d61c3db,`1723333380,`0,`,`4200003055202604106023522973,`4cc8bb6cf5db4fa29a395eb9ccb72aa2,`obt9LvqD9m8kn5qRo1IswMwOOIus,`JSAPI,`SUCCESS,`OTHERS,`CNY,`3.00,`0.00,`0,`0,`0.00,`0.00,`,`,`停车费用,`,`0.02000,`0.54%,`3.00,`0.00,`
`2026-04-10 11:16:05,`wxfc262f382d61c3db,`1723333380,`0,`,`4200003056202604105901825308,`7bcaf70f512540c0898cd82f99aad427,`obt9LvtGkh-oARJS9SDcSmDFTYaE,`JSAPI,`SUCCESS,`OTHERS,`CNY,`3.00,`0.00,`0,`0,`0.00,`0.00,`,`,`停车费用,`,`0.02000,`0.54%,`3.00,`0.00,`
`2026-04-10 20:07:05,`wxfc262f382d61c3db,`1723333380,`0,`,`4200003056202604106597454834,`dbdb657938f4479896d758cee8075acf,`obt9Lvo--nctgBXulequbIWXizOE,`JSAPI,`SUCCESS,`OTHERS,`CNY,`3.00,`0.00,`0,`0,`0.00,`0.00,`,`,`停车费用,`,`0.02000,`0.54%,`3.00,`0.00,`
`2026-04-10 10:43:27,`wxfc262f382d61c3db,`1723333380,`0,`,`4200003056202604108021848815,`340e21ce17184415a3189d365b7844fd,`obt9LvjvPzk1kyKmT6sra9JS8zdo,`JSAPI,`SUCCESS,`OTHERS,`CNY,`3.00,`0.00,`0,`0,`0.00,`0.00,`,`,`停车费用,`,`0.02000,`0.54%,`3.00,`0.00,`
`2026-04-10 10:48:07,`wxfc262f382d61c3db,`1723333380,`0,`,`4200003059202604101933858834,`dd162fe4cf40438ba14e98daf7c5c4dd,`obt9Lvp49tkqOLfLkWJ-38_64AUU,`JSAPI,`SUCCESS,`COMM_CREDIT,`CNY,`3.00,`0.00,`0,`0,`0.00,`0.00,`,`,`停车费用,`,`0.02000,`0.54%,`3.00,`0.00,`
`2026-04-10 12:10:32,`wxfc262f382d61c3db,`1723333380,`0,`,`4200003060202604103422788757,`b2e2a23a910042f9970fb0928d00527a,`obt9LvvvKKN35b-clB3kVNfAogqI,`JSAPI,`SUCCESS,`OTHERS,`CNY,`3.00,`0.00,`0,`0,`0.00,`0.00,`,`,`停车费用,`,`0.02000,`0.54%,`3.00,`0.00,`
`2026-04-10 20:02:12,`wxfc262f382d61c3db,`1723333380,`0,`,`4200003060202604106071571477,`4da191c4c74049dcbd20109712bb4a2c,`obt9LvoojqNBS_CpZSctff2F8P8c,`JSAPI,`SUCCESS,`OTHERS,`CNY,`3.00,`0.00,`0,`0,`0.00,`0.00,`,`,`停车费用,`,`0.02000,`0.54%,`3.00,`0.00,`
`2026-04-10 10:50:03,`wxfc262f382d61c3db,`1723333380,`0,`,`4200003061202604101374585960,`410e2ed5740e40d2b25001ba1e801e3e,`obt9LvqD9m8kn5qRo1IswMwOOIus,`JSAPI,`SUCCESS,`OTHERS,`CNY,`3.00,`0.00,`0,`0,`0.00,`0.00,`,`,`停车费用,`,`0.02000,`0.54%,`3.00,`0.00,`
`2026-04-10 13:39:10,`wxfc262f382d61c3db,`1723333380,`0,`,`4200003062202604101878136231,`c537859ef56c4e579b12330905a41bc1,`obt9LviGR0oUUCxG04HTKieo0bO8,`JSAPI,`SUCCESS,`OTHERS,`CNY,`30.00,`0.00,`0,`0,`0.00,`0.00,`,`,`停车费用,`,`0.16000,`0.54%,`30.00,`0.00,`
`2026-04-10 10:39:25,`wxfc262f382d61c3db,`1723333380,`0,`,`4200003063202604105187058142,`0a4d4730bf624087b3c92c00cae72154,`obt9Lvp-ZwCtyglOhY-JshlM_nHw,`JSAPI,`SUCCESS,`PAB_DEBIT,`CNY,`3.00,`0.00,`0,`0,`0.00,`0.00,`,`,`停车费用,`,`0.02000,`0.54%,`3.00,`0.00,`
`2026-04-10 10:33:11,`wxfc262f382d61c3db,`1723333380,`0,`,`4200003063202604109426024546,`8b67f45786644af194171de2435e8701,`obt9Lvnqn_SUmkowHqT_XqowyUt8,`JSAPI,`SUCCESS,`OTHERS,`CNY,`3.00,`0.00,`0,`0,`0.00,`0.00,`,`,`停车费用,`,`0.02000,`0.54%,`3.00,`0.00,`
`2026-04-10 10:56:24,`wxfc262f382d61c3db,`1723333380,`0,`,`4200003066202604109500436203,`b26f98d4c2414bd29b6fc84a28c17558,`obt9LvqC1F6UBewL1DTG46m8UKXs,`JSAPI,`SUCCESS,`PAB_DEBIT,`CNY,`3.00,`0.00,`0,`0,`0.00,`0.00,`,`,`停车费用,`,`0.02000,`0.54%,`3.00,`0.00,`
`2026-04-10 17:46:02,`wxfc262f382d61c3db,`1723333380,`0,`,`4200003068202604107261805541,`35700baa9d6e4840a08d901ce1309fcb,`obt9Lvkvo3eByxWpMtIfUllZW3Es,`JSAPI,`SUCCESS,`CCB_DEBIT,`CNY,`6.00,`0.00,`0,`0,`0.00,`0.00,`,`,`停车费用,`,`0.03000,`0.54%,`6.00,`0.00,`
`2026-04-10 10:31:07,`wxfc262f382d61c3db,`1723333380,`0,`,`4200003069202604105232231984,`e0e66b9307ee4b8ab40a24cee0e2fdc2,`obt9LvsgliBiIcz_BIw2mXPvnCPQ,`JSAPI,`SUCCESS,`OTHERS,`CNY,`3.00,`0.00,`0,`0,`0.00,`0.00,`,`,`停车费用,`,`0.02000,`0.54%,`3.00,`0.00,`
`2026-04-10 20:35:06,`wxfc262f382d61c3db,`1723333380,`0,`,`4200003072202604102549618810,`2afc6c7af12246969df8ea328d42d740,`obt9LvpE3RrpgxilcANZ0eJFTwWY,`JSAPI,`SUCCESS,`HUNNX_DEBIT,`CNY,`3.00,`0.00,`0,`0,`0.00,`0.00,`,`,`停车费用,`,`0.02000,`0.54%,`3.00,`0.00,`
`2026-04-10 20:42:56,`wxfc262f382d61c3db,`1723333380,`0,`,`4200003074202604101866078129,`3b7a6028a5634510aa3a6a16457bb2a9,`obt9LvsY2TQqHwqpXZxYMziHHsXA,`JSAPI,`SUCCESS,`OTHERS,`CNY,`3.00,`0.00,`0,`0,`0.00,`0.00,`,`,`停车费用,`,`0.02000,`0.54%,`3.00,`0.00,`
`2026-04-10 20:12:10,`wxfc262f382d61c3db,`1723333380,`0,`,`4200003074202604107785510036,`2532081eb308462283573d3b9131dadd,`obt9LvhGWAkbVPWgEWdU8azYt3UU,`JSAPI,`SUCCESS,`PAB_CREDIT,`CNY,`6.00,`0.00,`0,`0,`0.00,`0.00,`,`,`停车费用,`,`0.03000,`0.54%,`6.00,`0.00,`
`2026-04-10 11:30:29,`wxfc262f382d61c3db,`1723333380,`0,`,`4200003075202604102918034476,`b9ad1bf628a74235b658d2e2601717e1,`obt9LvpKmnrQeSlM4Qt5CJX2jJfA,`JSAPI,`SUCCESS,`OTHERS,`CNY,`3.00,`0.00,`0,`0,`0.00,`0.00,`,`,`停车费用,`,`0.02000,`0.54%,`3.00,`0.00,`
`2026-04-10 22:10:16,`wxfc262f382d61c3db,`1723333380,`0,`,`4200003077202604102819366282,`6aa8bddd166f43b9a8ef20c5b2c5bbf0,`obt9LvpK3JQT46tS__iGiw5zx59w,`JSAPI,`SUCCESS,`OTHERS,`CNY,`3.00,`0.00,`0,`0,`0.00,`0.00,`,`,`停车费用,`,`0.02000,`0.54%,`3.00,`0.00,`
`2026-04-10 14:43:48,`wxfc262f382d61c3db,`1723333380,`0,`,`4200003077202604107933805646,`0e5466b41fbb40e0acdb9dbbb4236c53,`obt9Lvr0Hojg08rUojWU7mD8QdEM,`JSAPI,`SUCCESS,`OTHERS,`CNY,`3.00,`0.00,`0,`0,`0.00,`0.00,`,`,`停车费用,`,`0.02000,`0.54%,`3.00,`0.00,`
`2026-04-10 10:32:24,`wxfc262f382d61c3db,`1723333380,`0,`,`4200003077202604108143688663,`8e0a4a90696b4a8b85f74487b37b45c1,`obt9LvvkuRyB0VnAw_Ik5-54kTeQ,`JSAPI,`SUCCESS,`PAB_CREDIT,`CNY,`3.00,`0.00,`0,`0,`0.00,`0.00,`,`,`停车费用,`,`0.02000,`0.54%,`3.00,`0.00,`
`2026-04-10 20:40:54,`wxfc262f382d61c3db,`1723333380,`0,`,`4200003079202604103487931949,`d08dade390a14c909667709a8c737094,`obt9LviYpa6XcVTdaC18PWBIvdso,`JSAPI,`SUCCESS,`OTHERS,`CNY,`9.00,`0.00,`0,`0,`0.00,`0.00,`,`,`停车费用,`,`0.05000,`0.54%,`9.00,`0.00,`
`2026-04-10 12:22:44,`wxfc262f382d61c3db,`1723333380,`0,`,`4200003079202604105217375502,`88cf7b97a94d49bd8bcab0003b6efa81,`obt9LvlwRGGOdPdCHyY7heqlTWUA,`JSAPI,`SUCCESS,`OTHERS,`CNY,`9.00,`0.00,`0,`0,`0.00,`0.00,`,`,`停车费用,`,`0.05000,`0.54%,`9.00,`0.00,`
`2026-04-10 16:39:28,`wxfc262f382d61c3db,`1723333380,`0,`,`4200003079202604105505692391,`d7cc733dd1084cae8dfa1cefcc451455,`obt9Lvv_FkueH22RX3kDdgc0glxw,`JSAPI,`SUCCESS,`OTHERS,`CNY,`3.00,`0.00,`0,`0,`0.00,`0.00,`,`,`停车费用,`,`0.02000,`0.54%,`3.00,`0.00,`
`2026-04-10 18:35:40,`wxfc262f382d61c3db,`1723333380,`0,`,`4200003079202604106611211122,`1cb65571ddba4c958b5cc994f50e4d9f,`obt9Lvs1htLg8sqmMw8tuIe4rfg0,`JSAPI,`SUCCESS,`OTHERS,`CNY,`3.00,`0.00,`0,`0,`0.00,`0.00,`,`,`停车费用,`,`0.02000,`0.54%,`3.00,`0.00,`
`2026-04-10 10:43:49,`wxfc262f382d61c3db,`1723333380,`0,`,`4200003081202604106650478746,`264bb0e7bfb644bb9051ae8440bd2cd0,`obt9LvpkWCu4sk41dvEOCNvufDuo,`JSAPI,`SUCCESS,`PAB_CREDIT,`CNY,`3.00,`0.00,`0,`0,`0.00,`0.00,`,`,`停车费用,`,`0.02000,`0.54%,`3.00,`0.00,`
`2026-04-10 16:04:00,`wxfc262f382d61c3db,`1723333380,`0,`,`4200003081202604108939043418,`3c4298f3a2c141e68ea7ebfa4d7b3449,`obt9LvvB_ErGGr8t9KbP2h1WlhyI,`JSAPI,`SUCCESS,`OTHERS,`CNY,`3.00,`0.00,`0,`0,`0.00,`0.00,`,`,`停车费用,`,`0.02000,`0.54%,`3.00,`0.00,`
`2026-04-10 11:00:10,`wxfc262f382d61c3db,`1723333380,`0,`,`4200003082202604107352423949,`966663b4a99d458b862c2d00d0a0531b,`obt9LvuT5jYgwdg_5o4R8O6GRVQs,`JSAPI,`SUCCESS,`OTHERS,`CNY,`3.00,`0.00,`0,`0,`0.00,`0.00,`,`,`停车费用,`,`0.02000,`0.54%,`3.00,`0.00,`
`2026-04-10 18:22:43,`wxfc262f382d61c3db,`1723333380,`0,`,`4200003083202604106492184144,`aa655f6f3fb54cb89e990763e72ba125,`obt9LvmnywuFYroh-fMcF5NJ6BLs,`JSAPI,`SUCCESS,`OTHERS,`CNY,`6.00,`0.00,`0,`0,`0.00,`0.00,`,`,`停车费用,`,`0.03000,`0.54%,`6.00,`0.00,`
`2026-04-10 21:57:19,`wxfc262f382d61c3db,`1723333380,`0,`,`4200003085202604100796485097,`a4caf8ad239f418a83d749fe4f5b4c56,`obt9Lvl3_yBxD_P0hluSG0ZbYqJQ,`JSAPI,`SUCCESS,`CCB_DEBIT,`CNY,`9.00,`0.00,`0,`0,`0.00,`0.00,`,`,`停车费用,`,`0.05000,`0.54%,`9.00,`0.00,`
`2026-04-10 21:50:05,`wxfc262f382d61c3db,`1723333380,`0,`,`4200003085202604102998902399,`4b96e0b112f54dfaa505d80239f07614,`obt9LvsjgbaSPktjqbLmui_fjpL8,`JSAPI,`SUCCESS,`CMB_CREDIT,`CNY,`3.00,`0.00,`0,`0,`0.00,`0.00,`,`,`停车费用,`,`0.02000,`0.54%,`3.00,`0.00,`
`2026-04-10 22:20:31,`wxfc262f382d61c3db,`1723333380,`0,`,`4200003085202604106170179310,`14c498e7c1f34f41b545d0dba10757dd,`obt9LvqcDkpoQlCjnNv8_VWvZKU4,`JSAPI,`SUCCESS,`OTHERS,`CNY,`3.00,`0.00,`0,`0,`0.00,`0.00,`,`,`停车费用,`,`0.02000,`0.54%,`3.00,`0.00,`
`2026-04-10 17:39:55,`wxfc262f382d61c3db,`1723333380,`0,`,`4200003086202604104481506604,`c2ce9673a50646d384ba10cd17b1c525,`obt9LvpxPj2zvWu0YFjuqfK_2HRM,`JSAPI,`SUCCESS,`OTHERS,`CNY,`3.00,`0.00,`0,`0,`0.00,`0.00,`,`,`停车费用,`,`0.02000,`0.54%,`3.00,`0.00,`
`2026-04-10 08:56:11,`wxfc262f382d61c3db,`1723333380,`0,`,`4200003086202604109203180248,`1aa9aa9ccc824254a59f055c21a69fb5,`obt9LvqvDhHcI_fNWgJGe90HxVaw,`JSAPI,`SUCCESS,`OTHERS,`CNY,`15.00,`0.00,`0,`0,`0.00,`0.00,`,`,`停车费用,`,`0.08000,`0.54%,`15.00,`0.00,`
`2026-04-10 20:26:30,`wxfc262f382d61c3db,`1723333380,`0,`,`4200003087202604102404865834,`3237745058b7489fbcf8872e93cea0bf,`obt9Lvkwc8iKYrbep4sbE9SVcR2s,`JSAPI,`SUCCESS,`CMB_CREDIT,`CNY,`6.00,`0.00,`0,`0,`0.00,`0.00,`,`,`停车费用,`,`0.03000,`0.54%,`6.00,`0.00,`
`2026-04-10 10:35:01,`wxfc262f382d61c3db,`1723333380,`0,`,`4200003088202604107097104383,`b6c3af2e48a94e5ab75bac9f0b042cf6,`obt9LvibkcAsY7PqZa8XeXHynP0I,`JSAPI,`SUCCESS,`PAB_CREDIT,`CNY,`3.00,`0.00,`0,`0,`0.00,`0.00,`,`,`停车费用,`,`0.02000,`0.54%,`3.00,`0.00,`
`2026-04-10 10:59:38,`wxfc262f382d61c3db,`1723333380,`0,`,`4200003089202604106150171678,`217948fbac8f494cbecd56e94695e369,`obt9LvoBZSh9QCAZ6idwDDUqnZLo,`JSAPI,`SUCCESS,`OTHERS,`CNY,`3.00,`0.00,`0,`0,`0.00,`0.00,`,`,`停车费用,`,`0.02000,`0.54%,`3.00,`0.00,`
`2026-04-10 16:45:40,`wxfc262f382d61c3db,`1723333380,`0,`,`4200003090202604106357109676,`fd943d3880e24aa294795d3e2bdc6af3,`obt9Lvm_LbL6j-W0Ba6MNRD8QRPw,`JSAPI,`SUCCESS,`OTHERS,`CNY,`3.00,`0.00,`0,`0,`0.00,`0.00,`,`,`停车费用,`,`0.02000,`0.54%,`3.00,`0.00,`
`2026-04-10 10:29:29,`wxfc262f382d61c3db,`1723333380,`0,`,`4200003090202604107423478174,`e8819d1a2db249348edfc987ac3f48a0,`obt9LvrxoOlnSfzUs8FeFfcIik6M,`JSAPI,`SUCCESS,`OTHERS,`CNY,`3.00,`0.00,`0,`0,`0.00,`0.00,`,`,`停车费用,`,`0.02000,`0.54%,`3.00,`0.00,`
`2026-04-10 20:51:44,`wxfc262f382d61c3db,`1723333380,`0,`,`4200003091202604106931933807,`2008561c084f48f28fc6a43e284a9804,`obt9LvlfsJOcrYwuDbG1a5tSp8Ec,`JSAPI,`SUCCESS,`GDB_CREDIT,`CNY,`3.00,`0.00,`0,`0,`0.00,`0.00,`,`,`停车费用,`,`0.02000,`0.54%,`3.00,`0.00,`
`2026-04-10 11:43:25,`wxfc262f382d61c3db,`1723333380,`0,`,`4200003091202604107878598224,`be119f7e37364ee39ecd85a74ea89321,`obt9LvlmpKA5FPIDEvm1spnsvJV4,`JSAPI,`SUCCESS,`OTHERS,`CNY,`6.00,`0.00,`0,`0,`0.00,`0.00,`,`,`停车费用,`,`0.03000,`0.54%,`6.00,`0.00,`
`2026-04-10 18:09:41,`wxfc262f382d61c3db,`1723333380,`0,`,`4200003093202604102576606877,`292fe1a7968f4092b3d6cabbc876cb8d,`obt9LvrFfHtoxQ9WtfRNlPVFUKuQ,`JSAPI,`SUCCESS,`CITIC_CREDIT,`CNY,`3.00,`0.00,`0,`0,`0.00,`0.00,`,`,`停车费用,`,`0.02000,`0.54%,`3.00,`0.00,`
`2026-04-10 16:05:40,`wxfc262f382d61c3db,`1723333380,`0,`,`4200003094202604104389572076,`10a08bb5872b4acb84499513792ff8d7,`obt9LvrMOFvYVeC6bEmzFWxsm-ys,`JSAPI,`SUCCESS,`OTHERS,`CNY,`9.00,`0.00,`0,`0,`0.00,`0.00,`,`,`停车费用,`,`0.05000,`0.54%,`9.00,`0.00,`
`2026-04-10 12:06:14,`wxfc262f382d61c3db,`1723333380,`0,`,`4200003094202604105061093721,`66bf9b52b0ae4022a1c136b075537e84,`obt9Lvss__01bD9wsU0vINDfNIMs,`JSAPI,`SUCCESS,`OTHERS,`CNY,`6.00,`0.00,`0,`0,`0.00,`0.00,`,`,`停车费用,`,`0.03000,`0.54%,`6.00,`0.00,`
`2026-04-10 19:42:20,`wxfc262f382d61c3db,`1723333380,`0,`,`4200003094202604107222441183,`587e67c9796444b6af9459fde36f467b,`obt9Lvu8ArbUkylpUvLXvl8lflF4,`JSAPI,`SUCCESS,`BOC_DEBIT,`CNY,`3.00,`0.00,`0,`0,`0.00,`0.00,`,`,`停车费用,`,`0.02000,`0.54%,`3.00,`0.00,`
`2026-04-10 20:25:12,`wxfc262f382d61c3db,`1723333380,`0,`,`4200003095202604101025167726,`331e9225ccc54b268fdd8dab264858c8,`obt9Lvl5nvO7R3F5ZJ3pyQaZl7zo,`JSAPI,`SUCCESS,`OTHERS,`CNY,`3.00,`0.00,`0,`0,`0.00,`0.00,`,`,`停车费用,`,`0.02000,`0.54%,`3.00,`0.00,`
`2026-04-10 10:28:04,`wxfc262f382d61c3db,`1723333380,`0,`,`4200003095202604101685776246,`83c55615ce824f2a828703dc3e92a925,`obt9LvsMjGT6Qsc-PWQxnHkwfX4s,`JSAPI,`SUCCESS,`OTHERS,`CNY,`3.00,`0.00,`0,`0,`0.00,`0.00,`,`,`停车费用,`,`0.02000,`0.54%,`3.00,`0.00,`
`2026-04-10 17:42:18,`wxfc262f382d61c3db,`1723333380,`0,`,`4200003095202604105200615106,`f746e2a8dc15498faa968c9a8eaf7159,`obt9LvpWfuT4yuRZ5LCfkTNVoCcg,`JSAPI,`SUCCESS,`OTHERS,`CNY,`3.00,`0.00,`0,`0,`0.00,`0.00,`,`,`停车费用,`,`0.02000,`0.54%,`3.00,`0.00,`
`2026-04-10 16:35:02,`wxfc262f382d61c3db,`1723333380,`0,`,`4200003096202604100012387038,`fc156629f23243dca9b6b8050dd295bf,`obt9LvrhKIS7m7r1ig--DC2uBNcU,`JSAPI,`SUCCESS,`OTHERS,`CNY,`6.00,`0.00,`0,`0,`0.00,`0.00,`,`,`停车费用,`,`0.03000,`0.54%,`6.00,`0.00,`
`2026-04-10 11:35:39,`wxfc262f382d61c3db,`1723333380,`0,`,`4200003096202604105145356446,`d6c0571622644daca6f514a52ff7c97b,`obt9Lvv_FkueH22RX3kDdgc0glxw,`JSAPI,`SUCCESS,`OTHERS,`CNY,`6.00,`0.00,`0,`0,`0.00,`0.00,`,`,`停车费用,`,`0.03000,`0.54%,`6.00,`0.00,`
`2026-04-10 20:40:55,`wxfc262f382d61c3db,`1723333380,`0,`,`4200003126202604102767338116,`b6857d34c2bf419bac84a67ef40f2041,`obt9LvpIUae-RpYlOu68JnN4HSHs,`JSAPI,`SUCCESS,`OTHERS,`CNY,`3.00,`0.00,`0,`0,`0.00,`0.00,`,`,`停车费用,`,`0.02000,`0.54%,`3.00,`0.00,`
`2026-04-10 12:02:02,`wxfc262f382d61c3db,`1723333380,`0,`,`4200003126202604106578292083,`7d5819fb7f76435c884c4a47e5fdfe7d,`obt9LvhixxrJGYlygWGlTKOsaH_E,`JSAPI,`SUCCESS,`OTHERS,`CNY,`6.00,`0.00,`0,`0,`0.00,`0.00,`,`,`停车费用,`,`0.03000,`0.54%,`6.00,`0.00,`
`2026-04-10 17:08:34,`wxfc262f382d61c3db,`1723333380,`0,`,`4200003127202604103661358516,`3f378905f46c40f68ab5446513f0ae3a,`obt9LvnNHv38A3j2sIDtA3i1rju4,`JSAPI,`SUCCESS,`OTHERS,`CNY,`3.00,`0.00,`0,`0,`0.00,`0.00,`,`,`停车费用,`,`0.02000,`0.54%,`3.00,`0.00,`
`2026-04-10 20:49:34,`wxfc262f382d61c3db,`1723333380,`0,`,`4200003129202604106060217965,`c97b01eef0104ceab7704184197a5685,`obt9Lvm0HKa1QzK4XG7FkntwygSA,`JSAPI,`SUCCESS,`OTHERS,`CNY,`3.00,`0.00,`0,`0,`0.00,`0.00,`,`,`停车费用,`,`0.02000,`0.54%,`3.00,`0.00,`
`2026-04-10 21:48:17,`wxfc262f382d61c3db,`1723333380,`0,`,`4200003130202604101357654545,`4a7e1a7595b94d2a865bdf8f5a9542d0,`obt9LvvaLboOklCgNPLk0hykcAsY,`JSAPI,`SUCCESS,`OTHERS,`CNY,`3.00,`0.00,`0,`0,`0.00,`0.00,`,`,`停车费用,`,`0.02000,`0.54%,`3.00,`0.00,`
`2026-04-10 20:53:46,`wxfc262f382d61c3db,`1723333380,`0,`,`4200003130202604101418076702,`efb10779a9c242a0af3b704e91adfa7e,`obt9LviO146Qpy6agML4Jw7sxkmU,`JSAPI,`SUCCESS,`OTHERS,`CNY,`3.00,`0.00,`0,`0,`0.00,`0.00,`,`,`停车费用,`,`0.02000,`0.54%,`3.00,`0.00,`
`2026-04-10 16:08:34,`wxfc262f382d61c3db,`1723333380,`0,`,`4200003130202604103934207605,`53f4fec9ac244ff89460711f276836a9,`obt9LvqU2Lqwk6BHB2HQ-bafrhuU,`JSAPI,`SUCCESS,`CCB_DEBIT,`CNY,`3.00,`0.00,`0,`0,`0.00,`0.00,`,`,`停车费用,`,`0.02000,`0.54%,`3.00,`0.00,`
`2026-04-10 10:33:38,`wxfc262f382d61c3db,`1723333380,`0,`,`4200003131202604100845605020,`9b8b5f470d134edebdb2c56b797fe706,`obt9Lvih882QTYBOXxHK5XvDBjaM,`JSAPI,`SUCCESS,`OTHERS,`CNY,`3.00,`0.00,`0,`0,`0.00,`0.00,`,`,`停车费用,`,`0.02000,`0.54%,`3.00,`0.00,`
`2026-04-10 16:16:55,`wxfc262f382d61c3db,`1723333380,`0,`,`4200003135202604105768909268,`f6fe31bcbe614ae897928154742ff30e,`obt9LvoK_fc09jRfUtFtImA88ao4,`JSAPI,`SUCCESS,`OTHERS,`CNY,`9.00,`0.00,`0,`0,`0.00,`0.00,`,`,`停车费用,`,`0.05000,`0.54%,`9.00,`0.00,`
`2026-04-10 18:25:25,`wxfc262f382d61c3db,`1723333380,`0,`,`4200003136202604103884087393,`0727b07ed14e43ccbd00c4b698c474e5,`obt9LvsJ8BzZYv6OZ5R0Zv0llp5M,`JSAPI,`SUCCESS,`OTHERS,`CNY,`3.00,`0.00,`0,`0,`0.00,`0.00,`,`,`停车费用,`,`0.02000,`0.54%,`3.00,`0.00,`
`2026-04-10 12:31:58,`wxfc262f382d61c3db,`1723333380,`0,`,`4200003138202604103563700965,`4fdea5df87434ead9d6185e67533f0b6,`obt9LvpKmnrQeSlM4Qt5CJX2jJfA,`JSAPI,`SUCCESS,`OTHERS,`CNY,`3.00,`0.00,`0,`0,`0.00,`0.00,`,`,`停车费用,`,`0.02000,`0.54%,`3.00,`0.00,`
`2026-04-10 11:39:47,`wxfc262f382d61c3db,`1723333380,`0,`,`4200003138202604106570409796,`03079631a41d49f781c0398c4c50bc24,`obt9LvmrHrz_C5K0AMX1u67ZFWwg,`JSAPI,`SUCCESS,`OTHERS,`CNY,`6.00,`0.00,`0,`0,`0.00,`0.00,`,`,`停车费用,`,`0.03000,`0.54%,`6.00,`0.00,`
`2026-04-10 11:59:34,`wxfc262f382d61c3db,`1723333380,`0,`,`4200003138202604106917376765,`21376e50ae8b481cba2e18c329aab309,`obt9LvmN4y8MBFEOSM3VlMAqUyUw,`JSAPI,`SUCCESS,`OTHERS,`CNY,`6.00,`0.00,`0,`0,`0.00,`0.00,`,`,`停车费用,`,`0.03000,`0.54%,`6.00,`0.00,`
`2026-04-10 22:36:09,`wxfc262f382d61c3db,`1723333380,`0,`,`4200003139202604102640890310,`30cec31819a44897bec7fddeae17f230,`obt9Lvrx-VvUcqtZg3i4ro8F9H0A,`JSAPI,`SUCCESS,`OTHERS,`CNY,`3.00,`0.00,`0,`0,`0.00,`0.00,`,`,`停车费用,`,`0.02000,`0.54%,`3.00,`0.00,`
`2026-04-11 19:57:00,`wxfc262f382d61c3db,`1723333380,`0,`,`4200003049202604112603789256,`dfa07e09d01b4b45a4bee6d20178b230,`obt9Lvhwh8lyfSMvh5UXGx4bLJ1s,`JSAPI,`SUCCESS,`CCB_DEBIT,`CNY,`6.00,`0.00,`0,`0,`0.00,`0.00,`,`,`停车费用,`,`0.03000,`0.54%,`6.00,`0.00,`
`2026-04-11 12:27:31,`wxfc262f382d61c3db,`1723333380,`0,`,`4200003049202604112627949258,`4f525ec16f9a4db49838c26de28db521,`obt9LvnSeRVkugbH9QxhryXLTuR8,`JSAPI,`SUCCESS,`OTHERS,`CNY,`3.00,`0.00,`0,`0,`0.00,`0.00,`,`,`停车费用,`,`0.02000,`0.54%,`3.00,`0.00,`
`2026-04-11 16:48:42,`wxfc262f382d61c3db,`1723333380,`0,`,`4200003049202604113994892886,`b1f898c3b9fa48ee8321442e98e0eb06,`obt9LvpSxXi76KVlcgXnG6JZyHgk,`JSAPI,`SUCCESS,`OTHERS,`CNY,`6.00,`0.00,`0,`0,`0.00,`0.00,`,`,`停车费用,`,`0.03000,`0.54%,`6.00,`0.00,`
`2026-04-11 16:28:50,`wxfc262f382d61c3db,`1723333380,`0,`,`4200003049202604114180159129,`1db9ff80326a4b45b0e6223fd3ca72e2,`obt9Lvnb4zWaxP6gYTCNjBI5Ht-8,`JSAPI,`SUCCESS,`CMB_CREDIT,`CNY,`12.00,`0.00,`0,`0,`0.00,`0.00,`,`,`停车费用,`,`0.06000,`0.54%,`12.00,`0.00,`
`2026-04-11 20:48:17,`wxfc262f382d61c3db,`1723333380,`0,`,`4200003049202604117743679462,`244ec0fff2f843a6b30dff1d4beb6496,`obt9Lvl2Emr6ujU9a-8zPKbfP3zM,`JSAPI,`SUCCESS,`CCB_DEBIT,`CNY,`3.00,`0.00,`0,`0,`0.00,`0.00,`,`,`停车费用,`,`0.02000,`0.54%,`3.00,`0.00,`
`2026-04-11 21:48:00,`wxfc262f382d61c3db,`1723333380,`0,`,`4200003050202604118792755601,`ebf2ab2d0f444101953e2e81df129626,`obt9LvpbN1GoMXdMgPrFyz3Ku3Pw,`JSAPI,`SUCCESS,`OTHERS,`CNY,`9.00,`0.00,`0,`0,`0.00,`0.00,`,`,`停车费用,`,`0.05000,`0.54%,`9.00,`0.00,`
`2026-04-11 20:23:30,`wxfc262f382d61c3db,`1723333380,`0,`,`4200003051202604110138784912,`ce1b6cb1d8f54f2e9f7323a1ff74d61b,`obt9LvhIRpQibNJKvzFBcJk5r_AU,`JSAPI,`SUCCESS,`CCB_CREDIT,`CNY,`3.00,`0.00,`0,`0,`0.00,`0.00,`,`,`停车费用,`,`0.02000,`0.54%,`3.00,`0.00,`
`2026-04-11 14:07:37,`wxfc262f382d61c3db,`1723333380,`0,`,`4200003052202604115870995922,`5de6a5c5fe3249b09301a8a999d7d148,`obt9LvsKQAooXO7n4ozUQJl8LZuI,`JSAPI,`SUCCESS,`OTHERS,`CNY,`3.00,`0.00,`0,`0,`0.00,`0.00,`,`,`停车费用,`,`0.02000,`0.54%,`3.00,`0.00,`
`2026-04-11 21:16:16,`wxfc262f382d61c3db,`1723333380,`0,`,`4200003052202604116114164487,`2848038443424ac183d93e26d1b36317,`obt9LvvGmiwneXzsyiDaPGEfglWs,`JSAPI,`SUCCESS,`OTHERS,`CNY,`24.00,`0.00,`0,`0,`0.00,`0.00,`,`,`停车费用,`,`0.13000,`0.54%,`24.00,`0.00,`
`2026-04-11 18:29:27,`wxfc262f382d61c3db,`1723333380,`0,`,`4200003052202604119303448323,`93fefcb86ace4c388ea173676fec06a2,`obt9LvudipxJEXgSVBWV8H-sdGxE,`JSAPI,`SUCCESS,`OTHERS,`CNY,`3.00,`0.00,`0,`0,`0.00,`0.00,`,`,`停车费用,`,`0.02000,`0.54%,`3.00,`0.00,`
`2026-04-11 15:39:22,`wxfc262f382d61c3db,`1723333380,`0,`,`4200003054202604110508591485,`769980d2c27b481f8d19a32cf6331b9c,`obt9Lvg1N1WOo-6ppdFTiaeQReXM,`JSAPI,`SUCCESS,`OTHERS,`CNY,`15.00,`0.00,`0,`0,`0.00,`0.00,`,`,`停车费用,`,`0.08000,`0.54%,`15.00,`0.00,`
`2026-04-11 19:04:15,`wxfc262f382d61c3db,`1723333380,`0,`,`4200003054202604119146060799,`d6b67fdf00434bc883522af655c052f1,`obt9LvkV8DRyCSnKO3gchYidbCOA,`JSAPI,`SUCCESS,`OTHERS,`CNY,`3.00,`0.00,`0,`0,`0.00,`0.00,`,`,`停车费用,`,`0.02000,`0.54%,`3.00,`0.00,`
`2026-04-11 21:31:59,`wxfc262f382d61c3db,`1723333380,`0,`,`4200003055202604110949569491,`6bbc33e9ce9e47d189d2aab6734c5047,`obt9Lvun1dP_Y-WPT2M1aLS84HN8,`JSAPI,`SUCCESS,`ABC_DEBIT,`CNY,`3.00,`0.00,`0,`0,`0.00,`0.00,`,`,`停车费用,`,`0.02000,`0.54%,`3.00,`0.00,`
`2026-04-11 10:44:10,`wxfc262f382d61c3db,`1723333380,`0,`,`4200003055202604118488697976,`ead5db30074b486c8de40cbb264898cd,`obt9Lvn7T6PA4BfChDcWRg4jsgnY,`JSAPI,`SUCCESS,`OTHERS,`CNY,`3.00,`0.00,`0,`0,`0.00,`0.00,`,`,`停车费用,`,`0.02000,`0.54%,`3.00,`0.00,`
`2026-04-11 18:20:46,`wxfc262f382d61c3db,`1723333380,`0,`,`4200003055202604118531463715,`34a38361cc53452290b2d6b7520a46aa,`obt9LvivnQBYwXl97yddg1D2GKus,`JSAPI,`SUCCESS,`OTHERS,`CNY,`21.00,`0.00,`0,`0,`0.00,`0.00,`,`,`停车费用,`,`0.11000,`0.54%,`21.00,`0.00,`
`2026-04-11 14:51:04,`wxfc262f382d61c3db,`1723333380,`0,`,`4200003056202604111094547539,`dfb7ca9004654f15847d48e6c8c169a5,`obt9LviGR0oUUCxG04HTKieo0bO8,`JSAPI,`SUCCESS,`OTHERS,`CNY,`30.00,`0.00,`0,`0,`0.00,`0.00,`,`,`停车费用,`,`0.16000,`0.54%,`30.00,`0.00,`
`2026-04-11 16:14:00,`wxfc262f382d61c3db,`1723333380,`0,`,`4200003056202604115296147555,`05516035f8ee4f10abc729caa7f7aaa6,`obt9Lvt8BLrQWBKzcBff7sbcPkhA,`JSAPI,`SUCCESS,`OTHERS,`CNY,`9.00,`0.00,`0,`0,`0.00,`0.00,`,`,`停车费用,`,`0.05000,`0.54%,`9.00,`0.00,`
`2026-04-11 19:54:11,`wxfc262f382d61c3db,`1723333380,`0,`,`4200003056202604117524465380,`d34e342d8baa4c1a94381bcc5cb6c27b,`obt9LvqMRK2r1NM_4KeY85zRaAvw,`JSAPI,`SUCCESS,`OTHERS,`CNY,`9.00,`0.00,`0,`0,`0.00,`0.00,`,`,`停车费用,`,`0.05000,`0.54%,`9.00,`0.00,`
`2026-04-11 16:10:53,`wxfc262f382d61c3db,`1723333380,`0,`,`4200003056202604118718776081,`57032bb315bf4ba89c5a1a3679850ec1,`obt9LvjjfHj-ZLmPhNn9bNkEojvQ,`JSAPI,`SUCCESS,`OTHERS,`CNY,`3.00,`0.00,`0,`0,`0.00,`0.00,`,`,`停车费用,`,`0.02000,`0.54%,`3.00,`0.00,`
`2026-04-11 17:37:01,`wxfc262f382d61c3db,`1723333380,`0,`,`4200003056202604119455330090,`8155a17bbdd349f49359e5856de71b9c,`obt9LvtZwAilL4Yi8ie6qNk7YXiM,`JSAPI,`SUCCESS,`ABC_CREDIT,`CNY,`6.00,`0.00,`0,`0,`0.00,`0.00,`,`,`停车费用,`,`0.03000,`0.54%,`6.00,`0.00,`
`2026-04-11 18:34:24,`wxfc262f382d61c3db,`1723333380,`0,`,`4200003057202604114126400066,`1911920f95fb4373b01ae2db0b8bcc60,`obt9LvqxNuwfW99xoTidARQttOGY,`JSAPI,`SUCCESS,`OTHERS,`CNY,`3.00,`0.00,`0,`0,`0.00,`0.00,`,`,`停车费用,`,`0.02000,`0.54%,`3.00,`0.00,`
`2026-04-11 17:43:08,`wxfc262f382d61c3db,`1723333380,`0,`,`4200003058202604119965700879,`4c6b143ecb234665881e0bcf4280671a,`obt9LvqSETr52mbdGDDdkOBlUlLY,`JSAPI,`SUCCESS,`OTHERS,`CNY,`3.00,`0.00,`0,`0,`0.00,`0.00,`,`,`停车费用,`,`0.02000,`0.54%,`3.00,`0.00,`
`2026-04-11 18:59:31,`wxfc262f382d61c3db,`1723333380,`0,`,`4200003059202604112848839350,`fa824305f6674cb3b95b104a4d92ee5a,`obt9Lvu4mC2AFvPhsVohnB6KljsY,`JSAPI,`SUCCESS,`OTHERS,`CNY,`6.00,`0.00,`0,`0,`0.00,`0.00,`,`,`停车费用,`,`0.03000,`0.54%,`6.00,`0.00,`
`2026-04-11 19:48:29,`wxfc262f382d61c3db,`1723333380,`0,`,`4200003060202604112163239002,`e970e7ee3a084391aa7261c9e20dfad1,`obt9LvmMLR7yZPJxCLoH8C_iYiY4,`JSAPI,`SUCCESS,`OTHERS,`CNY,`3.00,`0.00,`0,`0,`0.00,`0.00,`,`,`停车费用,`,`0.02000,`0.54%,`3.00,`0.00,`
`2026-04-11 19:06:12,`wxfc262f382d61c3db,`1723333380,`0,`,`4200003060202604112811858977,`cc5c4a9602a9409c99fd0878e2833255,`obt9LvsFV1LNScJa1GoZOTgf0_q0,`JSAPI,`SUCCESS,`OTHERS,`CNY,`6.00,`0.00,`0,`0,`0.00,`0.00,`,`,`停车费用,`,`0.03000,`0.54%,`6.00,`0.00,`
`2026-04-11 22:24:25,`wxfc262f382d61c3db,`1723333380,`0,`,`4200003060202604116927488263,`dcf686f746ab444d9f59b42a8bf514c0,`obt9Lvo4ThkZI1xfnAPSUR1DC4Xw,`JSAPI,`SUCCESS,`CCB_DEBIT,`CNY,`9.00,`0.00,`0,`0,`0.00,`0.00,`,`,`停车费用,`,`0.05000,`0.54%,`9.00,`0.00,`
`2026-04-11 17:56:10,`wxfc262f382d61c3db,`1723333380,`0,`,`4200003061202604110587789222,`75d6a23c6c974067884c8444c9dc6e4e,`obt9LvgPE-kYDi5SD-sk3vUKhVYI,`JSAPI,`SUCCESS,`CCB_DEBIT,`CNY,`6.00,`0.00,`0,`0,`0.00,`0.00,`,`,`停车费用,`,`0.03000,`0.54%,`6.00,`0.00,`
`2026-04-11 14:27:29,`wxfc262f382d61c3db,`1723333380,`0,`,`4200003061202604111776934277,`594df5e864984f599f30474ac81564b4,`obt9LvqYJxEAIhT7jzN-98eR1meM,`JSAPI,`SUCCESS,`OTHERS,`CNY,`3.00,`0.00,`0,`0,`0.00,`0.00,`,`,`停车费用,`,`0.02000,`0.54%,`3.00,`0.00,`
`2026-04-11 16:42:47,`wxfc262f382d61c3db,`1723333380,`0,`,`4200003061202604112406773276,`255dda9ae72a48d4ae19b765cb187f07,`obt9LvsP15QrU85gJmqzz6uQ1FDQ,`JSAPI,`SUCCESS,`OTHERS,`CNY,`3.00,`0.00,`0,`0,`0.00,`0.00,`,`,`停车费用,`,`0.02000,`0.54%,`3.00,`0.00,`
`2026-04-11 19:26:15,`wxfc262f382d61c3db,`1723333380,`0,`,`4200003061202604114919798116,`2e8e9f28be48435291adcfcca9a561e8,`obt9Lvnj8Hgz-m1ppTp0dnDYtIoQ,`JSAPI,`SUCCESS,`OTHERS,`CNY,`3.00,`0.00,`0,`0,`0.00,`0.00,`,`,`停车费用,`,`0.02000,`0.54%,`3.00,`0.00,`
`2026-04-11 21:12:53,`wxfc262f382d61c3db,`1723333380,`0,`,`4200003061202604117697596702,`c4f1fa442001476ea6fed9a0e47a938e,`obt9Lvs7x7DQnnT0kfB8es8Ldtzs,`JSAPI,`SUCCESS,`OTHERS,`CNY,`6.00,`0.00,`0,`0,`0.00,`0.00,`,`,`停车费用,`,`0.03000,`0.54%,`6.00,`0.00,`
`2026-04-11 20:51:03,`wxfc262f382d61c3db,`1723333380,`0,`,`4200003062202604117593171007,`647a9f8d844f4f98b5ce51f2d09ee082,`obt9LvhiT_k225TGgcvCrxmtsfHw,`JSAPI,`SUCCESS,`OTHERS,`CNY,`12.00,`0.00,`0,`0,`0.00,`0.00,`,`,`停车费用,`,`0.06000,`0.54%,`12.00,`0.00,`
`2026-04-11 20:55:49,`wxfc262f382d61c3db,`1723333380,`0,`,`4200003062202604118288182072,`512350d8930f41759a095d5238cdfb89,`obt9LviuBW4bY8nFEcPQL7ZL_WXE,`JSAPI,`SUCCESS,`OTHERS,`CNY,`9.00,`0.00,`0,`0,`0.00,`0.00,`,`,`停车费用,`,`0.05000,`0.54%,`9.00,`0.00,`
`2026-04-11 15:08:16,`wxfc262f382d61c3db,`1723333380,`0,`,`4200003062202604119026135446,`2cbe256b39ca4f3aa935460541c8d107,`obt9Lvsp6iPqXcLYMtPYnVpYz_0Q,`JSAPI,`SUCCESS,`OTHERS,`CNY,`9.00,`0.00,`0,`0,`0.00,`0.00,`,`,`停车费用,`,`0.05000,`0.54%,`9.00,`0.00,`
`2026-04-11 14:00:07,`wxfc262f382d61c3db,`1723333380,`0,`,`4200003063202604113502113004,`72fb98f65a8346269b3fe42421ad62a4,`obt9Lvpcfc7enHtsyXjOTdUiHPTg,`JSAPI,`SUCCESS,`OTHERS,`CNY,`3.00,`0.00,`0,`0,`0.00,`0.00,`,`,`停车费用,`,`0.02000,`0.54%,`3.00,`0.00,`
`2026-04-11 17:46:05,`wxfc262f382d61c3db,`1723333380,`0,`,`4200003063202604117419190099,`29a5448199204064a06c7d41c7f60ef2,`obt9LvoPdnOkN61ZLVAjSQQX3HBk,`JSAPI,`SUCCESS,`ICBC_DEBIT,`CNY,`3.00,`0.00,`0,`0,`0.00,`0.00,`,`,`停车费用,`,`0.02000,`0.54%,`3.00,`0.00,`
`2026-04-11 11:43:15,`wxfc262f382d61c3db,`1723333380,`0,`,`4200003063202604118697032731,`3c3565dca20a45a0a205156490dc61e0,`obt9LvhGNGU1iy0__FKTvDJVVcsg,`JSAPI,`SUCCESS,`OTHERS,`CNY,`3.00,`0.00,`0,`0,`0.00,`0.00,`,`,`停车费用,`,`0.02000,`0.54%,`3.00,`0.00,`
`2026-04-11 18:07:33,`wxfc262f382d61c3db,`1723333380,`0,`,`4200003065202604112092870612,`282a7a2f787f44b4b90d7f4461f29802,`obt9Lvpp3D0BPamRMGp1Yf6isfQo,`JSAPI,`SUCCESS,`OTHERS,`CNY,`3.00,`0.00,`0,`0,`0.00,`0.00,`,`,`停车费用,`,`0.02000,`0.54%,`3.00,`0.00,`
`2026-04-11 17:42:43,`wxfc262f382d61c3db,`1723333380,`0,`,`4200003065202604113203584923,`7ea2baee580d4d028456c51936921c3d,`obt9LvkKJwmygwJRZsdN-EJ0MUnw,`JSAPI,`SUCCESS,`OTHERS,`CNY,`9.00,`0.00,`0,`0,`0.00,`0.00,`,`,`停车费用,`,`0.05000,`0.54%,`9.00,`0.00,`
`2026-04-11 17:45:11,`wxfc262f382d61c3db,`1723333380,`0,`,`4200003065202604115109881822,`53325ecb548b4fe3b3317a1ca6b5d199,`obt9Lvm0IjO6hTv52_ejNf4reeIE,`JSAPI,`SUCCESS,`OTHERS,`CNY,`3.00,`0.00,`0,`0,`0.00,`0.00,`,`,`停车费用,`,`0.02000,`0.54%,`3.00,`0.00,`
`2026-04-11 19:03:46,`wxfc262f382d61c3db,`1723333380,`0,`,`4200003066202604110298377406,`ce075e3fc6444b52999111320ec2c7a3,`obt9LvsX8ikzz1BW0KpKK4dYH64c,`JSAPI,`SUCCESS,`ICBC_DEBIT,`CNY,`6.00,`0.00,`0,`0,`0.00,`0.00,`,`,`停车费用,`,`0.03000,`0.54%,`6.00,`0.00,`
`2026-04-11 16:41:04,`wxfc262f382d61c3db,`1723333380,`0,`,`4200003066202604112684413697,`3834dba74f8648e0ba91374545b96274,`obt9Lvo8DkRT9qE65H9SpIBvuHDI,`JSAPI,`SUCCESS,`OTHERS,`CNY,`3.00,`0.00,`0,`0,`0.00,`0.00,`,`,`停车费用,`,`0.02000,`0.54%,`3.00,`0.00,`
`2026-04-11 20:50:18,`wxfc262f382d61c3db,`1723333380,`0,`,`4200003068202604116574843767,`a1aed07de6184d0085d08f5643ad6b66,`obt9LvhPzZRNXJsWyAEgzxHa11Nc,`JSAPI,`SUCCESS,`OTHERS,`CNY,`3.00,`0.00,`0,`0,`0.00,`0.00,`,`,`停车费用,`,`0.02000,`0.54%,`3.00,`0.00,`
`2026-04-11 18:55:59,`wxfc262f382d61c3db,`1723333380,`0,`,`4200003069202604112331776353,`ded6ae1c50ee406b947244ec3d03b5fd,`obt9LvqwVFXBq3W3xEpvzSwk3m8s,`JSAPI,`SUCCESS,`OTHERS,`CNY,`6.00,`0.00,`0,`0,`0.00,`0.00,`,`,`停车费用,`,`0.03000,`0.54%,`6.00,`0.00,`
`2026-04-11 17:35:11,`wxfc262f382d61c3db,`1723333380,`0,`,`4200003069202604114009664249,`c2db344e54004e399a2d69c1dc3630f0,`obt9LvmN4y8MBFEOSM3VlMAqUyUw,`JSAPI,`SUCCESS,`OTHERS,`CNY,`9.00,`0.00,`0,`0,`0.00,`0.00,`,`,`停车费用,`,`0.05000,`0.54%,`9.00,`0.00,`
`2026-04-11 21:03:52,`wxfc262f382d61c3db,`1723333380,`0,`,`4200003070202604112336819999,`fa86067dd29a44d9bc4b656636e6d78b,`obt9LvsVcR7iEg6BkRem3nX4eYKs,`JSAPI,`SUCCESS,`CCB_DEBIT,`CNY,`6.00,`0.00,`0,`0,`0.00,`0.00,`,`,`停车费用,`,`0.03000,`0.54%,`6.00,`0.00,`
`2026-04-11 18:02:43,`wxfc262f382d61c3db,`1723333380,`0,`,`4200003070202604113803195329,`f2c27a012a6044cb83cbe54ec43ea9db,`obt9LvsJs23HjLmbZwRqFv0RuZxk,`JSAPI,`SUCCESS,`OTHERS,`CNY,`3.00,`0.00,`0,`0,`0.00,`0.00,`,`,`停车费用,`,`0.02000,`0.54%,`3.00,`0.00,`
`2026-04-11 16:52:36,`wxfc262f382d61c3db,`1723333380,`0,`,`4200003070202604118185577827,`85d5212dfa2a42599b0bf23150975eac,`obt9LvixhHEkT7pJggaZYK8JCapQ,`JSAPI,`SUCCESS,`OTHERS,`CNY,`3.00,`0.00,`0,`0,`0.00,`0.00,`,`,`停车费用,`,`0.02000,`0.54%,`3.00,`0.00,`
`2026-04-11 20:05:39,`wxfc262f382d61c3db,`1723333380,`0,`,`4200003071202604113943075380,`a164c84d9d394fcaa783fa4e7b94faf2,`obt9LvsRUfmRevafNh7i12zot684,`JSAPI,`SUCCESS,`OTHERS,`CNY,`9.00,`0.00,`0,`0,`0.00,`0.00,`,`,`停车费用,`,`0.05000,`0.54%,`9.00,`0.00,`
`2026-04-11 17:45:08,`wxfc262f382d61c3db,`1723333380,`0,`,`4200003072202604113201325138,`83dcf94e33e64dc09739c837efe26863,`obt9LvvjPytyEPZ9MD_XKXIhN6_o,`JSAPI,`SUCCESS,`CCB_DEBIT,`CNY,`3.00,`0.00,`0,`0,`0.00,`0.00,`,`,`停车费用,`,`0.02000,`0.54%,`3.00,`0.00,`
`2026-04-11 18:01:29,`wxfc262f382d61c3db,`1723333380,`0,`,`4200003073202604112435778977,`90c2e6fa43494842b57d41c877772261,`obt9LvoPuUUqRarOHAilIV-scejw,`JSAPI,`SUCCESS,`OTHERS,`CNY,`3.00,`0.00,`0,`0,`0.00,`0.00,`,`,`停车费用,`,`0.02000,`0.54%,`3.00,`0.00,`
`2026-04-11 16:43:59,`wxfc262f382d61c3db,`1723333380,`0,`,`4200003074202604114585069083,`41b2db567c6c49c7aff30f3d296f6b4c,`obt9LviYpa6XcVTdaC18PWBIvdso,`JSAPI,`SUCCESS,`OTHERS,`CNY,`3.00,`0.00,`0,`0,`0.00,`0.00,`,`,`停车费用,`,`0.02000,`0.54%,`3.00,`0.00,`
`2026-04-11 14:42:52,`wxfc262f382d61c3db,`1723333380,`0,`,`4200003074202604116319023960,`b21ace71668e401dbc08ce2791dfddf1,`obt9LvoPdnOkN61ZLVAjSQQX3HBk,`JSAPI,`SUCCESS,`ICBC_DEBIT,`CNY,`15.00,`0.00,`0,`0,`0.00,`0.00,`,`,`停车费用,`,`0.08000,`0.54%,`15.00,`0.00,`
`2026-04-11 14:13:06,`wxfc262f382d61c3db,`1723333380,`0,`,`4200003076202604115314421135,`6025a1b751554973a117ddef14a99cd6,`obt9LvqsOlJRWs3R7QVv0b-gAGVE,`JSAPI,`SUCCESS,`CMB_CREDIT,`CNY,`9.00,`0.00,`0,`0,`0.00,`0.00,`,`,`停车费用,`,`0.05000,`0.54%,`9.00,`0.00,`
`2026-04-11 16:15:44,`wxfc262f382d61c3db,`1723333380,`0,`,`4200003077202604111816704295,`6e57a94f46cd4b648e3120e6f803c128,`obt9Lvls7TOz93CStLG9X_QvliRo,`JSAPI,`SUCCESS,`HRXJB_CREDIT,`CNY,`3.00,`0.00,`0,`0,`0.00,`0.00,`,`,`停车费用,`,`0.02000,`0.54%,`3.00,`0.00,`
`2026-04-11 21:05:23,`wxfc262f382d61c3db,`1723333380,`0,`,`4200003078202604111260820046,`6eb7a51288004daa8f27cdc0cbbce6ae,`obt9Lvg5d5s3Y8A4PldHnL9Z1POU,`JSAPI,`SUCCESS,`CCB_DEBIT,`CNY,`6.00,`0.00,`0,`0,`0.00,`0.00,`,`,`停车费用,`,`0.03000,`0.54%,`6.00,`0.00,`
`2026-04-11 14:01:09,`wxfc262f382d61c3db,`1723333380,`0,`,`4200003078202604112655356925,`fa0166f665e54cdf8e7f4337819ab228,`obt9LvkoAATHHABlL89ahqjDj5x8,`JSAPI,`SUCCESS,`OTHERS,`CNY,`6.00,`0.00,`0,`0,`0.00,`0.00,`,`,`停车费用,`,`0.03000,`0.54%,`6.00,`0.00,`
`2026-04-11 12:21:07,`wxfc262f382d61c3db,`1723333380,`0,`,`4200003078202604117874649101,`decbe3dd6d5844e0a6c2258853a2d0ae,`obt9LvmN4y8MBFEOSM3VlMAqUyUw,`JSAPI,`SUCCESS,`OTHERS,`CNY,`6.00,`0.00,`0,`0,`0.00,`0.00,`,`,`停车费用,`,`0.03000,`0.54%,`6.00,`0.00,`
`2026-04-11 14:09:14,`wxfc262f382d61c3db,`1723333380,`0,`,`4200003078202604119654529946,`d43632e471f54a55a8e87905ee5cac50,`obt9Lvg7pM3ZNZbkV6JXbsR28JA0,`JSAPI,`SUCCESS,`OTHERS,`CNY,`3.00,`0.00,`0,`0,`0.00,`0.00,`,`,`停车费用,`,`0.02000,`0.54%,`3.00,`0.00,`
`2026-04-11 11:55:17,`wxfc262f382d61c3db,`1723333380,`0,`,`4200003079202604117010208470,`bd51b45ff30848b9a2fdec614522434a,`obt9LvqbpbSoZ4Mo8C7-g2cElj2E,`JSAPI,`SUCCESS,`OTHERS,`CNY,`3.00,`0.00,`0,`0,`0.00,`0.00,`,`,`停车费用,`,`0.02000,`0.54%,`3.00,`0.00,`
`2026-04-11 13:04:39,`wxfc262f382d61c3db,`1723333380,`0,`,`4200003080202604111514627260,`fdf85e2e86ad46049a60b5be7150dcee,`obt9Lvi6VPuEwc7bl-h7NoT8dVGk,`JSAPI,`SUCCESS,`PAB_CREDIT,`CNY,`6.00,`0.00,`0,`0,`0.00,`0.00,`,`,`停车费用,`,`0.03000,`0.54%,`6.00,`0.00,`
`2026-04-11 21:19:35,`wxfc262f382d61c3db,`1723333380,`0,`,`4200003081202604113350928983,`1743f05d9f7d4699a7d2899e314877d2,`obt9LvnXbhEMOgZdCYPxCfndsUyo,`JSAPI,`SUCCESS,`PAB_CREDIT,`CNY,`15.00,`0.00,`0,`0,`0.00,`0.00,`,`,`停车费用,`,`0.08000,`0.54%,`15.00,`0.00,`
`2026-04-11 18:16:29,`wxfc262f382d61c3db,`1723333380,`0,`,`4200003081202604116514353666,`f84de5bdfe934030a77541fdd6112681,`obt9Lvg4ZVZiWCb1BbesG0557suE,`JSAPI,`SUCCESS,`OTHERS,`CNY,`6.00,`0.00,`0,`0,`0.00,`0.00,`,`,`停车费用,`,`0.03000,`0.54%,`6.00,`0.00,`
`2026-04-11 13:55:56,`wxfc262f382d61c3db,`1723333380,`0,`,`4200003081202604117241922280,`9cbea530650d456a87131d43b4ff3a69,`obt9LvgXZD5bFTPzIfoJZZTrg5BM,`JSAPI,`SUCCESS,`HRXJB_DEBIT,`CNY,`3.00,`0.00,`0,`0,`0.00,`0.00,`,`,`停车费用,`,`0.02000,`0.54%,`3.00,`0.00,`
`2026-04-11 23:02:42,`wxfc262f382d61c3db,`1723333380,`0,`,`4200003081202604119229724700,`9e1569464dc54707bc1243bef71b938b,`obt9LvjRAtyZdYBMuTrF7ezHmbFk,`JSAPI,`SUCCESS,`OTHERS,`CNY,`9.00,`0.00,`0,`0,`0.00,`0.00,`,`,`停车费用,`,`0.05000,`0.54%,`9.00,`0.00,`
`2026-04-11 20:35:28,`wxfc262f382d61c3db,`1723333380,`0,`,`4200003082202604110259060787,`f4eca558589745f6a659c213ebdb5dbe,`obt9LvpU_PJDOv36OyRhPKZyg1k8,`JSAPI,`SUCCESS,`OTHERS,`CNY,`3.00,`0.00,`0,`0,`0.00,`0.00,`,`,`停车费用,`,`0.02000,`0.54%,`3.00,`0.00,`
`2026-04-11 13:11:35,`wxfc262f382d61c3db,`1723333380,`0,`,`4200003082202604110648443741,`3b67ab56d09e43089506475dfefa77a2,`obt9Lvq6ZnlIHBg2EoqKz80yM71o,`JSAPI,`SUCCESS,`OTHERS,`CNY,`6.00,`0.00,`0,`0,`0.00,`0.00,`,`,`停车费用,`,`0.03000,`0.54%,`6.00,`0.00,`
`2026-04-11 16:46:55,`wxfc262f382d61c3db,`1723333380,`0,`,`4200003082202604117349212994,`141dba11c5a746cca8a9690be45bef18,`obt9LvtNGq2JWWG2BZmxSBpABe1Q,`JSAPI,`SUCCESS,`OTHERS,`CNY,`3.00,`0.00,`0,`0,`0.00,`0.00,`,`,`停车费用,`,`0.02000,`0.54%,`3.00,`0.00,`
`2026-04-11 19:21:19,`wxfc262f382d61c3db,`1723333380,`0,`,`4200003083202604114881449617,`3cc0be6a6c764b308bc842072e1a1bf4,`obt9LvnxlV15TwNmf36L3Vc5Mv2w,`JSAPI,`SUCCESS,`BOC_DEBIT,`CNY,`6.00,`0.00,`0,`0,`0.00,`0.00,`,`,`停车费用,`,`0.03000,`0.54%,`6.00,`0.00,`
`2026-04-11 13:29:25,`wxfc262f382d61c3db,`1723333380,`0,`,`4200003083202604115009281942,`574c92f205a742ac8490d457d56ad393,`obt9LviO146Qpy6agML4Jw7sxkmU,`JSAPI,`SUCCESS,`CCB_DEBIT,`CNY,`6.00,`0.00,`0,`0,`0.00,`0.00,`,`,`停车费用,`,`0.03000,`0.54%,`6.00,`0.00,`
`2026-04-11 19:07:07,`wxfc262f382d61c3db,`1723333380,`0,`,`4200003085202604114945692719,`879cb14c8c1e4549877dc09bb95c2ce5,`obt9LvvikqVTCI6s3cMYZm7pdWGA,`JSAPI,`SUCCESS,`OTHERS,`CNY,`6.00,`0.00,`0,`0,`0.00,`0.00,`,`,`停车费用,`,`0.03000,`0.54%,`6.00,`0.00,`
`2026-04-11 18:58:38,`wxfc262f382d61c3db,`1723333380,`0,`,`4200003086202604115764081644,`8eb9b8a5aac24b2186334abf1739561b,`obt9LvtAvoVBq7X01WjDG_6qBiZM,`JSAPI,`SUCCESS,`CCB_DEBIT,`CNY,`9.00,`0.00,`0,`0,`0.00,`0.00,`,`,`停车费用,`,`0.05000,`0.54%,`9.00,`0.00,`
`2026-04-11 18:11:59,`wxfc262f382d61c3db,`1723333380,`0,`,`4200003089202604110132533604,`c054aacd28f54a9ba78634fc09c1c96b,`obt9LvuW5G6hBz-RqvIgcZGWuVPs,`JSAPI,`SUCCESS,`OTHERS,`CNY,`3.00,`0.00,`0,`0,`0.00,`0.00,`,`,`停车费用,`,`0.02000,`0.54%,`3.00,`0.00,`
`2026-04-11 12:30:08,`wxfc262f382d61c3db,`1723333380,`0,`,`4200003089202604111838134061,`255447fa6ae14322af7f135a4d2c4a28,`obt9LvnReBqyiH8jwX99y-EJPlUE,`JSAPI,`SUCCESS,`OTHERS,`CNY,`3.00,`0.00,`0,`0,`0.00,`0.00,`,`,`停车费用,`,`0.02000,`0.54%,`3.00,`0.00,`
`2026-04-11 22:15:24,`wxfc262f382d61c3db,`1723333380,`0,`,`4200003089202604113017854123,`0a3cf1277692433993f05c1b602171f2,`obt9Lvq6ZnlIHBg2EoqKz80yM71o,`JSAPI,`SUCCESS,`OTHERS,`CNY,`6.00,`0.00,`0,`0,`0.00,`0.00,`,`,`停车费用,`,`0.03000,`0.54%,`6.00,`0.00,`
`2026-04-11 18:37:42,`wxfc262f382d61c3db,`1723333380,`0,`,`4200003089202604119750002106,`23f30e7cede644d7ac69bee0d4d5baf5,`obt9LvgiGAAJguO_Q6C03w7vg6xQ,`JSAPI,`SUCCESS,`CCB_DEBIT,`CNY,`9.00,`0.00,`0,`0,`0.00,`0.00,`,`,`停车费用,`,`0.05000,`0.54%,`9.00,`0.00,`
`2026-04-11 17:12:58,`wxfc262f382d61c3db,`1723333380,`0,`,`4200003090202604110683517708,`d9b5f95ce79f4620a6698b85d1019d37,`obt9LvrHDKp1SOVaGUWOesBN06Dw,`JSAPI,`SUCCESS,`OTHERS,`CNY,`6.00,`0.00,`0,`0,`0.00,`0.00,`,`,`停车费用,`,`0.03000,`0.54%,`6.00,`0.00,`
`2026-04-11 15:50:08,`wxfc262f382d61c3db,`1723333380,`0,`,`4200003090202604115394104400,`1e352106f36f45ed9127fe35990f4557,`obt9LvguKCHaIkQVEpKh3OVuoNzk,`JSAPI,`SUCCESS,`OTHERS,`CNY,`6.00,`0.00,`0,`0,`0.00,`0.00,`,`,`停车费用,`,`0.03000,`0.54%,`6.00,`0.00,`
`2026-04-11 21:12:33,`wxfc262f382d61c3db,`1723333380,`0,`,`4200003091202604114212481963,`da808c912c2b41dea469c68e75b03e8e,`obt9Lvp8P6GHMblTWbBFGHBkavZU,`JSAPI,`SUCCESS,`PAB_CREDIT,`CNY,`3.00,`0.00,`0,`0,`0.00,`0.00,`,`,`停车费用,`,`0.02000,`0.54%,`3.00,`0.00,`
`2026-04-11 17:40:53,`wxfc262f382d61c3db,`1723333380,`0,`,`4200003092202604111572214763,`b982d5f5ac12494a83847629cb676eb8,`obt9Lvrs5zYMu0i21z_kL41Enu0c,`JSAPI,`SUCCESS,`CSCB_CREDIT,`CNY,`3.00,`0.00,`0,`0,`0.00,`0.00,`,`,`停车费用,`,`0.02000,`0.54%,`3.00,`0.00,`
`2026-04-11 12:57:41,`wxfc262f382d61c3db,`1723333380,`0,`,`4200003092202604117488748084,`9d902309586d4c55aa310c56508ec20e,`obt9LvrRtWhRNBUxL6rIJYWxgkR4,`JSAPI,`SUCCESS,`OTHERS,`CNY,`6.00,`0.00,`0,`0,`0.00,`0.00,`,`,`停车费用,`,`0.03000,`0.54%,`6.00,`0.00,`
`2026-04-11 17:20:29,`wxfc262f382d61c3db,`1723333380,`0,`,`4200003093202604118426659832,`b48112330ebc4d0f9e38ddda456b1504,`obt9Lvpvkf2GynHG5YtEuT9egecc,`JSAPI,`SUCCESS,`OTHERS,`CNY,`3.00,`0.00,`0,`0,`0.00,`0.00,`,`,`停车费用,`,`0.02000,`0.54%,`3.00,`0.00,`
`2026-04-11 09:25:29,`wxfc262f382d61c3db,`1723333380,`0,`,`4200003095202604113351055745,`f0b6323f6711425790f3186ec1c6be38,`obt9LvvjoTADfjv6OFB-7lgnDMck,`JSAPI,`SUCCESS,`CCB_DEBIT,`CNY,`21.00,`0.00,`0,`0,`0.00,`0.00,`,`,`停车费用,`,`0.11000,`0.54%,`21.00,`0.00,`
`2026-04-11 16:09:28,`wxfc262f382d61c3db,`1723333380,`0,`,`4200003096202604112333493351,`d028e43cd5f847ca948f0d2f244ffea1,`obt9Lvh0-4Lnz7RZOHEmdJTyEAYk,`JSAPI,`SUCCESS,`OTHERS,`CNY,`9.00,`0.00,`0,`0,`0.00,`0.00,`,`,`停车费用,`,`0.05000,`0.54%,`9.00,`0.00,`
`2026-04-11 21:45:47,`wxfc262f382d61c3db,`1723333380,`0,`,`4200003127202604114538590813,`f61c4939004d4b75b1ae6d5d34867ed2,`obt9Lvqv9AAqxRnsyRUYCXyGwdxE,`JSAPI,`SUCCESS,`CCB_CREDIT,`CNY,`3.00,`0.00,`0,`0,`0.00,`0.00,`,`,`停车费用,`,`0.02000,`0.54%,`3.00,`0.00,`
`2026-04-11 19:33:57,`wxfc262f382d61c3db,`1723333380,`0,`,`4200003127202604119963306760,`a054f156df7746758ec2d47807d7d5eb,`obt9LvnOkoMF9pDceXltgktvgqHI,`JSAPI,`SUCCESS,`OTHERS,`CNY,`3.00,`0.00,`0,`0,`0.00,`0.00,`,`,`停车费用,`,`0.02000,`0.54%,`3.00,`0.00,`
`2026-04-11 12:19:55,`wxfc262f382d61c3db,`1723333380,`0,`,`4200003128202604110612552125,`7f0198209168474380b9fe6c4efb439c,`obt9LvvUtBCVibTjHrqPtdBvFDmg,`JSAPI,`SUCCESS,`BOC_DEBIT,`CNY,`3.00,`0.00,`0,`0,`0.00,`0.00,`,`,`停车费用,`,`0.02000,`0.54%,`3.00,`0.00,`
`2026-04-11 20:37:31,`wxfc262f382d61c3db,`1723333380,`0,`,`4200003128202604113373933607,`fc8af49ee6384287be65d20b4443e868,`obt9LvnORxciKLnBhq9co9mR8FlI,`JSAPI,`SUCCESS,`OTHERS,`CNY,`3.00,`0.00,`0,`0,`0.00,`0.00,`,`,`停车费用,`,`0.02000,`0.54%,`3.00,`0.00,`
`2026-04-11 22:45:13,`wxfc262f382d61c3db,`1723333380,`0,`,`4200003128202604114706293134,`440adb7dd5c84884ab3dca925e7074ab,`obt9LvgikPQhPUfFsfHbAVOAxHSA,`JSAPI,`SUCCESS,`OTHERS,`CNY,`3.00,`0.00,`0,`0,`0.00,`0.00,`,`,`停车费用,`,`0.02000,`0.54%,`3.00,`0.00,`
`2026-04-11 18:59:46,`wxfc262f382d61c3db,`1723333380,`0,`,`4200003128202604118413154995,`6260662785514066aa4d95cc51e98c33,`obt9LvuREsFCeGgWrf1_JZLyJQg0,`JSAPI,`SUCCESS,`OTHERS,`CNY,`6.00,`0.00,`0,`0,`0.00,`0.00,`,`,`停车费用,`,`0.03000,`0.54%,`6.00,`0.00,`
`2026-04-11 14:39:47,`wxfc262f382d61c3db,`1723333380,`0,`,`4200003129202604110315048278,`2a8173b8a73b42f0b48d9bbc77ae2d12,`obt9Lvrvj0f-E75SxIo2SF1eMMjs,`JSAPI,`SUCCESS,`OTHERS,`CNY,`3.00,`0.00,`0,`0,`0.00,`0.00,`,`,`停车费用,`,`0.02000,`0.54%,`3.00,`0.00,`
`2026-04-11 17:55:21,`wxfc262f382d61c3db,`1723333380,`0,`,`4200003129202604116899045304,`168dcb41c9954364bbab59f1547de6e0,`obt9LvkUYK1RBYXSJJ268f1hROFs,`JSAPI,`SUCCESS,`OTHERS,`CNY,`3.00,`0.00,`0,`0,`0.00,`0.00,`,`,`停车费用,`,`0.02000,`0.54%,`3.00,`0.00,`
`2026-04-11 20:00:48,`wxfc262f382d61c3db,`1723333380,`0,`,`4200003129202604118804764240,`3ef9a1c4169649d3b1da65eff5ac73c6,`obt9Lvk76GOFnfqSAsnN2j2VdH5w,`JSAPI,`SUCCESS,`OTHERS,`CNY,`3.00,`0.00,`0,`0,`0.00,`0.00,`,`,`停车费用,`,`0.02000,`0.54%,`3.00,`0.00,`
`2026-04-11 15:02:06,`wxfc262f382d61c3db,`1723333380,`0,`,`4200003132202604115686740868,`33731b98405b4a949207991036530993,`obt9LvoyDCH-CeVzg3KIN1vaD3wM,`JSAPI,`SUCCESS,`OTHERS,`CNY,`12.00,`0.00,`0,`0,`0.00,`0.00,`,`,`停车费用,`,`0.06000,`0.54%,`12.00,`0.00,`
`2026-04-11 16:37:22,`wxfc262f382d61c3db,`1723333380,`0,`,`4200003133202604113987320060,`a82b5c5454ba4719a784b6fc8c935115,`obt9Lvm0HKa1QzK4XG7FkntwygSA,`JSAPI,`SUCCESS,`OTHERS,`CNY,`3.00,`0.00,`0,`0,`0.00,`0.00,`,`,`停车费用,`,`0.02000,`0.54%,`3.00,`0.00,`
`2026-04-11 13:39:50,`wxfc262f382d61c3db,`1723333380,`0,`,`4200003134202604110636114008,`9620e15784684b1fa7bda624bf0085fa,`obt9Lvo8DkRT9qE65H9SpIBvuHDI,`JSAPI,`SUCCESS,`OTHERS,`CNY,`6.00,`0.00,`0,`0,`0.00,`0.00,`,`,`停车费用,`,`0.03000,`0.54%,`6.00,`0.00,`
`2026-04-11 20:43:20,`wxfc262f382d61c3db,`1723333380,`0,`,`4200003134202604111470715891,`5fb5096ed5bc4de2865c7c9594b4a6f7,`obt9LvmKiE3_BMoTSbRk7uUM3Rhg,`JSAPI,`SUCCESS,`OTHERS,`CNY,`3.00,`0.00,`0,`0,`0.00,`0.00,`,`,`停车费用,`,`0.02000,`0.54%,`3.00,`0.00,`
`2026-04-11 17:06:06,`wxfc262f382d61c3db,`1723333380,`0,`,`4200003134202604114615042615,`f56745ddda1e4e5a944a838330b2f712,`obt9Lvujt8zdU2psEkYkWMB0pDlw,`JSAPI,`SUCCESS,`CMB_CREDIT,`CNY,`15.00,`0.00,`0,`0,`0.00,`0.00,`,`,`停车费用,`,`0.08000,`0.54%,`15.00,`0.00,`
`2026-04-11 21:29:55,`wxfc262f382d61c3db,`1723333380,`0,`,`4200003134202604119300838006,`594c6c20d3bb4beabddbfb54adc089dd,`obt9LvvyBoBSzL7VPf3N-r0gBzn8,`JSAPI,`SUCCESS,`OTHERS,`CNY,`9.00,`0.00,`0,`0,`0.00,`0.00,`,`,`停车费用,`,`0.05000,`0.54%,`9.00,`0.00,`
`2026-04-11 17:42:24,`wxfc262f382d61c3db,`1723333380,`0,`,`4200003134202604119314444259,`a5fc3a85c6a04de5ab7ad84f63e26e86,`obt9LvnXs0hREUtA1jiWv1nCTRzs,`JSAPI,`SUCCESS,`PAB_CREDIT,`CNY,`3.00,`0.00,`0,`0,`0.00,`0.00,`,`,`停车费用,`,`0.02000,`0.54%,`3.00,`0.00,`
`2026-04-11 16:51:33,`wxfc262f382d61c3db,`1723333380,`0,`,`4200003135202604113536805543,`12025fdd0bda49228ce806a82733f7d0,`obt9LvqsbduezPP6g_g-QjupdOSc,`JSAPI,`SUCCESS,`OTHERS,`CNY,`6.00,`0.00,`0,`0,`0.00,`0.00,`,`,`停车费用,`,`0.03000,`0.54%,`6.00,`0.00,`
`2026-04-11 13:41:40,`wxfc262f382d61c3db,`1723333380,`0,`,`4200003136202604114977231147,`13035e138a0b48ae9e9616577277b260,`obt9LvkF6QIPXBKyEtdHtPcJbQ9o,`JSAPI,`SUCCESS,`OTHERS,`CNY,`3.00,`0.00,`0,`0,`0.00,`0.00,`,`,`停车费用,`,`0.02000,`0.54%,`3.00,`0.00,`
`2026-04-11 15:13:25,`wxfc262f382d61c3db,`1723333380,`0,`,`4200003137202604110805329223,`a33618a875d3453596ca48ed1d5191c4,`obt9Lvssj7IZGZMFiFBhiBUFmGh8,`JSAPI,`SUCCESS,`OTHERS,`CNY,`3.00,`0.00,`0,`0,`0.00,`0.00,`,`,`停车费用,`,`0.02000,`0.54%,`3.00,`0.00,`
`2026-04-11 19:21:52,`wxfc262f382d61c3db,`1723333380,`0,`,`4200003137202604119205454134,`c5cad2c142ab4c0e8cf1b8516b3511a0,`obt9LvnLRaCxGXVxKMzV433mdP7U,`JSAPI,`SUCCESS,`ABC_DEBIT,`CNY,`18.00,`0.00,`0,`0,`0.00,`0.00,`,`,`停车费用,`,`0.10000,`0.54%,`18.00,`0.00,`
`2026-04-11 17:07:38,`wxfc262f382d61c3db,`1723333380,`0,`,`4200003138202604114364410078,`9f6f03464e66496b820ad18bb342c85f,`obt9LvqU2Lqwk6BHB2HQ-bafrhuU,`JSAPI,`SUCCESS,`OTHERS,`CNY,`6.00,`0.00,`0,`0,`0.00,`0.00,`,`,`停车费用,`,`0.03000,`0.54%,`6.00,`0.00,`
`2026-04-11 14:50:37,`wxfc262f382d61c3db,`1723333380,`0,`,`4200003139202604116159919465,`28a99a17842f433a9d4e0c2e527ecae5,`obt9LvunHrySjwV8IKP1Y-3EhtuY,`JSAPI,`SUCCESS,`OTHERS,`CNY,`3.00,`0.00,`0,`0,`0.00,`0.00,`,`,`停车费用,`,`0.02000,`0.54%,`3.00,`0.00,`
`2026-04-12 20:29:54,`wxfc262f382d61c3db,`1723333380,`0,`,`4200003049202604120977660507,`45e08a82f1ae463099fbd53ad1c65250,`obt9LvrM99YdeO9ShnPd2CYMisSI,`JSAPI,`SUCCESS,`OTHERS,`CNY,`9.00,`0.00,`0,`0,`0.00,`0.00,`,`,`停车费用,`,`0.05000,`0.54%,`9.00,`0.00,`
`2026-04-12 19:29:56,`wxfc262f382d61c3db,`1723333380,`0,`,`4200003052202604124842471866,`6eee096f65494515b2f08306ce2f8afc,`obt9LvsgYiBkAaU7ES25XqcRjFH4,`JSAPI,`SUCCESS,`OTHERS,`CNY,`9.00,`0.00,`0,`0,`0.00,`0.00,`,`,`停车费用,`,`0.05000,`0.54%,`9.00,`0.00,`
`2026-04-12 20:51:05,`wxfc262f382d61c3db,`1723333380,`0,`,`4200003053202604129944161761,`1d49322b14fe4929b9d0dd2f653f002c,`obt9Lvhx0ulePMT8Tg0vUVmXwbGo,`JSAPI,`SUCCESS,`OTHERS,`CNY,`9.00,`0.00,`0,`0,`0.00,`0.00,`,`,`停车费用,`,`0.05000,`0.54%,`9.00,`0.00,`
`2026-04-12 19:25:25,`wxfc262f382d61c3db,`1723333380,`0,`,`4200003055202604122405223667,`f53c4c69bdf64d58a9d155889cfe3f17,`obt9LvvvRy7vzIgeSPi-7grpUgFs,`JSAPI,`SUCCESS,`OTHERS,`CNY,`6.00,`0.00,`0,`0,`0.00,`0.00,`,`,`停车费用,`,`0.03000,`0.54%,`6.00,`0.00,`
`2026-04-12 18:02:15,`wxfc262f382d61c3db,`1723333380,`0,`,`4200003056202604121084197558,`0e12ee63a2ef448e82f4869c9fcb6055,`obt9LvmefYyMGm80gKVsIESJm1Jw,`JSAPI,`SUCCESS,`OTHERS,`CNY,`3.00,`0.00,`0,`0,`0.00,`0.00,`,`,`停车费用,`,`0.02000,`0.54%,`3.00,`0.00,`
`2026-04-12 20:56:06,`wxfc262f382d61c3db,`1723333380,`0,`,`4200003056202604126488226040,`cecb3dd5841049a7a57448850958c87c,`obt9LvtA1W3kw_nddoaH1BmUhFa8,`JSAPI,`SUCCESS,`OTHERS,`CNY,`3.00,`0.00,`0,`0,`0.00,`0.00,`,`,`停车费用,`,`0.02000,`0.54%,`3.00,`0.00,`
`2026-04-12 16:39:55,`wxfc262f382d61c3db,`1723333380,`0,`,`4200003056202604126559541862,`48914ce234fb4a43b8ed21a8233373a2,`obt9LvoRXmGUM-uxcnEo1nC-vpdc,`JSAPI,`SUCCESS,`OTHERS,`CNY,`15.00,`0.00,`0,`0,`0.00,`0.00,`,`,`停车费用,`,`0.08000,`0.54%,`15.00,`0.00,`
`2026-04-12 14:01:34,`wxfc262f382d61c3db,`1723333380,`0,`,`4200003056202604127682049901,`df50dbba8ef94b84b08c713c80ac5371,`obt9LvigRvUY4v3vy9mdzLuStl9g,`JSAPI,`SUCCESS,`BOC_DEBIT,`CNY,`3.00,`0.00,`0,`0,`0.00,`0.00,`,`,`停车费用,`,`0.02000,`0.54%,`3.00,`0.00,`
`2026-04-12 12:57:37,`wxfc262f382d61c3db,`1723333380,`0,`,`4200003057202604121425226870,`c0a5cbdec58246a5afa0ad931f2c07ff,`obt9LvpmKMru9LqgaF48vGj8CP5M,`JSAPI,`SUCCESS,`OTHERS,`CNY,`3.00,`0.00,`0,`0,`0.00,`0.00,`,`,`停车费用,`,`0.02000,`0.54%,`3.00,`0.00,`
`2026-04-12 18:29:54,`wxfc262f382d61c3db,`1723333380,`0,`,`4200003057202604129564577608,`ac8d268273024887ae2bdc10c7563ff9,`obt9Lvq6ZnlIHBg2EoqKz80yM71o,`JSAPI,`SUCCESS,`OTHERS,`CNY,`15.00,`0.00,`0,`0,`0.00,`0.00,`,`,`停车费用,`,`0.08000,`0.54%,`15.00,`0.00,`
`2026-04-12 16:56:10,`wxfc262f382d61c3db,`1723333380,`0,`,`4200003058202604129282934147,`36454e39bfb74468bc626f9d2fa32a2b,`obt9Lvrd6rQb_WWfk6xqLturJPNw,`JSAPI,`SUCCESS,`OTHERS,`CNY,`6.00,`0.00,`0,`0,`0.00,`0.00,`,`,`停车费用,`,`0.03000,`0.54%,`6.00,`0.00,`
`2026-04-12 12:42:55,`wxfc262f382d61c3db,`1723333380,`0,`,`4200003059202604122366779567,`29ca23e18b844d55a15a9fb82572ebc7,`obt9Lvnk1T64hlu5dwaVO9pNO88s,`JSAPI,`SUCCESS,`OTHERS,`CNY,`3.00,`0.00,`0,`0,`0.00,`0.00,`,`,`停车费用,`,`0.02000,`0.54%,`3.00,`0.00,`
`2026-04-12 19:17:00,`wxfc262f382d61c3db,`1723333380,`0,`,`4200003059202604125472682515,`dc8bfa3ed70841bc8b2221df6d07e97a,`obt9LvrV0R4zeYSqrJGBCNHG175k,`JSAPI,`SUCCESS,`CCB_DEBIT,`CNY,`6.00,`0.00,`0,`0,`0.00,`0.00,`,`,`停车费用,`,`0.03000,`0.54%,`6.00,`0.00,`
`2026-04-12 17:09:00,`wxfc262f382d61c3db,`1723333380,`0,`,`4200003059202604127527151535,`dd69aaad34394562a3925529eee1dcfa,`obt9Lvs1qFhQUjs7pfv_5qtvn0Ss,`JSAPI,`SUCCESS,`OTHERS,`CNY,`6.00,`0.00,`0,`0,`0.00,`0.00,`,`,`停车费用,`,`0.03000,`0.54%,`6.00,`0.00,`
`2026-04-12 16:19:37,`wxfc262f382d61c3db,`1723333380,`0,`,`4200003060202604126445527832,`ba0f1964ffde45d9bd84008be92abdf0,`obt9LvoD2q8PZAW7Q2VtpPOA0VPU,`JSAPI,`SUCCESS,`OTHERS,`CNY,`3.00,`0.00,`0,`0,`0.00,`0.00,`,`,`停车费用,`,`0.02000,`0.54%,`3.00,`0.00,`
`2026-04-12 16:06:44,`wxfc262f382d61c3db,`1723333380,`0,`,`4200003061202604127731549946,`ce2f6e092d0143dca64ac6b6490dae12,`obt9Lvhs0FxbaRtB5y6ljmlMY5sI,`JSAPI,`SUCCESS,`OTHERS,`CNY,`6.00,`0.00,`0,`0,`0.00,`0.00,`,`,`停车费用,`,`0.03000,`0.54%,`6.00,`0.00,`
`2026-04-12 11:17:45,`wxfc262f382d61c3db,`1723333380,`0,`,`4200003063202604120013361003,`d5001c0458c24af197ee329bc4b0093a,`obt9Lvhkql5K-6A3wsqohwDlmcwk,`JSAPI,`SUCCESS,`CCB_DEBIT,`CNY,`3.00,`0.00,`0,`0,`0.00,`0.00,`,`,`停车费用,`,`0.02000,`0.54%,`3.00,`0.00,`
`2026-04-12 14:43:45,`wxfc262f382d61c3db,`1723333380,`0,`,`4200003063202604122214037127,`9622e4d17ed64d989a3d11746b418a22,`obt9LvuYC5Sa6TS6t2-aEAPYn1to,`JSAPI,`SUCCESS,`OTHERS,`CNY,`3.00,`0.00,`0,`0,`0.00,`0.00,`,`,`停车费用,`,`0.02000,`0.54%,`3.00,`0.00,`
`2026-04-12 18:48:27,`wxfc262f382d61c3db,`1723333380,`0,`,`4200003063202604125561760906,`ae963e804c8b45a494e482a044ecbccf,`obt9LvniCfazoI-WFlBV29-Regag,`JSAPI,`SUCCESS,`OTHERS,`CNY,`9.00,`0.00,`0,`0,`0.00,`0.00,`,`,`停车费用,`,`0.05000,`0.54%,`9.00,`0.00,`
`2026-04-12 17:56:47,`wxfc262f382d61c3db,`1723333380,`0,`,`4200003065202604120233559715,`8033290232d84edfadbf2478e3d24b10,`obt9LvrMOFvYVeC6bEmzFWxsm-ys,`JSAPI,`SUCCESS,`OTHERS,`CNY,`3.00,`0.00,`0,`0,`0.00,`0.00,`,`,`停车费用,`,`0.02000,`0.54%,`3.00,`0.00,`
`2026-04-12 16:06:08,`wxfc262f382d61c3db,`1723333380,`0,`,`4200003065202604123188892746,`f4887a7b0bcb4a12ad8a51f487f34121,`obt9LvpwTJFUjJ81e7EqsX95cjWQ,`JSAPI,`SUCCESS,`PAB_CREDIT,`CNY,`3.00,`0.00,`0,`0,`0.00,`0.00,`,`,`停车费用,`,`0.02000,`0.54%,`3.00,`0.00,`
`2026-04-12 21:33:15,`wxfc262f382d61c3db,`1723333380,`0,`,`4200003066202604128755689757,`9d33af7bf2dc42bd82f981ccae2c78c1,`obt9Lvn-3k3xSYOSHVEYMhydnhOI,`JSAPI,`SUCCESS,`CCB_DEBIT,`CNY,`3.00,`0.00,`0,`0,`0.00,`0.00,`,`,`停车费用,`,`0.02000,`0.54%,`3.00,`0.00,`
`2026-04-12 20:50:19,`wxfc262f382d61c3db,`1723333380,`0,`,`4200003067202604129204167038,`afcc764c5c62493fac9036a5e32cd329,`obt9LvrFfHtoxQ9WtfRNlPVFUKuQ,`JSAPI,`SUCCESS,`CITIC_CREDIT,`CNY,`21.00,`0.00,`0,`0,`0.00,`0.00,`,`,`停车费用,`,`0.11000,`0.54%,`21.00,`0.00,`
`2026-04-12 20:25:44,`wxfc262f382d61c3db,`1723333380,`0,`,`4200003068202604122234193696,`30dc391e3d6849c4800460bd90ebe2d6,`obt9LvslySBEAat_giYTiFcs1CU8,`JSAPI,`SUCCESS,`ICBC_DEBIT,`CNY,`9.00,`0.00,`0,`0,`0.00,`0.00,`,`,`停车费用,`,`0.05000,`0.54%,`9.00,`0.00,`
`2026-04-12 18:46:10,`wxfc262f382d61c3db,`1723333380,`0,`,`4200003069202604122019429003,`ff78ce9ee02c4414ae037041c21b41ee,`obt9LvpK0NQqX55Hcz5zmCa7HeIo,`JSAPI,`SUCCESS,`OTHERS,`CNY,`9.00,`0.00,`0,`0,`0.00,`0.00,`,`,`停车费用,`,`0.05000,`0.54%,`9.00,`0.00,`
`2026-04-12 17:45:49,`wxfc262f382d61c3db,`1723333380,`0,`,`4200003070202604129631327722,`ce02a7ca3fd44fee9c6834133b279823,`obt9LvjI1_tKjHWCKVVmoen3i_SQ,`JSAPI,`SUCCESS,`OTHERS,`CNY,`9.00,`0.00,`0,`0,`0.00,`0.00,`,`,`停车费用,`,`0.05000,`0.54%,`9.00,`0.00,`
`2026-04-12 20:21:59,`wxfc262f382d61c3db,`1723333380,`0,`,`4200003071202604120856050932,`6d784d78929145a5b76ca0e0049ce09c,`obt9LvvK1DE3gujKjdeElGHCRUeE,`JSAPI,`SUCCESS,`BANK_DEBIT,`CNY,`6.00,`0.00,`0,`0,`0.00,`0.00,`,`,`停车费用,`,`0.03000,`0.54%,`6.00,`0.00,`
`2026-04-12 16:33:30,`wxfc262f382d61c3db,`1723333380,`0,`,`4200003071202604126901605581,`21d99d481cc843599c2295e5e1601429,`obt9LvixhHEkT7pJggaZYK8JCapQ,`JSAPI,`SUCCESS,`OTHERS,`CNY,`6.00,`0.00,`0,`0,`0.00,`0.00,`,`,`停车费用,`,`0.03000,`0.54%,`6.00,`0.00,`
`2026-04-12 16:32:11,`wxfc262f382d61c3db,`1723333380,`0,`,`4200003072202604120895435976,`7d378c1389a3407aa65eabb4f0bc4f51,`obt9LvhG7irF47HZ6bTOIHSnDGAg,`JSAPI,`SUCCESS,`GDB_CREDIT,`CNY,`9.00,`0.00,`0,`0,`0.00,`0.00,`,`,`停车费用,`,`0.05000,`0.54%,`9.00,`0.00,`
`2026-04-12 16:34:01,`wxfc262f382d61c3db,`1723333380,`0,`,`4200003072202604124078216803,`da0ebd61d1114f46a9d62c4b57c9b541,`obt9LvoADGiU6rZDVCXHwW3eFjV0,`JSAPI,`SUCCESS,`OTHERS,`CNY,`6.00,`0.00,`0,`0,`0.00,`0.00,`,`,`停车费用,`,`0.03000,`0.54%,`6.00,`0.00,`
`2026-04-12 18:54:36,`wxfc262f382d61c3db,`1723333380,`0,`,`4200003073202604127172945369,`5ac4088c96d64b288072b8246ce4dd40,`obt9LvuREsFCeGgWrf1_JZLyJQg0,`JSAPI,`SUCCESS,`OTHERS,`CNY,`3.00,`0.00,`0,`0,`0.00,`0.00,`,`,`停车费用,`,`0.02000,`0.54%,`3.00,`0.00,`
`2026-04-12 12:02:23,`wxfc262f382d61c3db,`1723333380,`0,`,`4200003074202604121125289119,`1330e8dc4279468cb23201d9a0d10dcd,`obt9LvgzKlicJEY5T0U3OgtrvLa8,`JSAPI,`SUCCESS,`OTHERS,`CNY,`3.00,`0.00,`0,`0,`0.00,`0.00,`,`,`停车费用,`,`0.02000,`0.54%,`3.00,`0.00,`
`2026-04-12 17:24:55,`wxfc262f382d61c3db,`1723333380,`0,`,`4200003074202604129251936094,`153d2772e77746ed8ec9f3f9f2c614d6,`obt9Lvnte2_ULIi7Q3q9aPCQXFZg,`JSAPI,`SUCCESS,`OTHERS,`CNY,`3.00,`0.00,`0,`0,`0.00,`0.00,`,`,`停车费用,`,`0.02000,`0.54%,`3.00,`0.00,`
`2026-04-12 11:31:17,`wxfc262f382d61c3db,`1723333380,`0,`,`4200003075202604126715355548,`7a3c39bc9c38428682e29cd85f6e5bdd,`obt9LvtGkh-oARJS9SDcSmDFTYaE,`JSAPI,`SUCCESS,`OTHERS,`CNY,`3.00,`0.00,`0,`0,`0.00,`0.00,`,`,`停车费用,`,`0.02000,`0.54%,`3.00,`0.00,`
`2026-04-12 16:49:43,`wxfc262f382d61c3db,`1723333380,`0,`,`4200003075202604128094436554,`b89aeec01e694b5b9c050e6a513ce43f,`obt9LvmS9h24-GTDJdhCD0ospbAY,`JSAPI,`SUCCESS,`ABC_DEBIT,`CNY,`9.00,`0.00,`0,`0,`0.00,`0.00,`,`,`停车费用,`,`0.05000,`0.54%,`9.00,`0.00,`
`2026-04-12 17:57:28,`wxfc262f382d61c3db,`1723333380,`0,`,`4200003076202604124053436843,`ab89a851fa5949d397bc8fac2c9fe74e,`obt9LvvHhbxR8OvQjazRUrP27trc,`JSAPI,`SUCCESS,`BANK_DEBIT,`CNY,`3.00,`0.00,`0,`0,`0.00,`0.00,`,`,`停车费用,`,`0.02000,`0.54%,`3.00,`0.00,`
`2026-04-12 19:28:56,`wxfc262f382d61c3db,`1723333380,`0,`,`4200003077202604125856535529,`92bd6616c45d426784a47418288ca11b,`obt9Lvrslv_cYdVotKnrwo9Ecw-4,`JSAPI,`SUCCESS,`OTHERS,`CNY,`3.00,`0.00,`0,`0,`0.00,`0.00,`,`,`停车费用,`,`0.02000,`0.54%,`3.00,`0.00,`
`2026-04-12 14:47:43,`wxfc262f382d61c3db,`1723333380,`0,`,`4200003079202604123660202126,`c46629e5411f4db4bc3faf5e71600933,`obt9LvrMOFvYVeC6bEmzFWxsm-ys,`JSAPI,`SUCCESS,`OTHERS,`CNY,`12.00,`0.00,`0,`0,`0.00,`0.00,`,`,`停车费用,`,`0.06000,`0.54%,`12.00,`0.00,`
`2026-04-12 21:13:32,`wxfc262f382d61c3db,`1723333380,`0,`,`4200003079202604124230179613,`c99e7acc3c73492c9477f95e771825c1,`obt9LvtcXnpq5D4GYYsRzvEsnPdo,`JSAPI,`SUCCESS,`OTHERS,`CNY,`3.00,`0.00,`0,`0,`0.00,`0.00,`,`,`停车费用,`,`0.02000,`0.54%,`3.00,`0.00,`
`2026-04-12 20:27:51,`wxfc262f382d61c3db,`1723333380,`0,`,`4200003081202604128317066844,`0463ba11a49a4d9c9040b791a44d9c7f,`obt9Lvh8-2isBANHLrK0BAsWlNnA,`JSAPI,`SUCCESS,`OTHERS,`CNY,`3.00,`0.00,`0,`0,`0.00,`0.00,`,`,`停车费用,`,`0.02000,`0.54%,`3.00,`0.00,`
`2026-04-12 18:49:00,`wxfc262f382d61c3db,`1723333380,`0,`,`4200003081202604128411625640,`e3f1bb3d907543849c632334bb2b7cba,`obt9LvtOlKU8duehTfnRuiVBlFWs,`JSAPI,`SUCCESS,`OTHERS,`CNY,`9.00,`0.00,`0,`0,`0.00,`0.00,`,`,`停车费用,`,`0.05000,`0.54%,`9.00,`0.00,`
`2026-04-12 17:55:02,`wxfc262f382d61c3db,`1723333380,`0,`,`4200003083202604122125513490,`de9ba5148c7b426992f407028ca3bbaa,`obt9LvnteK1BPUY-pC_sw6l5SPhw,`JSAPI,`SUCCESS,`OTHERS,`CNY,`3.00,`0.00,`0,`0,`0.00,`0.00,`,`,`停车费用,`,`0.02000,`0.54%,`3.00,`0.00,`
`2026-04-12 13:23:56,`wxfc262f382d61c3db,`1723333380,`0,`,`4200003083202604124824488983,`a294808f98b14cdc9f82bcaa27aa8edb,`obt9Lvo8NjYRxATCjN_Gwd-GVduA,`JSAPI,`SUCCESS,`OTHERS,`CNY,`6.00,`0.00,`0,`0,`0.00,`0.00,`,`,`停车费用,`,`0.03000,`0.54%,`6.00,`0.00,`
`2026-04-12 16:42:44,`wxfc262f382d61c3db,`1723333380,`0,`,`4200003083202604126025993833,`2a9a2c1d78a14bd3aa99670080ee046a,`obt9LvitGbes4RpGDBjn94k48dDU,`JSAPI,`SUCCESS,`OTHERS,`CNY,`3.00,`0.00,`0,`0,`0.00,`0.00,`,`,`停车费用,`,`0.02000,`0.54%,`3.00,`0.00,`
`2026-04-12 17:30:53,`wxfc262f382d61c3db,`1723333380,`0,`,`4200003083202604126215103832,`17b8d861d6ea482f8b91cffad0953fb2,`obt9LvtHtxbafF_6KcqnWdC-4YqE,`JSAPI,`SUCCESS,`OTHERS,`CNY,`6.00,`0.00,`0,`0,`0.00,`0.00,`,`,`停车费用,`,`0.03000,`0.54%,`6.00,`0.00,`
`2026-04-12 19:59:27,`wxfc262f382d61c3db,`1723333380,`0,`,`4200003083202604128535034367,`c020c2d011bf414f9029fc607e584300,`obt9LvgXKADtLqpeSDJe3yOS-9hQ,`JSAPI,`SUCCESS,`PAB_CREDIT,`CNY,`12.00,`0.00,`0,`0,`0.00,`0.00,`,`,`停车费用,`,`0.06000,`0.54%,`12.00,`0.00,`
`2026-04-12 23:28:53,`wxfc262f382d61c3db,`1723333380,`0,`,`4200003084202604120757909484,`4cb7349a99424617b96f7c031020d461,`obt9LvgikPQhPUfFsfHbAVOAxHSA,`JSAPI,`SUCCESS,`OTHERS,`CNY,`3.00,`0.00,`0,`0,`0.00,`0.00,`,`,`停车费用,`,`0.02000,`0.54%,`3.00,`0.00,`
`2026-04-12 13:51:06,`wxfc262f382d61c3db,`1723333380,`0,`,`4200003084202604123328791124,`b292979816474af9ba744a7e2912fbf0,`obt9LvooV7lf_TNCuNhTh4Thu54Q,`JSAPI,`SUCCESS,`PAB_CREDIT,`CNY,`3.00,`0.00,`0,`0,`0.00,`0.00,`,`,`停车费用,`,`0.02000,`0.54%,`3.00,`0.00,`
`2026-04-12 18:52:28,`wxfc262f382d61c3db,`1723333380,`0,`,`4200003084202604124649083611,`9e0816cd74ff4b88b18bb4e2ae8e6aa0,`obt9LvnHJYs8LwsF4HoWz3ttFojo,`JSAPI,`SUCCESS,`OTHERS,`CNY,`3.00,`0.00,`0,`0,`0.00,`0.00,`,`,`停车费用,`,`0.02000,`0.54%,`3.00,`0.00,`
`2026-04-12 18:28:20,`wxfc262f382d61c3db,`1723333380,`0,`,`4200003084202604125093889922,`1d204d0840364be8971cc44527403ffc,`obt9LvsQlF0vU2rlXGM2zGxEiwYU,`JSAPI,`SUCCESS,`OTHERS,`CNY,`6.00,`0.00,`0,`0,`0.00,`0.00,`,`,`停车费用,`,`0.03000,`0.54%,`6.00,`0.00,`
`2026-04-12 16:14:56,`wxfc262f382d61c3db,`1723333380,`0,`,`4200003084202604126968468943,`a29ae91b67e949c9890d7348ec08d22d,`obt9LvuQyD4uViG-tIlzrm-ATAPU,`JSAPI,`SUCCESS,`OTHERS,`CNY,`3.00,`0.00,`0,`0,`0.00,`0.00,`,`,`停车费用,`,`0.02000,`0.54%,`3.00,`0.00,`
`2026-04-12 14:38:07,`wxfc262f382d61c3db,`1723333380,`0,`,`4200003086202604122721256150,`e8b95606b08a4eada856142f333587fa,`obt9LvrRtWhRNBUxL6rIJYWxgkR4,`JSAPI,`SUCCESS,`OTHERS,`CNY,`3.00,`0.00,`0,`0,`0.00,`0.00,`,`,`停车费用,`,`0.02000,`0.54%,`3.00,`0.00,`
`2026-04-12 15:48:06,`wxfc262f382d61c3db,`1723333380,`0,`,`4200003087202604120073703638,`15fec5652d6e4344a563fc4f78245592,`obt9LviW0mtxBg9V68fwQ_R3tdog,`JSAPI,`SUCCESS,`OTHERS,`CNY,`3.00,`0.00,`0,`0,`0.00,`0.00,`,`,`停车费用,`,`0.02000,`0.54%,`3.00,`0.00,`
`2026-04-12 18:05:13,`wxfc262f382d61c3db,`1723333380,`0,`,`4200003088202604123098904477,`f0457714be1d47e1b98c325c9d30a5bb,`obt9LvvPI6bQFmlISUBvYsddqZhk,`JSAPI,`SUCCESS,`ICBC_DEBIT,`CNY,`3.00,`0.00,`0,`0,`0.00,`0.00,`,`,`停车费用,`,`0.02000,`0.54%,`3.00,`0.00,`
`2026-04-12 18:36:02,`wxfc262f382d61c3db,`1723333380,`0,`,`4200003088202604127710343744,`aedafa6ba75c45e79f66624a06590a19,`obt9LvvWtg49-pN97IRH3ZNf6aR4,`JSAPI,`SUCCESS,`ICBC_DEBIT,`CNY,`9.00,`0.00,`0,`0,`0.00,`0.00,`,`,`停车费用,`,`0.05000,`0.54%,`9.00,`0.00,`
`2026-04-12 18:24:01,`wxfc262f382d61c3db,`1723333380,`0,`,`4200003091202604120578703111,`e18aec01bc8242fdadbe4643b9e7b79f,`obt9LvuLEZqOCPRpGRhHvonbxg4Y,`JSAPI,`SUCCESS,`OTHERS,`CNY,`9.00,`0.00,`0,`0,`0.00,`0.00,`,`,`停车费用,`,`0.05000,`0.54%,`9.00,`0.00,`
`2026-04-12 18:27:29,`wxfc262f382d61c3db,`1723333380,`0,`,`4200003091202604125526806332,`f4dc2c06d52b41bfaac28f3810353c59,`obt9Lvn5aFUEGZ4LRXExzzf6QRO8,`JSAPI,`SUCCESS,`OTHERS,`CNY,`3.00,`0.00,`0,`0,`0.00,`0.00,`,`,`停车费用,`,`0.02000,`0.54%,`3.00,`0.00,`
`2026-04-12 14:48:59,`wxfc262f382d61c3db,`1723333380,`0,`,`4200003092202604127012368272,`7bbb50b9614045ef86ccb09aa044f5df,`obt9LvqG5FpVzsI40kqhIjeED-wU,`JSAPI,`SUCCESS,`OTHERS,`CNY,`6.00,`0.00,`0,`0,`0.00,`0.00,`,`,`停车费用,`,`0.03000,`0.54%,`6.00,`0.00,`
`2026-04-12 17:19:28,`wxfc262f382d61c3db,`1723333380,`0,`,`4200003093202604121417001824,`14d3ef74d5f64868bac0097ad3def2a0,`obt9LvgbsyjQQGpWBS9_oJj5K54E,`JSAPI,`SUCCESS,`OTHERS,`CNY,`3.00,`0.00,`0,`0,`0.00,`0.00,`,`,`停车费用,`,`0.02000,`0.54%,`3.00,`0.00,`
`2026-04-12 14:05:05,`wxfc262f382d61c3db,`1723333380,`0,`,`4200003095202604123481359368,`26a41ea7a6294fca821bc969b7a19d0a,`obt9LvpROFOANdId0xw9kpRcr3R8,`JSAPI,`SUCCESS,`OTHERS,`CNY,`6.00,`0.00,`0,`0,`0.00,`0.00,`,`,`停车费用,`,`0.03000,`0.54%,`6.00,`0.00,`
`2026-04-12 19:02:56,`wxfc262f382d61c3db,`1723333380,`0,`,`4200003095202604124026826434,`249cecc6df9045678c3fedf2a8596ddc,`obt9LvqxCGU_ob5O3mjPoZDsA-wY,`JSAPI,`SUCCESS,`OTHERS,`CNY,`9.00,`0.00,`0,`0,`0.00,`0.00,`,`,`停车费用,`,`0.05000,`0.54%,`9.00,`0.00,`
`2026-04-12 20:41:10,`wxfc262f382d61c3db,`1723333380,`0,`,`4200003126202604125988712228,`f0bdfa63d09b478baf3b008daa3acc08,`obt9LvuvEYE_MJm3A3Rx4sf6xvMg,`JSAPI,`SUCCESS,`CCB_DEBIT,`CNY,`9.00,`0.00,`0,`0,`0.00,`0.00,`,`,`停车费用,`,`0.05000,`0.54%,`9.00,`0.00,`
`2026-04-12 00:04:46,`wxfc262f382d61c3db,`1723333380,`0,`,`4200003127202604123199997643,`b74b235494c344fd8503016992f95cb4,`obt9LvsAnycBkaED7Uje9roHiGvw,`JSAPI,`SUCCESS,`OTHERS,`CNY,`6.00,`0.00,`0,`0,`0.00,`0.00,`,`,`停车费用,`,`0.03000,`0.54%,`6.00,`0.00,`
`2026-04-12 12:24:57,`wxfc262f382d61c3db,`1723333380,`0,`,`4200003127202604126034661165,`1022c2bd319a4788ad9aecc6708bcbfa,`obt9LvvzTQS2rFAdmPAfcg9pEmRE,`JSAPI,`SUCCESS,`CCB_DEBIT,`CNY,`3.00,`0.00,`0,`0,`0.00,`0.00,`,`,`停车费用,`,`0.02000,`0.54%,`3.00,`0.00,`
`2026-04-12 16:12:46,`wxfc262f382d61c3db,`1723333380,`0,`,`4200003128202604122616318522,`0f2b3515d3f6491797a270c3ae1ca15d,`obt9LvnteK1BPUY-pC_sw6l5SPhw,`JSAPI,`SUCCESS,`OTHERS,`CNY,`3.00,`0.00,`0,`0,`0.00,`0.00,`,`,`停车费用,`,`0.02000,`0.54%,`3.00,`0.00,`
`2026-04-12 20:15:10,`wxfc262f382d61c3db,`1723333380,`0,`,`4200003128202604129152230143,`8929a76806f94833be064567a700a209,`obt9LviYpa6XcVTdaC18PWBIvdso,`JSAPI,`SUCCESS,`OTHERS,`CNY,`15.00,`0.00,`0,`0,`0.00,`0.00,`,`,`停车费用,`,`0.08000,`0.54%,`15.00,`0.00,`
`2026-04-12 23:25:47,`wxfc262f382d61c3db,`1723333380,`0,`,`4200003128202604129291505444,`6bb70553bf0f48d9841c6bb3dc5661cb,`obt9Lvq65pBJrE283mseNJHXupD8,`JSAPI,`SUCCESS,`OTHERS,`CNY,`3.00,`0.00,`0,`0,`0.00,`0.00,`,`,`停车费用,`,`0.02000,`0.54%,`3.00,`0.00,`
`2026-04-12 17:58:37,`wxfc262f382d61c3db,`1723333380,`0,`,`4200003129202604120696831850,`f0ddf2de181541eab8c0e44fa34de60a,`obt9LvtFgxvN-F2DlupPxnXdN1WM,`JSAPI,`SUCCESS,`OTHERS,`CNY,`6.00,`0.00,`0,`0,`0.00,`0.00,`,`,`停车费用,`,`0.03000,`0.54%,`6.00,`0.00,`
`2026-04-12 17:19:15,`wxfc262f382d61c3db,`1723333380,`0,`,`4200003130202604121759189491,`ac57dfbb5f9d401faddd351468cdd7c7,`obt9Lvrm09Rj09An0ad_uQ-5vXno,`JSAPI,`SUCCESS,`OTHERS,`CNY,`6.00,`0.00,`0,`0,`0.00,`0.00,`,`,`停车费用,`,`0.03000,`0.54%,`6.00,`0.00,`
`2026-04-12 16:57:56,`wxfc262f382d61c3db,`1723333380,`0,`,`4200003130202604125620856532,`1c477f7ceee84409a55a8c0af8064926,`obt9LvvRXXZu0uJV7WuIXfsqPexY,`JSAPI,`SUCCESS,`OTHERS,`CNY,`3.00,`0.00,`0,`0,`0.00,`0.00,`,`,`停车费用,`,`0.02000,`0.54%,`3.00,`0.00,`
`2026-04-12 18:23:23,`wxfc262f382d61c3db,`1723333380,`0,`,`4200003130202604125961359174,`1340967949434129a8b0e23caa9719a2,`obt9LvtY_2IpkaCVVgyq6AI6bjso,`JSAPI,`SUCCESS,`OTHERS,`CNY,`9.00,`0.00,`0,`0,`0.00,`0.00,`,`,`停车费用,`,`0.05000,`0.54%,`9.00,`0.00,`
`2026-04-12 17:11:13,`wxfc262f382d61c3db,`1723333380,`0,`,`4200003130202604127452992571,`89d7352b244d4012889fb8034cb911d6,`obt9Lvh1M7x_Vd_RkzSZqw1sHVmk,`JSAPI,`SUCCESS,`OTHERS,`CNY,`9.00,`0.00,`0,`0,`0.00,`0.00,`,`,`停车费用,`,`0.05000,`0.54%,`9.00,`0.00,`
`2026-04-12 08:29:32,`wxfc262f382d61c3db,`1723333380,`0,`,`4200003132202604120263179965,`c823109b4e094acb85f968fccef06a19,`obt9LvuAqeyBb7ThW8s7As-xSEcE,`JSAPI,`SUCCESS,`OTHERS,`CNY,`27.00,`0.00,`0,`0,`0.00,`0.00,`,`,`停车费用,`,`0.15000,`0.54%,`27.00,`0.00,`
`2026-04-12 21:40:17,`wxfc262f382d61c3db,`1723333380,`0,`,`4200003132202604128471775311,`8d84be2b8dc84721b40a55d53891255b,`obt9LvuRmgSt1k8gf1mX4hXcZ8MU,`JSAPI,`SUCCESS,`CSCB_DEBIT,`CNY,`3.00,`0.00,`0,`0,`0.00,`0.00,`,`,`停车费用,`,`0.02000,`0.54%,`3.00,`0.00,`
`2026-04-12 18:50:01,`wxfc262f382d61c3db,`1723333380,`0,`,`4200003133202604123007473767,`11f1c09d15784444ba899dfe64b36828,`obt9LvuJ6s0hFQEtwsrNhWshFHmM,`JSAPI,`SUCCESS,`OTHERS,`CNY,`9.00,`0.00,`0,`0,`0.00,`0.00,`,`,`停车费用,`,`0.05000,`0.54%,`9.00,`0.00,`
`2026-04-12 19:42:09,`wxfc262f382d61c3db,`1723333380,`0,`,`4200003133202604127819934087,`8cc315bc183c443e8f0076e227ce5fcf,`obt9Lvqv9AAqxRnsyRUYCXyGwdxE,`JSAPI,`SUCCESS,`CCB_CREDIT,`CNY,`3.00,`0.00,`0,`0,`0.00,`0.00,`,`,`停车费用,`,`0.02000,`0.54%,`3.00,`0.00,`
`2026-04-12 16:52:41,`wxfc262f382d61c3db,`1723333380,`0,`,`4200003133202604127826682069,`06ac4861a43142aa9de1e096389c2829,`obt9LvpZdMgTEgkdsaYI4NL1K36M,`JSAPI,`SUCCESS,`OTHERS,`CNY,`3.00,`0.00,`0,`0,`0.00,`0.00,`,`,`停车费用,`,`0.02000,`0.54%,`3.00,`0.00,`
`2026-04-12 16:03:37,`wxfc262f382d61c3db,`1723333380,`0,`,`4200003136202604122082729760,`f13a6eae28c840e4bc99c0f1d4f69b4c,`obt9LvkbeRMPj3y1oYNuKru1M6fY,`JSAPI,`SUCCESS,`COMM_CREDIT,`CNY,`6.00,`0.00,`0,`0,`0.00,`0.00,`,`,`停车费用,`,`0.03000,`0.54%,`6.00,`0.00,`
`2026-04-12 15:53:04,`wxfc262f382d61c3db,`1723333380,`0,`,`4200003136202604127121558526,`033291f5d4aa44cc84deea9f232f8891,`obt9LvoEaF93nUXL6IBqejNdEM7s,`JSAPI,`SUCCESS,`OTHERS,`CNY,`9.00,`0.00,`0,`0,`0.00,`0.00,`,`,`停车费用,`,`0.05000,`0.54%,`9.00,`0.00,`
`2026-04-12 19:33:01,`wxfc262f382d61c3db,`1723333380,`0,`,`4200003138202604122994210410,`7cf54d0197c946feb87ba8dfb8da5bbd,`obt9LvlP2jmyKYL6jnV11YBASl5U,`JSAPI,`SUCCESS,`CSCB_DEBIT,`CNY,`3.00,`0.00,`0,`0,`0.00,`0.00,`,`,`停车费用,`,`0.02000,`0.54%,`3.00,`0.00,`
`2026-04-12 21:14:23,`wxfc262f382d61c3db,`1723333380,`0,`,`4200003138202604123088929044,`a553c422aa334fa288e00812eeec2538,`obt9LviyUG7M3XblvGjrSSBj3PUs,`JSAPI,`SUCCESS,`HRXJB_CREDIT,`CNY,`3.00,`0.00,`0,`0,`0.00,`0.00,`,`,`停车费用,`,`0.02000,`0.54%,`3.00,`0.00,`
`2026-04-12 14:12:40,`wxfc262f382d61c3db,`1723333380,`0,`,`4200003138202604127946125167,`d683c4d96f5945bfaa3575533750b6b7,`obt9Lvr0zKCLbth_l_4on762eYLM,`JSAPI,`SUCCESS,`OTHERS,`CNY,`30.00,`0.00,`0,`0,`0.00,`0.00,`,`,`停车费用,`,`0.16000,`0.54%,`30.00,`0.00,`
`2026-04-12 21:28:25,`wxfc262f382d61c3db,`1723333380,`0,`,`4200003139202604121319660544,`6519bcf5727b4af28703bcd8daaf2b27,`obt9LvnwePmCXsr3KOE8J6ATnGjY,`JSAPI,`SUCCESS,`OTHERS,`CNY,`18.00,`0.00,`0,`0,`0.00,`0.00,`,`,`停车费用,`,`0.10000,`0.54%,`18.00,`0.00,`
`2026-04-12 18:13:23,`wxfc262f382d61c3db,`1723333380,`0,`,`4200003139202604124429107035,`66b69d326fa24c7f96a64d159c399df2,`obt9Lvvzfz_QXl16gTY2pNwRx4WU,`JSAPI,`SUCCESS,`CCB_DEBIT,`CNY,`3.00,`0.00,`0,`0,`0.00,`0.00,`,`,`停车费用,`,`0.02000,`0.54%,`3.00,`0.00,`
`2026-04-12 15:24:23,`wxfc262f382d61c3db,`1723333380,`0,`,`4200003139202604126458208706,`ca1eac273d0144c4877340bbc80af537,`obt9LvjDKopevbO73M3t2MT4H3xA,`JSAPI,`SUCCESS,`OTHERS,`CNY,`3.00,`0.00,`0,`0,`0.00,`0.00,`,`,`停车费用,`,`0.02000,`0.54%,`3.00,`0.00,`
`2026-04-12 15:07:34,`wxfc262f382d61c3db,`1723333380,`0,`,`4200003140202604123492828600,`b1c43cef834e4264bc31e1d0d8fa870a,`obt9LvrxzGQVdefgsygOTr3KmozQ,`JSAPI,`SUCCESS,`OTHERS,`CNY,`3.00,`0.00,`0,`0,`0.00,`0.00,`,`,`停车费用,`,`0.02000,`0.54%,`3.00,`0.00,`
`2026-04-12 22:12:58,`wxfc262f382d61c3db,`1723333380,`0,`,`4200003140202604126709625482,`17f841b07c30477fb273d45cfb9ef767,`obt9LvgZJBddTU_RGU3FUCi9ZSsE,`JSAPI,`SUCCESS,`CCB_DEBIT,`CNY,`3.00,`0.00,`0,`0,`0.00,`0.00,`,`,`停车费用,`,`0.02000,`0.54%,`3.00,`0.00,`
`2026-04-13 10:51:35,`wxfc262f382d61c3db,`1723333380,`0,`,`4200003049202604130337283634,`36cb688ba9924ca1a49d9c89e3f27e32,`obt9LvsgliBiIcz_BIw2mXPvnCPQ,`JSAPI,`SUCCESS,`OTHERS,`CNY,`3.00,`0.00,`0,`0,`0.00,`0.00,`,`,`停车费用,`,`0.02000,`0.54%,`3.00,`0.00,`
`2026-04-13 16:19:02,`wxfc262f382d61c3db,`1723333380,`0,`,`4200003049202604132686973918,`3e38503fdfcf4d11912360b6548bc6b9,`obt9LvncMrQE9846_kIJORF1_pWY,`JSAPI,`SUCCESS,`OTHERS,`CNY,`3.00,`0.00,`0,`0,`0.00,`0.00,`,`,`停车费用,`,`0.02000,`0.54%,`3.00,`0.00,`
`2026-04-13 17:01:00,`wxfc262f382d61c3db,`1723333380,`0,`,`4200003050202604130302024684,`6e4d823ebd0b4b54ae2113ff5740e3b4,`obt9LvuLEZqOCPRpGRhHvonbxg4Y,`JSAPI,`SUCCESS,`OTHERS,`CNY,`6.00,`0.00,`0,`0,`0.00,`0.00,`,`,`停车费用,`,`0.03000,`0.54%,`6.00,`0.00,`
`2026-04-13 12:01:54,`wxfc262f382d61c3db,`1723333380,`0,`,`4200003050202604130827994751,`d558a2dc03474814a5ee1750fdceeb01,`obt9Lvimmub18OOHsTs1gv1Ej0Xg,`JSAPI,`SUCCESS,`OTHERS,`CNY,`3.00,`0.00,`0,`0,`0.00,`0.00,`,`,`停车费用,`,`0.02000,`0.54%,`3.00,`0.00,`
`2026-04-13 10:38:58,`wxfc262f382d61c3db,`1723333380,`0,`,`4200003050202604138381926382,`b55c6faf31644447a471f2290108f736,`obt9LvsMjGT6Qsc-PWQxnHkwfX4s,`JSAPI,`SUCCESS,`OTHERS,`CNY,`3.00,`0.00,`0,`0,`0.00,`0.00,`,`,`停车费用,`,`0.02000,`0.54%,`3.00,`0.00,`
`2026-04-13 10:41:24,`wxfc262f382d61c3db,`1723333380,`0,`,`4200003052202604131100889760,`577b71edfbcd443b91b777ed40f15d93,`obt9LvuT5jYgwdg_5o4R8O6GRVQs,`JSAPI,`SUCCESS,`OTHERS,`CNY,`3.00,`0.00,`0,`0,`0.00,`0.00,`,`,`停车费用,`,`0.02000,`0.54%,`3.00,`0.00,`
`2026-04-13 20:27:29,`wxfc262f382d61c3db,`1723333380,`0,`,`4200003052202604136296277745,`11f7fa8e958446258fc3eed80fc985ad,`obt9Lvn8-_-A_xInQVQL8Fuqyb3k,`JSAPI,`SUCCESS,`OTHERS,`CNY,`6.00,`0.00,`0,`0,`0.00,`0.00,`,`,`停车费用,`,`0.03000,`0.54%,`6.00,`0.00,`
`2026-04-13 20:59:03,`wxfc262f382d61c3db,`1723333380,`0,`,`4200003053202604138942567518,`677dd783b3e840998b52f29212126442,`obt9Lvn-3k3xSYOSHVEYMhydnhOI,`JSAPI,`SUCCESS,`CCB_DEBIT,`CNY,`3.00,`0.00,`0,`0,`0.00,`0.00,`,`,`停车费用,`,`0.02000,`0.54%,`3.00,`0.00,`
`2026-04-13 10:33:24,`wxfc262f382d61c3db,`1723333380,`0,`,`4200003056202604130735877411,`ad96402f34f14de5861362bcb37b88b9,`obt9LvjvPzk1kyKmT6sra9JS8zdo,`JSAPI,`SUCCESS,`OTHERS,`CNY,`3.00,`0.00,`0,`0,`0.00,`0.00,`,`,`停车费用,`,`0.02000,`0.54%,`3.00,`0.00,`
`2026-04-13 16:40:21,`wxfc262f382d61c3db,`1723333380,`0,`,`4200003057202604131013465627,`987592ca81694de3b6309ab7f1117bf7,`obt9LvmefYyMGm80gKVsIESJm1Jw,`JSAPI,`SUCCESS,`OTHERS,`CNY,`3.00,`0.00,`0,`0,`0.00,`0.00,`,`,`停车费用,`,`0.02000,`0.54%,`3.00,`0.00,`
`2026-04-13 19:54:45,`wxfc262f382d61c3db,`1723333380,`0,`,`4200003057202604134955674661,`08e035fed4314908a62267fcfe956487,`obt9LvptmnU5W3DQVtrrdL8SuJI0,`JSAPI,`SUCCESS,`OTHERS,`CNY,`3.00,`0.00,`0,`0,`0.00,`0.00,`,`,`停车费用,`,`0.02000,`0.54%,`3.00,`0.00,`
`2026-04-13 12:23:41,`wxfc262f382d61c3db,`1723333380,`0,`,`4200003057202604139636824994,`4134508a0b52410aa2098fc3a4547f00,`obt9LvqU2Lqwk6BHB2HQ-bafrhuU,`JSAPI,`SUCCESS,`OTHERS,`CNY,`9.00,`0.00,`0,`0,`0.00,`0.00,`,`,`停车费用,`,`0.05000,`0.54%,`9.00,`0.00,`
`2026-04-13 20:24:22,`wxfc262f382d61c3db,`1723333380,`0,`,`4200003058202604132040791371,`6e4ae1339567443d9067832f63c9ae46,`obt9LvmvA87JJ4uzkAn94C8NeEiY,`JSAPI,`SUCCESS,`CCB_DEBIT,`CNY,`6.00,`0.00,`0,`0,`0.00,`0.00,`,`,`停车费用,`,`0.03000,`0.54%,`6.00,`0.00,`
`2026-04-13 15:19:01,`wxfc262f382d61c3db,`1723333380,`0,`,`4200003058202604132320693893,`dbc6ff9b8b544034a111407986e55b4d,`obt9LvvvtQVPbUfN_U1M3eAYYWwQ,`JSAPI,`SUCCESS,`OTHERS,`CNY,`6.00,`0.00,`0,`0,`0.00,`0.00,`,`,`停车费用,`,`0.03000,`0.54%,`6.00,`0.00,`
`2026-04-13 17:27:21,`wxfc262f382d61c3db,`1723333380,`0,`,`4200003058202604133752718348,`7a2769864ce541dba224da7b2ddef434,`obt9LvusdUPQjCI2tJzGqfNx8C9o,`JSAPI,`SUCCESS,`OTHERS,`CNY,`3.00,`0.00,`0,`0,`0.00,`0.00,`,`,`停车费用,`,`0.02000,`0.54%,`3.00,`0.00,`
`2026-04-13 10:52:22,`wxfc262f382d61c3db,`1723333380,`0,`,`4200003058202604138303507743,`18b1403a17fa46e68d363fce36316471,`obt9LvlmpKA5FPIDEvm1spnsvJV4,`JSAPI,`SUCCESS,`OTHERS,`CNY,`3.00,`0.00,`0,`0,`0.00,`0.00,`,`,`停车费用,`,`0.02000,`0.54%,`3.00,`0.00,`
`2026-04-13 14:58:13,`wxfc262f382d61c3db,`1723333380,`0,`,`4200003059202604134385581154,`ba1b830fa1e74819a967331d32a16e20,`obt9LvkXugUAIEstPplagFzTeTfM,`JSAPI,`SUCCESS,`OTHERS,`CNY,`6.00,`0.00,`0,`0,`0.00,`0.00,`,`,`停车费用,`,`0.03000,`0.54%,`6.00,`0.00,`
`2026-04-13 11:51:32,`wxfc262f382d61c3db,`1723333380,`0,`,`4200003060202604136697042507,`af02329ac7504773a9341f932e38a736,`obt9Lvgh1QPILsmAEwV_x9qI6ACM,`JSAPI,`SUCCESS,`CCB_CREDIT,`CNY,`6.00,`0.00,`0,`0,`0.00,`0.00,`,`,`停车费用,`,`0.03000,`0.54%,`6.00,`0.00,`
`2026-04-13 10:41:36,`wxfc262f382d61c3db,`1723333380,`0,`,`4200003060202604138813065965,`3961b5a0c2f548a99610572773503901,`obt9LvmoPToyJEt0zYHU732LdFfA,`JSAPI,`SUCCESS,`CCB_CREDIT,`CNY,`3.00,`0.00,`0,`0,`0.00,`0.00,`,`,`停车费用,`,`0.02000,`0.54%,`3.00,`0.00,`
`2026-04-13 11:46:01,`wxfc262f382d61c3db,`1723333380,`0,`,`4200003060202604139711611363,`04e926d319414f4589dbd0c96294d757,`obt9Lvqdp-mkAVq69x8n0uG48X0Q,`JSAPI,`SUCCESS,`OTHERS,`CNY,`3.00,`0.00,`0,`0,`0.00,`0.00,`,`,`停车费用,`,`0.02000,`0.54%,`3.00,`0.00,`
`2026-04-13 16:48:47,`wxfc262f382d61c3db,`1723333380,`0,`,`4200003062202604131861041397,`24c5ed20b58a4c70a2805cccd3c2aad9,`obt9LvqU2Lqwk6BHB2HQ-bafrhuU,`JSAPI,`SUCCESS,`OTHERS,`CNY,`3.00,`0.00,`0,`0,`0.00,`0.00,`,`,`停车费用,`,`0.02000,`0.54%,`3.00,`0.00,`
`2026-04-13 18:47:35,`wxfc262f382d61c3db,`1723333380,`0,`,`4200003063202604135725945985,`6ac2617bab7d4e54b34a715d03b4d531,`obt9LvlC0rNgZGy21XrbybE1qaKc,`JSAPI,`SUCCESS,`OTHERS,`CNY,`3.00,`0.00,`0,`0,`0.00,`0.00,`,`,`停车费用,`,`0.02000,`0.54%,`3.00,`0.00,`
`2026-04-13 17:36:25,`wxfc262f382d61c3db,`1723333380,`0,`,`4200003065202604135550298668,`90e7469eacc649028031626d6e4f3d48,`obt9LvsP15QrU85gJmqzz6uQ1FDQ,`JSAPI,`SUCCESS,`OTHERS,`CNY,`6.00,`0.00,`0,`0,`0.00,`0.00,`,`,`停车费用,`,`0.03000,`0.54%,`6.00,`0.00,`
`2026-04-13 11:19:45,`wxfc262f382d61c3db,`1723333380,`0,`,`4200003067202604135002771949,`4d782d0f544542a091649481d909421a,`obt9LvrRtWhRNBUxL6rIJYWxgkR4,`JSAPI,`SUCCESS,`OTHERS,`CNY,`6.00,`0.00,`0,`0,`0.00,`0.00,`,`,`停车费用,`,`0.03000,`0.54%,`6.00,`0.00,`
`2026-04-13 17:04:20,`wxfc262f382d61c3db,`1723333380,`0,`,`4200003067202604138263117658,`e68d8670d4db4576a143d3670fbe12b7,`obt9Lvj_Phc-R88Dw9-kMWeXNI8g,`JSAPI,`SUCCESS,`ICBC_DEBIT,`CNY,`3.00,`0.00,`0,`0,`0.00,`0.00,`,`,`停车费用,`,`0.02000,`0.54%,`3.00,`0.00,`
`2026-04-13 18:47:27,`wxfc262f382d61c3db,`1723333380,`0,`,`4200003068202604134608768679,`b504e49d1d3749bebcfd53a12c8d3149,`obt9LvtdbhcYaAmAuPuICo94Zj0k,`JSAPI,`SUCCESS,`CCB_DEBIT,`CNY,`3.00,`0.00,`0,`0,`0.00,`0.00,`,`,`停车费用,`,`0.02000,`0.54%,`3.00,`0.00,`
`2026-04-13 11:07:22,`wxfc262f382d61c3db,`1723333380,`0,`,`4200003073202604136584540950,`ad4e5cd1f9314540ba351672303e2e07,`obt9LvmK4AKK6rxhWuv-olpUnUpE,`JSAPI,`SUCCESS,`OTHERS,`CNY,`3.00,`0.00,`0,`0,`0.00,`0.00,`,`,`停车费用,`,`0.02000,`0.54%,`3.00,`0.00,`
`2026-04-13 12:41:47,`wxfc262f382d61c3db,`1723333380,`0,`,`4200003074202604133958869557,`a277db7d0b044f48a818fec21492d0ce,`obt9Lvs1htLg8sqmMw8tuIe4rfg0,`JSAPI,`SUCCESS,`ABC_DEBIT,`CNY,`6.00,`0.00,`0,`0,`0.00,`0.00,`,`,`停车费用,`,`0.03000,`0.54%,`6.00,`0.00,`
`2026-04-13 10:34:52,`wxfc262f382d61c3db,`1723333380,`0,`,`4200003074202604138950237820,`cf9627a9e13d4a75baa1984675c9291f,`obt9Lvih882QTYBOXxHK5XvDBjaM,`JSAPI,`SUCCESS,`GDB_CREDIT,`CNY,`3.00,`0.00,`0,`0,`0.00,`0.00,`,`,`停车费用,`,`0.02000,`0.54%,`3.00,`0.00,`
`2026-04-13 22:24:57,`wxfc262f382d61c3db,`1723333380,`0,`,`4200003076202604133004446076,`a3138332cca94354bb9127364a3675b5,`obt9LvuLEZqOCPRpGRhHvonbxg4Y,`JSAPI,`SUCCESS,`OTHERS,`CNY,`6.00,`0.00,`0,`0,`0.00,`0.00,`,`,`停车费用,`,`0.03000,`0.54%,`6.00,`0.00,`
`2026-04-13 21:53:44,`wxfc262f382d61c3db,`1723333380,`0,`,`4200003077202604130228070217,`6e83d8d1197544fd9d72276a03526bfb,`obt9LvrkvLxKMmr3tGrOCC7atNdw,`JSAPI,`SUCCESS,`OTHERS,`CNY,`6.00,`0.00,`0,`0,`0.00,`0.00,`,`,`停车费用,`,`0.03000,`0.54%,`6.00,`0.00,`
`2026-04-13 19:51:23,`wxfc262f382d61c3db,`1723333380,`0,`,`4200003077202604137326374389,`97998c18d74742cc83345f00e8e922c5,`obt9LvtmYY69tFgGc3zGHgoEqSQY,`JSAPI,`SUCCESS,`CITIC_CREDIT,`CNY,`12.00,`0.00,`0,`0,`0.00,`0.00,`,`,`停车费用,`,`0.06000,`0.54%,`12.00,`0.00,`
`2026-04-13 10:41:52,`wxfc262f382d61c3db,`1723333380,`0,`,`4200003079202604137546213953,`7991c7bd90c04d54900b8bab6f9d1ca0,`obt9LvtGkh-oARJS9SDcSmDFTYaE,`JSAPI,`SUCCESS,`OTHERS,`CNY,`3.00,`0.00,`0,`0,`0.00,`0.00,`,`,`停车费用,`,`0.02000,`0.54%,`3.00,`0.00,`
`2026-04-13 17:32:59,`wxfc262f382d61c3db,`1723333380,`0,`,`4200003080202604135634635126,`ad583f7874604d3688b29afbc6798b91,`obt9LvgzKlicJEY5T0U3OgtrvLa8,`JSAPI,`SUCCESS,`PAB_CREDIT,`CNY,`3.00,`0.00,`0,`0,`0.00,`0.00,`,`,`停车费用,`,`0.02000,`0.54%,`3.00,`0.00,`
`2026-04-13 19:21:28,`wxfc262f382d61c3db,`1723333380,`0,`,`4200003082202604139501412480,`f6a8a9578aef441ea0b98595350717c7,`obt9Lvn4IEneAzC0Am1xuHJObC54,`JSAPI,`SUCCESS,`OTHERS,`CNY,`3.00,`0.00,`0,`0,`0.00,`0.00,`,`,`停车费用,`,`0.02000,`0.54%,`3.00,`0.00,`
`2026-04-13 10:44:54,`wxfc262f382d61c3db,`1723333380,`0,`,`4200003083202604133185982705,`016745af2b47401684d2dd54c71d9997,`obt9LvjTwk2dF6EVe3juxggHh-5M,`JSAPI,`SUCCESS,`PAB_CREDIT,`CNY,`3.00,`0.00,`0,`0,`0.00,`0.00,`,`,`停车费用,`,`0.02000,`0.54%,`3.00,`0.00,`
`2026-04-13 21:07:20,`wxfc262f382d61c3db,`1723333380,`0,`,`4200003083202604138004595882,`42af87e0843b44af89e35a4cd13d0eab,`obt9LviYpa6XcVTdaC18PWBIvdso,`JSAPI,`SUCCESS,`OTHERS,`CNY,`3.00,`0.00,`0,`0,`0.00,`0.00,`,`,`停车费用,`,`0.02000,`0.54%,`3.00,`0.00,`
`2026-04-13 11:18:25,`wxfc262f382d61c3db,`1723333380,`0,`,`4200003084202604131774565344,`31913d768f4f41ee8248255d0e1ee0a3,`obt9LvgUoUHOMQmCawZS_Ud8gCcE,`JSAPI,`SUCCESS,`COMM_CREDIT,`CNY,`3.00,`0.00,`0,`0,`0.00,`0.00,`,`,`停车费用,`,`0.02000,`0.54%,`3.00,`0.00,`
`2026-04-13 10:54:05,`wxfc262f382d61c3db,`1723333380,`0,`,`4200003085202604138358342033,`ea1aef19b78a4c568a6f91e325f80b54,`obt9LvmkaN95nor9sQh7HH7S-Iqc,`JSAPI,`SUCCESS,`OTHERS,`CNY,`3.00,`0.00,`0,`0,`0.00,`0.00,`,`,`停车费用,`,`0.02000,`0.54%,`3.00,`0.00,`
`2026-04-13 18:42:13,`wxfc262f382d61c3db,`1723333380,`0,`,`4200003086202604130906886590,`179ea92bc4604afaa0cb2de218e78093,`obt9Lvo6yznaykJiRdjBy_nDgGLs,`JSAPI,`SUCCESS,`OTHERS,`CNY,`6.00,`0.00,`0,`0,`0.00,`0.00,`,`,`停车费用,`,`0.03000,`0.54%,`6.00,`0.00,`
`2026-04-13 16:50:59,`wxfc262f382d61c3db,`1723333380,`0,`,`4200003086202604131057539059,`3242104db1c44f1b8739fa948f2c0fbe,`obt9LvmN4y8MBFEOSM3VlMAqUyUw,`JSAPI,`SUCCESS,`OTHERS,`CNY,`3.00,`0.00,`0,`0,`0.00,`0.00,`,`,`停车费用,`,`0.02000,`0.54%,`3.00,`0.00,`
`2026-04-13 20:49:07,`wxfc262f382d61c3db,`1723333380,`0,`,`4200003086202604133451123376,`633b7e3be9aa4450bc43e039a1002c55,`obt9LvlWYRz6YW0K0of1qTHXo9-o,`JSAPI,`SUCCESS,`OTHERS,`CNY,`3.00,`0.00,`0,`0,`0.00,`0.00,`,`,`停车费用,`,`0.02000,`0.54%,`3.00,`0.00,`
`2026-04-13 10:31:35,`wxfc262f382d61c3db,`1723333380,`0,`,`4200003087202604135941660481,`2134124bffe642f38a269fda0d79330e,`obt9LvvkuRyB0VnAw_Ik5-54kTeQ,`JSAPI,`SUCCESS,`PAB_CREDIT,`CNY,`3.00,`0.00,`0,`0,`0.00,`0.00,`,`,`停车费用,`,`0.02000,`0.54%,`3.00,`0.00,`
`2026-04-13 11:52:45,`wxfc262f382d61c3db,`1723333380,`0,`,`4200003089202604138350371926,`95069c55616f4cbd8affda2c5b354aca,`obt9LvgzKlicJEY5T0U3OgtrvLa8,`JSAPI,`SUCCESS,`OTHERS,`CNY,`6.00,`0.00,`0,`0,`0.00,`0.00,`,`,`停车费用,`,`0.03000,`0.54%,`6.00,`0.00,`
`2026-04-13 11:19:32,`wxfc262f382d61c3db,`1723333380,`0,`,`4200003090202604131101934789,`3a07fbfbfdbc4eecbf8f233b6011f99a,`obt9LvgllfCrA_Fwxx0p14TUDohg,`JSAPI,`SUCCESS,`OTHERS,`CNY,`3.00,`0.00,`0,`0,`0.00,`0.00,`,`,`停车费用,`,`0.02000,`0.54%,`3.00,`0.00,`
`2026-04-13 17:29:53,`wxfc262f382d61c3db,`1723333380,`0,`,`4200003090202604132063782060,`d2869adfed3141ceb6aa906c9ff81304,`obt9LvmAbRCQRcFNAy2xPks2qHYg,`JSAPI,`SUCCESS,`OTHERS,`CNY,`3.00,`0.00,`0,`0,`0.00,`0.00,`,`,`停车费用,`,`0.02000,`0.54%,`3.00,`0.00,`
`2026-04-13 14:09:15,`wxfc262f382d61c3db,`1723333380,`0,`,`4200003092202604130914426963,`2cd5b75e94aa441889782e4203534fda,`obt9Lvr0Hojg08rUojWU7mD8QdEM,`JSAPI,`SUCCESS,`OTHERS,`CNY,`3.00,`0.00,`0,`0,`0.00,`0.00,`,`,`停车费用,`,`0.02000,`0.54%,`3.00,`0.00,`
`2026-04-13 12:35:07,`wxfc262f382d61c3db,`1723333380,`0,`,`4200003095202604139670681163,`84134845a3eb4b529d638fcc2733a252,`obt9LviBVPu1GYpANvfGWD6rDXFk,`JSAPI,`SUCCESS,`OTHERS,`CNY,`6.00,`0.00,`0,`0,`0.00,`0.00,`,`,`停车费用,`,`0.03000,`0.54%,`6.00,`0.00,`
`2026-04-13 12:08:31,`wxfc262f382d61c3db,`1723333380,`0,`,`4200003096202604130726561253,`a6ce5597816e4956b8eff35e3c4129ef,`obt9LvjVd5t_HSdZ7g2hQnArO-z0,`JSAPI,`SUCCESS,`CCB_DEBIT,`CNY,`6.00,`0.00,`0,`0,`0.00,`0.00,`,`,`停车费用,`,`0.03000,`0.54%,`6.00,`0.00,`
`2026-04-13 16:32:43,`wxfc262f382d61c3db,`1723333380,`0,`,`4200003096202604131321900896,`38a2aa5ad8af44a5b991141352b5f7a8,`obt9LvpKmnrQeSlM4Qt5CJX2jJfA,`JSAPI,`SUCCESS,`CMB_CREDIT,`CNY,`3.00,`0.20,`0,`0,`0.00,`0.00,`,`,`停车费用,`,`0.02000,`0.54%,`3.00,`0.00,`
`2026-04-13 07:59:39,`wxfc262f382d61c3db,`1723333380,`0,`,`4200003126202604133006009163,`30358c100fd74b209840e5ce32b27178,`obt9LvqvDhHcI_fNWgJGe90HxVaw,`JSAPI,`SUCCESS,`OTHERS,`CNY,`27.00,`0.00,`0,`0,`0.00,`0.00,`,`,`停车费用,`,`0.15000,`0.54%,`27.00,`0.00,`
`2026-04-13 10:39:49,`wxfc262f382d61c3db,`1723333380,`0,`,`4200003126202604135264605066,`d401b8b7daa945a18d3c0b66af1c4d27,`obt9LvqBiJWHGSdJLx1R0AIGXorU,`JSAPI,`SUCCESS,`OTHERS,`CNY,`3.00,`0.00,`0,`0,`0.00,`0.00,`,`,`停车费用,`,`0.02000,`0.54%,`3.00,`0.00,`
`2026-04-13 10:50:53,`wxfc262f382d61c3db,`1723333380,`0,`,`4200003126202604139294585821,`e7d993e9db6949d4bb052980270e3edd,`obt9LvqD9m8kn5qRo1IswMwOOIus,`JSAPI,`SUCCESS,`OTHERS,`CNY,`3.00,`0.00,`0,`0,`0.00,`0.00,`,`,`停车费用,`,`0.02000,`0.54%,`3.00,`0.00,`
`2026-04-13 14:08:20,`wxfc262f382d61c3db,`1723333380,`0,`,`4200003127202604138982661077,`178783eee5ed408bb2c6c2f4bf147b70,`obt9LvgJz_mJYja7ntffocbgc0BQ,`JSAPI,`SUCCESS,`HRXJB_DEBIT,`CNY,`9.00,`0.00,`0,`0,`0.00,`0.00,`,`,`停车费用,`,`0.05000,`0.54%,`9.00,`0.00,`
`2026-04-13 11:53:33,`wxfc262f382d61c3db,`1723333380,`0,`,`4200003129202604131845231024,`9cd5f91eb4f846259d19fab8656713cd,`obt9LvqC1F6UBewL1DTG46m8UKXs,`JSAPI,`SUCCESS,`OTHERS,`CNY,`6.00,`0.00,`0,`0,`0.00,`0.00,`,`,`停车费用,`,`0.03000,`0.54%,`6.00,`0.00,`
`2026-04-13 21:27:43,`wxfc262f382d61c3db,`1723333380,`0,`,`4200003129202604134948729324,`7adadb00cfa84a228ec0ce698f1095a9,`obt9LvvyBoBSzL7VPf3N-r0gBzn8,`JSAPI,`SUCCESS,`OTHERS,`CNY,`3.00,`0.00,`0,`0,`0.00,`0.00,`,`,`停车费用,`,`0.02000,`0.54%,`3.00,`0.00,`
`2026-04-13 12:12:01,`wxfc262f382d61c3db,`1723333380,`0,`,`4200003131202604136567998831,`a9cf47f08cdc40498aeee758cb6ecc0a,`obt9Lvsy2KROu3gOKX8akRmnlP58,`JSAPI,`SUCCESS,`OTHERS,`CNY,`3.00,`0.00,`0,`0,`0.00,`0.00,`,`,`停车费用,`,`0.02000,`0.54%,`3.00,`0.00,`
`2026-04-13 11:29:30,`wxfc262f382d61c3db,`1723333380,`0,`,`4200003131202604136760873324,`e8ac392523c0438fa7ac7e2b891a7126,`obt9Lvg9mZvPghx-2DeTg6wTjo-k,`JSAPI,`SUCCESS,`OTHERS,`CNY,`6.00,`0.00,`0,`0,`0.00,`0.00,`,`,`停车费用,`,`0.03000,`0.54%,`6.00,`0.00,`
`2026-04-13 20:11:29,`wxfc262f382d61c3db,`1723333380,`0,`,`4200003131202604138889700273,`4cb63dea550b4eef872d79f03612eb14,`obt9LvgJz_mJYja7ntffocbgc0BQ,`JSAPI,`SUCCESS,`HRXJB_DEBIT,`CNY,`6.00,`0.00,`0,`0,`0.00,`0.00,`,`,`停车费用,`,`0.03000,`0.54%,`6.00,`0.00,`
`2026-04-13 07:37:04,`wxfc262f382d61c3db,`1723333380,`0,`,`4200003132202604131979789625,`2a70ba37e26642c7ab2d183f6b3ce529,`obt9Lvt_ok1DKsorLNSViQBLT_Ug,`JSAPI,`SUCCESS,`OTHERS,`CNY,`15.00,`0.00,`0,`0,`0.00,`0.00,`,`,`停车费用,`,`0.08000,`0.54%,`15.00,`0.00,`
`2026-04-13 12:00:59,`wxfc262f382d61c3db,`1723333380,`0,`,`4200003132202604132858336265,`79e2ba2a2c4b4b4f8b737f6f2a65aadb,`obt9LvpKmnrQeSlM4Qt5CJX2jJfA,`JSAPI,`SUCCESS,`OTHERS,`CNY,`3.00,`0.00,`0,`0,`0.00,`0.00,`,`,`停车费用,`,`0.02000,`0.54%,`3.00,`0.00,`
`2026-04-13 11:05:34,`wxfc262f382d61c3db,`1723333380,`0,`,`4200003132202604133392644193,`5b20e49d749f412a8223dfcd966b1ae6,`obt9LvibkcAsY7PqZa8XeXHynP0I,`JSAPI,`SUCCESS,`PAB_CREDIT,`CNY,`3.00,`0.00,`0,`0,`0.00,`0.00,`,`,`停车费用,`,`0.02000,`0.54%,`3.00,`0.00,`
`2026-04-13 11:20:37,`wxfc262f382d61c3db,`1723333380,`0,`,`4200003132202604137703981082,`5ccc0a3934aa4e5bb74e6a42c9726acb,`obt9LvmrHrz_C5K0AMX1u67ZFWwg,`JSAPI,`SUCCESS,`OTHERS,`CNY,`3.00,`0.00,`0,`0,`0.00,`0.00,`,`,`停车费用,`,`0.02000,`0.54%,`3.00,`0.00,`
`2026-04-13 23:37:19,`wxfc262f382d61c3db,`1723333380,`0,`,`4200003133202604135625591009,`c70b6a04c22e4ca9bb06bd3bf8a7034a,`obt9LvmocprIp9WHtYotnaQjBXtA,`JSAPI,`SUCCESS,`OTHERS,`CNY,`9.00,`0.00,`0,`0,`0.00,`0.00,`,`,`停车费用,`,`0.05000,`0.54%,`9.00,`0.00,`
`2026-04-13 12:00:41,`wxfc262f382d61c3db,`1723333380,`0,`,`4200003134202604132416530230,`3ca992d9ce734f4fafb1bc452fa7cb5e,`obt9Lvkvo3eByxWpMtIfUllZW3Es,`JSAPI,`SUCCESS,`CCB_DEBIT,`CNY,`6.00,`0.00,`0,`0,`0.00,`0.00,`,`,`停车费用,`,`0.03000,`0.54%,`6.00,`0.00,`
`2026-04-13 10:40:55,`wxfc262f382d61c3db,`1723333380,`0,`,`4200003134202604132920149617,`81348b82423a47c78f98be96e122739c,`obt9LvpkWCu4sk41dvEOCNvufDuo,`JSAPI,`SUCCESS,`OTHERS,`CNY,`3.00,`0.00,`0,`0,`0.00,`0.00,`,`,`停车费用,`,`0.02000,`0.54%,`3.00,`0.00,`
`2026-04-13 11:00:38,`wxfc262f382d61c3db,`1723333380,`0,`,`4200003134202604138939721001,`eb093db8dc4849cda71f9351d2e02788,`obt9LvvFlP8wX5MdxpWwUjkWapCY,`JSAPI,`SUCCESS,`PAB_CREDIT,`CNY,`3.00,`0.00,`0,`0,`0.00,`0.00,`,`,`停车费用,`,`0.02000,`0.54%,`3.00,`0.00,`
`2026-04-13 14:53:29,`wxfc262f382d61c3db,`1723333380,`0,`,`4200003136202604131028951362,`5e7c1439f7d143bf8b45634a448fbc95,`obt9LvnBbY9ZSLx4KtgNj-cVNF3k,`JSAPI,`SUCCESS,`OTHERS,`CNY,`9.00,`0.00,`0,`0,`0.00,`0.00,`,`,`停车费用,`,`0.05000,`0.54%,`9.00,`0.00,`
`2026-04-13 11:06:07,`wxfc262f382d61c3db,`1723333380,`0,`,`4200003136202604135139380394,`d22da83d7ced4407b8bc81f234314238,`obt9LvmN4y8MBFEOSM3VlMAqUyUw,`JSAPI,`SUCCESS,`OTHERS,`CNY,`3.00,`0.00,`0,`0,`0.00,`0.00,`,`,`停车费用,`,`0.02000,`0.54%,`3.00,`0.00,`
`2026-04-13 19:43:12,`wxfc262f382d61c3db,`1723333380,`0,`,`4200003136202604138452184911,`466789982d314ccdaf98aad1eeee948d,`obt9Lvo--nctgBXulequbIWXizOE,`JSAPI,`SUCCESS,`CCB_DEBIT,`CNY,`6.00,`0.00,`0,`0,`0.00,`0.00,`,`,`停车费用,`,`0.03000,`0.54%,`6.00,`0.00,`
`2026-04-13 20:58:11,`wxfc262f382d61c3db,`1723333380,`0,`,`4200003137202604133090449920,`2955b16abb0b40b9a89fc2de7eabb8dd,`obt9LvoIdUe_yJggvKaMGjxb-wMU,`JSAPI,`SUCCESS,`OTHERS,`CNY,`3.00,`0.00,`0,`0,`0.00,`0.00,`,`,`停车费用,`,`0.02000,`0.54%,`3.00,`0.00,`
`2026-04-13 22:23:38,`wxfc262f382d61c3db,`1723333380,`0,`,`4200003138202604132895097839,`dfc3e70ef3ac4fa7b90b0e1aeba0081f,`obt9Lvo__Xdf5N63aGwcADz2sb00,`JSAPI,`SUCCESS,`OTHERS,`CNY,`6.00,`0.00,`0,`0,`0.00,`0.00,`,`,`停车费用,`,`0.03000,`0.54%,`6.00,`0.00,`
`2026-04-13 12:01:15,`wxfc262f382d61c3db,`1723333380,`0,`,`4200003138202604135466621899,`65c5fd3364b94ed2b1d6cc5adf8ef8cd,`obt9Lvss__01bD9wsU0vINDfNIMs,`JSAPI,`SUCCESS,`OTHERS,`CNY,`6.00,`0.00,`0,`0,`0.00,`0.00,`,`,`停车费用,`,`0.03000,`0.54%,`6.00,`0.00,`
`2026-04-13 10:45:28,`wxfc262f382d61c3db,`1723333380,`0,`,`4200003139202604136941296538,`903669dee97f460d99fc17f0d81b65e3,`obt9LvvkEiyuH5pn_cE8158XOAUY,`JSAPI,`SUCCESS,`OTHERS,`CNY,`3.00,`0.00,`0,`0,`0.00,`0.00,`,`,`停车费用,`,`0.02000,`0.54%,`3.00,`0.00,`
`2026-04-13 15:11:20,`wxfc262f382d61c3db,`1723333380,`0,`,`4200003140202604135555457325,`81ece9be1e304739af82f2b2f6dbb4c8,`obt9LvgZJBddTU_RGU3FUCi9ZSsE,`JSAPI,`SUCCESS,`CCB_DEBIT,`CNY,`12.00,`0.00,`0,`0,`0.00,`0.00,`,`,`停车费用,`,`0.06000,`0.54%,`12.00,`0.00,`
`2026-04-14 15:33:38,`wxfc262f382d61c3db,`1723333380,`0,`,`4200003051202604143320252145,`b73b017e885244a3a91d72d403c4a68b,`obt9Lvl-5UtXGbhNiGpW2M3exZWI,`JSAPI,`SUCCESS,`OTHERS,`CNY,`9.00,`0.00,`0,`0,`0.00,`0.00,`,`,`停车费用,`,`0.05000,`0.54%,`9.00,`0.00,`
`2026-04-14 11:17:13,`wxfc262f382d61c3db,`1723333380,`0,`,`4200003051202604146190736335,`b0f7c884e8f946daa3a4f6bee18c996d,`obt9LvtGkh-oARJS9SDcSmDFTYaE,`JSAPI,`SUCCESS,`OTHERS,`CNY,`3.00,`0.00,`0,`0,`0.00,`0.00,`,`,`停车费用,`,`0.02000,`0.54%,`3.00,`0.00,`
`2026-04-14 14:56:14,`wxfc262f382d61c3db,`1723333380,`0,`,`4200003051202604146599596047,`9c18949aed7a408983856ed38baff8a7,`obt9LvhNmellbLsaDU_v4E5FrfUQ,`JSAPI,`SUCCESS,`ABC_CREDIT,`CNY,`3.00,`0.00,`0,`0,`0.00,`0.00,`,`,`停车费用,`,`0.02000,`0.54%,`3.00,`0.00,`
`2026-04-14 21:57:49,`wxfc262f382d61c3db,`1723333380,`0,`,`4200003052202604140681365833,`869e94d0b95d41119e6e50d00f96bc77,`obt9LvjI1_tKjHWCKVVmoen3i_SQ,`JSAPI,`SUCCESS,`ABC_DEBIT,`CNY,`12.00,`0.00,`0,`0,`0.00,`0.00,`,`,`停车费用,`,`0.06000,`0.54%,`12.00,`0.00,`
`2026-04-14 11:21:57,`wxfc262f382d61c3db,`1723333380,`0,`,`4200003052202604148427500061,`c4426447fa24412bbc46b25e85334c4e,`obt9LvpdheKmq2rqoZU-e6JAIz7c,`JSAPI,`SUCCESS,`OTHERS,`CNY,`3.00,`0.00,`0,`0,`0.00,`0.00,`,`,`停车费用,`,`0.02000,`0.54%,`3.00,`0.00,`
`2026-04-14 10:39:43,`wxfc262f382d61c3db,`1723333380,`0,`,`4200003053202604142845972684,`807519f91ac246ef97a175a8b14f8a06,`obt9LvqBiJWHGSdJLx1R0AIGXorU,`JSAPI,`SUCCESS,`OTHERS,`CNY,`3.00,`0.00,`0,`0,`0.00,`0.00,`,`,`停车费用,`,`0.02000,`0.54%,`3.00,`0.00,`
`2026-04-14 10:38:18,`wxfc262f382d61c3db,`1723333380,`0,`,`4200003054202604148017660495,`723eb46215cc4fa69fa55b96bc54e92e,`obt9LvvkEiyuH5pn_cE8158XOAUY,`JSAPI,`SUCCESS,`PAB_CREDIT,`CNY,`3.00,`0.00,`0,`0,`0.00,`0.00,`,`,`停车费用,`,`0.02000,`0.54%,`3.00,`0.00,`
`2026-04-14 11:30:32,`wxfc262f382d61c3db,`1723333380,`0,`,`4200003054202604149297807451,`402e9ea0b97149379b5dbe650b97b6c4,`obt9LvhGWAkbVPWgEWdU8azYt3UU,`JSAPI,`SUCCESS,`PAB_CREDIT,`CNY,`3.00,`0.00,`0,`0,`0.00,`0.00,`,`,`停车费用,`,`0.02000,`0.54%,`3.00,`0.00,`
`2026-04-14 02:05:25,`wxfc262f382d61c3db,`1723333380,`0,`,`4200003056202604142123200311,`a8aedab4daa44506b7034093bee5ae63,`obt9LvgX03TepcxmBSb7HzJ0sU2M,`JSAPI,`SUCCESS,`GDB_CREDIT,`CNY,`18.00,`0.00,`0,`0,`0.00,`0.00,`,`,`停车费用,`,`0.10000,`0.54%,`18.00,`0.00,`
`2026-04-14 10:44:33,`wxfc262f382d61c3db,`1723333380,`0,`,`4200003056202604142488583458,`4957fde068dc4934bc8dfb9b93a2ecfc,`obt9LvsgliBiIcz_BIw2mXPvnCPQ,`JSAPI,`SUCCESS,`OTHERS,`CNY,`3.00,`0.00,`0,`0,`0.00,`0.00,`,`,`停车费用,`,`0.02000,`0.54%,`3.00,`0.00,`
`2026-04-14 17:50:41,`wxfc262f382d61c3db,`1723333380,`0,`,`4200003056202604146659799304,`94cf4eca510b4e819fc4c96d20b271b0,`obt9LvqC1F6UBewL1DTG46m8UKXs,`JSAPI,`SUCCESS,`OTHERS,`CNY,`3.00,`0.00,`0,`0,`0.00,`0.00,`,`,`停车费用,`,`0.02000,`0.54%,`3.00,`0.00,`
`2026-04-14 10:02:08,`wxfc262f382d61c3db,`1723333380,`0,`,`4200003056202604147737502407,`19807f93096048bab83d08f1aee82ab2,`obt9LvvjoTADfjv6OFB-7lgnDMck,`JSAPI,`SUCCESS,`CCB_DEBIT,`CNY,`27.00,`0.00,`0,`0,`0.00,`0.00,`,`,`停车费用,`,`0.15000,`0.54%,`27.00,`0.00,`
`2026-04-14 11:22:20,`wxfc262f382d61c3db,`1723333380,`0,`,`4200003057202604146815808875,`2090b77355f64da8a54a1793d109af46,`obt9LvgUoUHOMQmCawZS_Ud8gCcE,`JSAPI,`SUCCESS,`COMM_CREDIT,`CNY,`3.00,`0.00,`0,`0,`0.00,`0.00,`,`,`停车费用,`,`0.02000,`0.54%,`3.00,`0.00,`
`2026-04-14 19:59:14,`wxfc262f382d61c3db,`1723333380,`0,`,`4200003057202604148336059661,`7acd31c9261648a485eb05b93d5a3076,`obt9Lvka0cdfJz7ZLC43bp-0V5Ls,`JSAPI,`SUCCESS,`OTHERS,`CNY,`3.00,`0.00,`0,`0,`0.00,`0.00,`,`,`停车费用,`,`0.02000,`0.54%,`3.00,`0.00,`
`2026-04-14 10:57:10,`wxfc262f382d61c3db,`1723333380,`0,`,`4200003060202604143512011914,`9ac82d49d95a4e90869d889a62c0bb54,`obt9LvjAc90Z_yn_01PLg2EhcjKE,`JSAPI,`SUCCESS,`CCB_DEBIT,`CNY,`3.00,`0.00,`0,`0,`0.00,`0.00,`,`,`停车费用,`,`0.02000,`0.54%,`3.00,`0.00,`
`2026-04-14 12:01:45,`wxfc262f382d61c3db,`1723333380,`0,`,`4200003060202604148357287565,`38f327779b4e4856a39d241299d7cc96,`obt9LvuT5jYgwdg_5o4R8O6GRVQs,`JSAPI,`SUCCESS,`OTHERS,`CNY,`6.00,`0.00,`0,`0,`0.00,`0.00,`,`,`停车费用,`,`0.03000,`0.54%,`6.00,`0.00,`
`2026-04-14 17:44:35,`wxfc262f382d61c3db,`1723333380,`0,`,`4200003063202604143550739815,`540fdcb9bb9d4fc9b07a377941cbc64a,`obt9LvpKmnrQeSlM4Qt5CJX2jJfA,`JSAPI,`SUCCESS,`OTHERS,`CNY,`3.00,`0.00,`0,`0,`0.00,`0.00,`,`,`停车费用,`,`0.02000,`0.54%,`3.00,`0.00,`
`2026-04-14 17:24:26,`wxfc262f382d61c3db,`1723333380,`0,`,`4200003064202604140358863223,`2c2ed9c96340441faf516d3468d6923d,`obt9LvpWfuT4yuRZ5LCfkTNVoCcg,`JSAPI,`SUCCESS,`OTHERS,`CNY,`3.00,`0.00,`0,`0,`0.00,`0.00,`,`,`停车费用,`,`0.02000,`0.54%,`3.00,`0.00,`
`2026-04-14 19:25:16,`wxfc262f382d61c3db,`1723333380,`0,`,`4200003064202604140559470269,`293f2cc73853409fb4f9434483353b9c,`obt9LvhDyONA4fL4Z4M1fJGuhICc,`JSAPI,`SUCCESS,`OTHERS,`CNY,`3.00,`0.00,`0,`0,`0.00,`0.00,`,`,`停车费用,`,`0.02000,`0.54%,`3.00,`0.00,`
`2026-04-14 17:52:55,`wxfc262f382d61c3db,`1723333380,`0,`,`4200003065202604147787619590,`6be5026dc09f46d4ac1b587c4a8050f0,`obt9Lvkvo3eByxWpMtIfUllZW3Es,`JSAPI,`SUCCESS,`CCB_DEBIT,`CNY,`6.00,`0.00,`0,`0,`0.00,`0.00,`,`,`停车费用,`,`0.03000,`0.54%,`6.00,`0.00,`
`2026-04-14 21:25:38,`wxfc262f382d61c3db,`1723333380,`0,`,`4200003066202604142715597821,`7dbf384f42a3410db337b92cfbb8e68a,`obt9Lvn5W-1-u_sGXuUNGZMB2C2M,`JSAPI,`SUCCESS,`OTHERS,`CNY,`3.00,`0.00,`0,`0,`0.00,`0.00,`,`,`停车费用,`,`0.02000,`0.54%,`3.00,`0.00,`
`2026-04-14 12:22:24,`wxfc262f382d61c3db,`1723333380,`0,`,`4200003067202604142274702958,`4db43c502bf04e45986ee44bd3b774b3,`obt9LvhixxrJGYlygWGlTKOsaH_E,`JSAPI,`SUCCESS,`OTHERS,`CNY,`3.00,`0.00,`0,`0,`0.00,`0.00,`,`,`停车费用,`,`0.02000,`0.54%,`3.00,`0.00,`
`2026-04-14 10:30:09,`wxfc262f382d61c3db,`1723333380,`0,`,`4200003068202604142762191890,`da7d723385cf4d6f9d51d4bdfbc62c1c,`obt9LvsMjGT6Qsc-PWQxnHkwfX4s,`JSAPI,`SUCCESS,`OTHERS,`CNY,`3.00,`0.00,`0,`0,`0.00,`0.00,`,`,`停车费用,`,`0.02000,`0.54%,`3.00,`0.00,`
`2026-04-14 12:27:21,`wxfc262f382d61c3db,`1723333380,`0,`,`4200003069202604147948241821,`091edb4e0e8044f380557d50e8f81c29,`obt9LvqwVFXBq3W3xEpvzSwk3m8s,`JSAPI,`SUCCESS,`OTHERS,`CNY,`3.00,`0.00,`0,`0,`0.00,`0.00,`,`,`停车费用,`,`0.02000,`0.54%,`3.00,`0.00,`
`2026-04-14 10:43:37,`wxfc262f382d61c3db,`1723333380,`0,`,`4200003071202604149271683939,`0d8be7a307f143f4a9e92e85930e1793,`obt9LvibkcAsY7PqZa8XeXHynP0I,`JSAPI,`SUCCESS,`OTHERS,`CNY,`3.00,`0.00,`0,`0,`0.00,`0.00,`,`,`停车费用,`,`0.02000,`0.54%,`3.00,`0.00,`
`2026-04-14 10:56:45,`wxfc262f382d61c3db,`1723333380,`0,`,`4200003072202604142153766819,`9b0f85d74f8f45819f1607a19b441fb1,`obt9Lvp49tkqOLfLkWJ-38_64AUU,`JSAPI,`SUCCESS,`COMM_CREDIT,`CNY,`3.00,`0.00,`0,`0,`0.00,`0.00,`,`,`停车费用,`,`0.02000,`0.54%,`3.00,`0.00,`
`2026-04-14 21:44:02,`wxfc262f382d61c3db,`1723333380,`0,`,`4200003074202604142721491299,`41c9e4c5a8ce429d9b3129b490bbffc5,`obt9LvkxqC_Bqjg6NM-dsPwP1EiA,`JSAPI,`SUCCESS,`OTHERS,`CNY,`3.00,`0.00,`0,`0,`0.00,`0.00,`,`,`停车费用,`,`0.02000,`0.54%,`3.00,`0.00,`
`2026-04-14 21:02:10,`wxfc262f382d61c3db,`1723333380,`0,`,`4200003074202604143381307948,`9fe0cc0f88294f43b058afaa9da177b5,`obt9LviYpa6XcVTdaC18PWBIvdso,`JSAPI,`SUCCESS,`OTHERS,`CNY,`3.00,`0.00,`0,`0,`0.00,`0.00,`,`,`停车费用,`,`0.02000,`0.54%,`3.00,`0.00,`
`2026-04-14 11:29:27,`wxfc262f382d61c3db,`1723333380,`0,`,`4200003075202604145140322767,`547c280f334d4bf6b172a942c8a2a632,`obt9LvvkuRyB0VnAw_Ik5-54kTeQ,`JSAPI,`SUCCESS,`PAB_CREDIT,`CNY,`6.00,`0.00,`0,`0,`0.00,`0.00,`,`,`停车费用,`,`0.03000,`0.54%,`6.00,`0.00,`
`2026-04-14 10:22:10,`wxfc262f382d61c3db,`1723333380,`0,`,`4200003076202604149039005348,`65b9b862e1604dbd8e71282b60bf8b2b,`obt9LvgzKlicJEY5T0U3OgtrvLa8,`JSAPI,`SUCCESS,`PAB_CREDIT,`CNY,`3.00,`0.00,`0,`0,`0.00,`0.00,`,`,`停车费用,`,`0.02000,`0.54%,`3.00,`0.00,`
`2026-04-14 13:07:45,`wxfc262f382d61c3db,`1723333380,`0,`,`4200003077202604148724979815,`c61d6fc2669e4f489af46acbcf51dd17,`obt9LvvFlP8wX5MdxpWwUjkWapCY,`JSAPI,`SUCCESS,`OTHERS,`CNY,`6.00,`0.00,`0,`0,`0.00,`0.00,`,`,`停车费用,`,`0.03000,`0.54%,`6.00,`0.00,`
`2026-04-14 03:56:53,`wxfc262f382d61c3db,`1723333380,`0,`,`4200003079202604143046116769,`84e7a0838c7a46f5b90c5ffdac948699,`obt9Lvp3T9hrMbnGDwLwt0SU6GdA,`JSAPI,`SUCCESS,`OTHERS,`CNY,`12.00,`0.00,`0,`0,`0.00,`0.00,`,`,`停车费用,`,`0.06000,`0.54%,`12.00,`0.00,`
`2026-04-14 16:17:33,`wxfc262f382d61c3db,`1723333380,`0,`,`4200003079202604145591523478,`17146e97825a470ba4326ce823efcf53,`obt9LvqU2Lqwk6BHB2HQ-bafrhuU,`JSAPI,`SUCCESS,`OTHERS,`CNY,`3.00,`0.00,`0,`0,`0.00,`0.00,`,`,`停车费用,`,`0.02000,`0.54%,`3.00,`0.00,`
`2026-04-14 14:36:06,`wxfc262f382d61c3db,`1723333380,`0,`,`4200003079202604146713801162,`fa4a07156c5b48e0bb3092bfb516ac57,`obt9LvhGWAkbVPWgEWdU8azYt3UU,`JSAPI,`SUCCESS,`PAB_CREDIT,`CNY,`3.00,`0.00,`0,`0,`0.00,`0.00,`,`,`停车费用,`,`0.02000,`0.54%,`3.00,`0.00,`
`2026-04-14 23:07:06,`wxfc262f382d61c3db,`1723333380,`0,`,`4200003080202604148328771716,`de8c6cb590d6459f870bd8f8c7e62c70,`obt9LvpIKB7Wt0UaB9UMBVjiX1bQ,`JSAPI,`SUCCESS,`OTHERS,`CNY,`3.00,`0.00,`0,`0,`0.00,`0.00,`,`,`停车费用,`,`0.02000,`0.54%,`3.00,`0.00,`
`2026-04-14 13:03:55,`wxfc262f382d61c3db,`1723333380,`0,`,`4200003082202604147632310859,`cbcf2636dc3947a7a1d72a2d89b0aaab,`obt9LvudUMenGSncgaV1jAfq_OeI,`JSAPI,`SUCCESS,`OTHERS,`CNY,`3.00,`0.00,`0,`0,`0.00,`0.00,`,`,`停车费用,`,`0.02000,`0.54%,`3.00,`0.00,`
`2026-04-14 20:50:08,`wxfc262f382d61c3db,`1723333380,`0,`,`4200003083202604142743347822,`14d1ccf4a5504bb8be3169941afcbd22,`obt9Lvl3Oqo4X9IOpNjR1ptUmY2Y,`JSAPI,`SUCCESS,`OTHERS,`CNY,`3.00,`0.00,`0,`0,`0.00,`0.00,`,`,`停车费用,`,`0.02000,`0.54%,`3.00,`0.00,`
`2026-04-14 10:31:58,`wxfc262f382d61c3db,`1723333380,`0,`,`4200003084202604140502810374,`b99e6f5d244745a4b1c430d0e5aece79,`obt9LvpkWCu4sk41dvEOCNvufDuo,`JSAPI,`SUCCESS,`OTHERS,`CNY,`3.00,`0.00,`0,`0,`0.00,`0.00,`,`,`停车费用,`,`0.02000,`0.54%,`3.00,`0.00,`
`2026-04-14 10:33:06,`wxfc262f382d61c3db,`1723333380,`0,`,`4200003084202604142724349581,`7983a032c94841348aa04e44d6611e9e,`obt9Lvp-vCkW87ZhUY7jP9khMeHg,`JSAPI,`SUCCESS,`OTHERS,`CNY,`6.00,`0.00,`0,`0,`0.00,`0.00,`,`,`停车费用,`,`0.03000,`0.54%,`6.00,`0.00,`
`2026-04-14 19:54:23,`wxfc262f382d61c3db,`1723333380,`0,`,`4200003084202604146965681604,`e84917421ad6421b8a1cbd2a3ca4c576,`obt9LvlztQk-e5fDXCivkUiyE-AA,`JSAPI,`SUCCESS,`CCB_CREDIT,`CNY,`3.00,`1.00,`0,`0,`0.00,`0.00,`,`,`停车费用,`,`0.02000,`0.54%,`3.00,`0.00,`
`2026-04-14 14:26:02,`wxfc262f382d61c3db,`1723333380,`0,`,`4200003084202604149051360258,`1cc815f221544242aed0984f04afd0a5,`obt9Lvn9zbHGDvR2xQlDVSm6_-Dk,`JSAPI,`SUCCESS,`OTHERS,`CNY,`3.00,`0.00,`0,`0,`0.00,`0.00,`,`,`停车费用,`,`0.02000,`0.54%,`3.00,`0.00,`
`2026-04-14 11:02:06,`wxfc262f382d61c3db,`1723333380,`0,`,`4200003085202604144208324910,`7853d1cb5d6c46bba030f9bb10812a08,`obt9Lvvn2bnvLVh_chEW5l-jjGMM,`JSAPI,`SUCCESS,`OTHERS,`CNY,`3.00,`0.00,`0,`0,`0.00,`0.00,`,`,`停车费用,`,`0.02000,`0.54%,`3.00,`0.00,`
`2026-04-14 21:43:44,`wxfc262f382d61c3db,`1723333380,`0,`,`4200003085202604146346271959,`57ab74d9be0147be9ae17937587f7d70,`obt9Lvun1dP_Y-WPT2M1aLS84HN8,`JSAPI,`SUCCESS,`ABC_DEBIT,`CNY,`3.00,`0.00,`0,`0,`0.00,`0.00,`,`,`停车费用,`,`0.02000,`0.54%,`3.00,`0.00,`
`2026-04-14 10:46:24,`wxfc262f382d61c3db,`1723333380,`0,`,`4200003085202604148552998461,`040e4d217b4c47298e99abb6cce019f8,`obt9Lvss11k1m7fo-U2SNt3QRJ7s,`JSAPI,`SUCCESS,`OTHERS,`CNY,`3.00,`0.00,`0,`0,`0.00,`0.00,`,`,`停车费用,`,`0.02000,`0.54%,`3.00,`0.00,`
`2026-04-14 21:39:51,`wxfc262f382d61c3db,`1723333380,`0,`,`4200003086202604142240828414,`36c93b3acb0b4f82ba7e728dc79cbe56,`obt9LvvyBoBSzL7VPf3N-r0gBzn8,`JSAPI,`SUCCESS,`OTHERS,`CNY,`6.00,`0.00,`0,`0,`0.00,`0.00,`,`,`停车费用,`,`0.03000,`0.54%,`6.00,`0.00,`
`2026-04-14 12:44:13,`wxfc262f382d61c3db,`1723333380,`0,`,`4200003086202604146467387468,`8abf4c7c5e46488fa26a874c1130d6ce,`obt9Lvkv8IXqgUW_DryYQ27tDLxg,`JSAPI,`SUCCESS,`HUNNX_DEBIT,`CNY,`3.00,`0.00,`0,`0,`0.00,`0.00,`,`,`停车费用,`,`0.02000,`0.54%,`3.00,`0.00,`
`2026-04-14 11:12:07,`wxfc262f382d61c3db,`1723333380,`0,`,`4200003087202604146749631609,`f2e54005e6174cc1a94805b3eb4ba048,`obt9LvrxoOlnSfzUs8FeFfcIik6M,`JSAPI,`SUCCESS,`OTHERS,`CNY,`3.00,`0.00,`0,`0,`0.00,`0.00,`,`,`停车费用,`,`0.02000,`0.54%,`3.00,`0.00,`
`2026-04-14 23:31:37,`wxfc262f382d61c3db,`1723333380,`0,`,`4200003089202604143656089581,`545c36f8e9d94c11850dad73fc372a23,`obt9Lvj9EDIACle-Wpa1ku1DxbRA,`JSAPI,`SUCCESS,`OTHERS,`CNY,`3.00,`0.00,`0,`0,`0.00,`0.00,`,`,`停车费用,`,`0.02000,`0.54%,`3.00,`0.00,`
`2026-04-14 10:33:28,`wxfc262f382d61c3db,`1723333380,`0,`,`4200003089202604144963916988,`459d16fcc2674fa998e8cc4228c061ae,`obt9Lvih882QTYBOXxHK5XvDBjaM,`JSAPI,`SUCCESS,`GDB_CREDIT,`CNY,`3.00,`0.00,`0,`0,`0.00,`0.00,`,`,`停车费用,`,`0.02000,`0.54%,`3.00,`0.00,`
`2026-04-14 10:40:19,`wxfc262f382d61c3db,`1723333380,`0,`,`4200003090202604140177128248,`99860971981e4495943a5c2662f59d37,`obt9Lvp-ZwCtyglOhY-JshlM_nHw,`JSAPI,`SUCCESS,`OTHERS,`CNY,`3.00,`0.00,`0,`0,`0.00,`0.00,`,`,`停车费用,`,`0.02000,`0.54%,`3.00,`0.00,`
`2026-04-14 18:09:26,`wxfc262f382d61c3db,`1723333380,`0,`,`4200003090202604140613063234,`bedcbdef062c4d11bae7af31b1334467,`obt9Lvj4hwiGW2O71SnR4m5KhRuQ,`JSAPI,`SUCCESS,`OTHERS,`CNY,`3.00,`0.00,`0,`0,`0.00,`0.00,`,`,`停车费用,`,`0.02000,`0.54%,`3.00,`0.00,`
`2026-04-14 10:43:11,`wxfc262f382d61c3db,`1723333380,`0,`,`4200003090202604143077330755,`d2f238b537d74b3586831c81ee9f9209,`obt9LvmoPToyJEt0zYHU732LdFfA,`JSAPI,`SUCCESS,`OTHERS,`CNY,`3.00,`0.00,`0,`0,`0.00,`0.00,`,`,`停车费用,`,`0.02000,`0.54%,`3.00,`0.00,`
`2026-04-14 03:13:44,`wxfc262f382d61c3db,`1723333380,`0,`,`4200003090202604144390992921,`2ba82fd4ead24b52a393220717f5e6c8,`obt9LvuXnB_WI9PHxB7fMiif_9cE,`JSAPI,`SUCCESS,`OTHERS,`CNY,`6.00,`0.00,`0,`0,`0.00,`0.00,`,`,`停车费用,`,`0.03000,`0.54%,`6.00,`0.00,`
`2026-04-14 15:50:25,`wxfc262f382d61c3db,`1723333380,`0,`,`4200003090202604146584116765,`632933c7c96542e39379436c0dcb64db,`obt9LvvLy8Ug4dwS2uirfYiz-GB8,`JSAPI,`SUCCESS,`OTHERS,`CNY,`3.00,`0.00,`0,`0,`0.00,`0.00,`,`,`停车费用,`,`0.02000,`0.54%,`3.00,`0.00,`
`2026-04-14 19:48:01,`wxfc262f382d61c3db,`1723333380,`0,`,`4200003090202604149901355654,`56051dd6139144a7afc4a5fef57d5129,`obt9Lvp8ZtR8HspcW0zQVzim_N5E,`JSAPI,`SUCCESS,`COMM_CREDIT,`CNY,`3.00,`0.00,`0,`0,`0.00,`0.00,`,`,`停车费用,`,`0.02000,`0.54%,`3.00,`0.00,`
`2026-04-14 11:30:22,`wxfc262f382d61c3db,`1723333380,`0,`,`4200003093202604149415710271,`821504fefe3a4273995989927a87e3d3,`obt9Lvnqn_SUmkowHqT_XqowyUt8,`JSAPI,`SUCCESS,`PAB_CREDIT,`CNY,`6.00,`0.00,`0,`0,`0.00,`0.00,`,`,`停车费用,`,`0.03000,`0.54%,`6.00,`0.00,`
`2026-04-14 10:44:07,`wxfc262f382d61c3db,`1723333380,`0,`,`4200003095202604140626339061,`0bf0c7bcdd9a4968a0d08292fddca2e8,`obt9Lvss__01bD9wsU0vINDfNIMs,`JSAPI,`SUCCESS,`OTHERS,`CNY,`3.00,`0.00,`0,`0,`0.00,`0.00,`,`,`停车费用,`,`0.02000,`0.54%,`3.00,`0.00,`
`2026-04-14 21:06:29,`wxfc262f382d61c3db,`1723333380,`0,`,`4200003096202604147469082727,`366e1e9d9a474066aa8be92b4493fe1c,`obt9LvpEg1zRIEz1I5TE-iO_odbs,`JSAPI,`SUCCESS,`OTHERS,`CNY,`3.00,`0.00,`0,`0,`0.00,`0.00,`,`,`停车费用,`,`0.02000,`0.54%,`3.00,`0.00,`
`2026-04-14 12:35:14,`wxfc262f382d61c3db,`1723333380,`0,`,`4200003127202604149794067360,`9b3138058cfa4d4d85f75c8dd02d443d,`obt9LvqC1F6UBewL1DTG46m8UKXs,`JSAPI,`SUCCESS,`OTHERS,`CNY,`3.00,`0.00,`0,`0,`0.00,`0.00,`,`,`停车费用,`,`0.02000,`0.54%,`3.00,`0.00,`
`2026-04-14 17:00:37,`wxfc262f382d61c3db,`1723333380,`0,`,`4200003129202604145252728797,`2e339dbe692246df82ebb1ccf8f2c9f6,`obt9LvskrW1L-Myq2Sl15Jh3yRgg,`JSAPI,`SUCCESS,`CCB_DEBIT,`CNY,`6.00,`0.00,`0,`0,`0.00,`0.00,`,`,`停车费用,`,`0.03000,`0.54%,`6.00,`0.00,`
`2026-04-14 12:17:36,`wxfc262f382d61c3db,`1723333380,`0,`,`4200003130202604148579438084,`4d5caef1aad74fd68e84a7bdb5dc1f24,`obt9LvmN4y8MBFEOSM3VlMAqUyUw,`JSAPI,`SUCCESS,`OTHERS,`CNY,`6.00,`0.00,`0,`0,`0.00,`0.00,`,`,`停车费用,`,`0.03000,`0.54%,`6.00,`0.00,`
`2026-04-14 12:11:17,`wxfc262f382d61c3db,`1723333380,`0,`,`4200003131202604144420483912,`df8124d918254390b4b017b88e6cc045,`obt9Lvkvo3eByxWpMtIfUllZW3Es,`JSAPI,`SUCCESS,`CCB_DEBIT,`CNY,`6.00,`0.00,`0,`0,`0.00,`0.00,`,`,`停车费用,`,`0.03000,`0.54%,`6.00,`0.00,`
`2026-04-14 20:57:31,`wxfc262f382d61c3db,`1723333380,`0,`,`4200003131202604146316228394,`7e62396a6c064b92885f1775657f51f8,`obt9Lvh7yDhGU1CNo9QR5KRQaiyA,`JSAPI,`SUCCESS,`OTHERS,`CNY,`3.00,`0.00,`0,`0,`0.00,`0.00,`,`,`停车费用,`,`0.02000,`0.54%,`3.00,`0.00,`
`2026-04-14 20:29:40,`wxfc262f382d61c3db,`1723333380,`0,`,`4200003131202604149138411629,`0c13ad7dc55a4fc79295a7ca32df596e,`obt9LvgO56PNoXIjiuwh_GyYJWYc,`JSAPI,`SUCCESS,`BOC_DEBIT,`CNY,`3.00,`0.00,`0,`0,`0.00,`0.00,`,`,`停车费用,`,`0.02000,`0.54%,`3.00,`0.00,`
`2026-04-14 19:54:25,`wxfc262f382d61c3db,`1723333380,`0,`,`4200003132202604146186183423,`ddd1a2ea99ef4d39ba434607915d2433,`obt9LvrV0R4zeYSqrJGBCNHG175k,`JSAPI,`SUCCESS,`OTHERS,`CNY,`3.00,`0.00,`0,`0,`0.00,`0.00,`,`,`停车费用,`,`0.02000,`0.54%,`3.00,`0.00,`
`2026-04-14 15:32:06,`wxfc262f382d61c3db,`1723333380,`0,`,`4200003133202604142777582216,`36733bd2df3c4a44b6b34811aaa5a148,`obt9LvndmXsfbT8pX3EsEl7R1G3U,`JSAPI,`SUCCESS,`CCB_DEBIT,`CNY,`3.00,`0.00,`0,`0,`0.00,`0.00,`,`,`停车费用,`,`0.02000,`0.54%,`3.00,`0.00,`
`2026-04-14 10:30:56,`wxfc262f382d61c3db,`1723333380,`0,`,`4200003134202604149781292862,`881f074d5d6144da9a81ea8c74d91c60,`obt9LvvSdfOg5lxICX-0A721DRi8,`JSAPI,`SUCCESS,`OTHERS,`CNY,`3.00,`0.00,`0,`0,`0.00,`0.00,`,`,`停车费用,`,`0.02000,`0.54%,`3.00,`0.00,`
`2026-04-14 11:34:38,`wxfc262f382d61c3db,`1723333380,`0,`,`4200003135202604146095862189,`cb5331df24654082a00b5b98e42ee7f9,`obt9LvpKmnrQeSlM4Qt5CJX2jJfA,`JSAPI,`SUCCESS,`OTHERS,`CNY,`3.00,`0.00,`0,`0,`0.00,`0.00,`,`,`停车费用,`,`0.02000,`0.54%,`3.00,`0.00,`
`2026-04-14 20:51:25,`wxfc262f382d61c3db,`1723333380,`0,`,`4200003136202604140098892380,`078fabec41ff45a1b0f05d8ac8ba1de0,`obt9LvnUY5_G_MQw9ytRjNbWK8I4,`JSAPI,`SUCCESS,`OTHERS,`CNY,`3.00,`0.00,`0,`0,`0.00,`0.00,`,`,`停车费用,`,`0.02000,`0.54%,`3.00,`0.00,`
`2026-04-14 11:16:46,`wxfc262f382d61c3db,`1723333380,`0,`,`4200003137202604145158127083,`446a047fce3c443ca19887a349a7b82c,`obt9LvmkaN95nor9sQh7HH7S-Iqc,`JSAPI,`SUCCESS,`OTHERS,`CNY,`3.00,`0.00,`0,`0,`0.00,`0.00,`,`,`停车费用,`,`0.02000,`0.54%,`3.00,`0.00,`
`2026-04-14 21:25:50,`wxfc262f382d61c3db,`1723333380,`0,`,`4200003137202604148006494341,`99749228b9a0472b83e8a07c80e0adcf,`obt9LvuoYBFX3JAS59FTL2tFtD9E,`JSAPI,`SUCCESS,`OTHERS,`CNY,`3.00,`0.00,`0,`0,`0.00,`0.00,`,`,`停车费用,`,`0.02000,`0.54%,`3.00,`0.00,`
`2026-04-14 20:45:47,`wxfc262f382d61c3db,`1723333380,`0,`,`4200003138202604142058658210,`7daf0b1dfeca4f0ca0be8d2a0d1c281f,`obt9Lvj5bVG1bxZSYMZ-vBDJWytM,`JSAPI,`SUCCESS,`CITIC_CREDIT,`CNY,`6.00,`0.00,`0,`0,`0.00,`0.00,`,`,`停车费用,`,`0.03000,`0.54%,`6.00,`0.00,`
`2026-04-14 12:13:07,`wxfc262f382d61c3db,`1723333380,`0,`,`4200003138202604142452374201,`77179bb9fb0f49e0b056b4c532473824,`obt9LvlmpKA5FPIDEvm1spnsvJV4,`JSAPI,`SUCCESS,`OTHERS,`CNY,`9.00,`0.00,`0,`0,`0.00,`0.00,`,`,`停车费用,`,`0.05000,`0.54%,`9.00,`0.00,`
`2026-04-14 10:32:27,`wxfc262f382d61c3db,`1723333380,`0,`,`4200003138202604147100086054,`0eca463d92234681b323e0ee328a4d50,`obt9LvjvPzk1kyKmT6sra9JS8zdo,`JSAPI,`SUCCESS,`COMM_CREDIT,`CNY,`3.00,`0.00,`0,`0,`0.00,`0.00,`,`,`停车费用,`,`0.02000,`0.54%,`3.00,`0.00,`
`2026-04-14 20:02:47,`wxfc262f382d61c3db,`1723333380,`0,`,`4200003139202604143493647943,`34a3d2b24ea546a8b22509b183e7f117,`obt9Lvh9Tn6QgrR_KOPGhSqdTsAM,`JSAPI,`SUCCESS,`OTHERS,`CNY,`3.00,`0.00,`0,`0,`0.00,`0.00,`,`,`停车费用,`,`0.02000,`0.54%,`3.00,`0.00,`
`2026-04-14 11:04:13,`wxfc262f382d61c3db,`1723333380,`0,`,`4200003139202604149482893112,`1f8874e6ac8e4275978123cd5b7706ed,`obt9LvrRtWhRNBUxL6rIJYWxgkR4,`JSAPI,`SUCCESS,`OTHERS,`CNY,`3.00,`0.00,`0,`0,`0.00,`0.00,`,`,`停车费用,`,`0.02000,`0.54%,`3.00,`0.00,`
`2026-04-14 20:56:19,`wxfc262f382d61c3db,`1723333380,`0,`,`4200003140202604147699028075,`1ce818a94dce4f82aa8f84ab14542900,`obt9Lvl2Emr6ujU9a-8zPKbfP3zM,`JSAPI,`SUCCESS,`OTHERS,`CNY,`3.00,`0.00,`0,`0,`0.00,`0.00,`,`,`停车费用,`,`0.02000,`0.54%,`3.00,`0.00,`
`2026-04-15 10:54:50,`wxfc262f382d61c3db,`1723333380,`0,`,`4200003049202604156091460861,`1ebd0e2e3e6544c39ba07d80fb5057fc,`obt9LvlmpKA5FPIDEvm1spnsvJV4,`JSAPI,`SUCCESS,`OTHERS,`CNY,`3.00,`0.00,`0,`0,`0.00,`0.00,`,`,`停车费用,`,`0.02000,`0.54%,`3.00,`0.00,`
`2026-04-15 16:59:37,`wxfc262f382d61c3db,`1723333380,`0,`,`4200003050202604152434944504,`69818cabaa3b4964b6497ee77754957f,`obt9LvqU2Lqwk6BHB2HQ-bafrhuU,`JSAPI,`SUCCESS,`OTHERS,`CNY,`3.00,`0.00,`0,`0,`0.00,`0.00,`,`,`停车费用,`,`0.02000,`0.54%,`3.00,`0.00,`
`2026-04-15 18:26:58,`wxfc262f382d61c3db,`1723333380,`0,`,`4200003050202604159771089625,`8a8964cdb5c5474486254f8002439a2f,`obt9LvhGWAkbVPWgEWdU8azYt3UU,`JSAPI,`SUCCESS,`PAB_CREDIT,`CNY,`6.00,`0.00,`0,`0,`0.00,`0.00,`,`,`停车费用,`,`0.03000,`0.54%,`6.00,`0.00,`
`2026-04-15 20:32:04,`wxfc262f382d61c3db,`1723333380,`0,`,`4200003051202604154187286426,`6d29b10cd7c44b7f8a25b354187ed07f,`obt9LvojWRKQlywqBko4J1bFtRlE,`JSAPI,`SUCCESS,`CMB_CREDIT,`CNY,`6.00,`0.00,`0,`0,`0.00,`0.00,`,`,`停车费用,`,`0.03000,`0.54%,`6.00,`0.00,`
`2026-04-15 11:47:15,`wxfc262f382d61c3db,`1723333380,`0,`,`4200003052202604156573063235,`6705d34c95104ee3b726c60b94e6277b,`obt9LvpdheKmq2rqoZU-e6JAIz7c,`JSAPI,`SUCCESS,`OTHERS,`CNY,`3.00,`0.00,`0,`0,`0.00,`0.00,`,`,`停车费用,`,`0.02000,`0.54%,`3.00,`0.00,`
`2026-04-15 15:22:58,`wxfc262f382d61c3db,`1723333380,`0,`,`4200003053202604158692979685,`9c9cb48b6cfb431e9e6bc1b7fd6340a5,`obt9LvvmN2uwFqrvRYf-gDeOtXaw,`JSAPI,`SUCCESS,`OTHERS,`CNY,`3.00,`0.00,`0,`0,`0.00,`0.00,`,`,`停车费用,`,`0.02000,`0.54%,`3.00,`0.00,`
`2026-04-15 12:01:29,`wxfc262f382d61c3db,`1723333380,`0,`,`4200003054202604154995489789,`6e5da663cebe48339d5d0ff588de1faf,`obt9LvqC1F6UBewL1DTG46m8UKXs,`JSAPI,`SUCCESS,`OTHERS,`CNY,`6.00,`0.00,`0,`0,`0.00,`0.00,`,`,`停车费用,`,`0.03000,`0.54%,`6.00,`0.00,`
`2026-04-15 12:15:17,`wxfc262f382d61c3db,`1723333380,`0,`,`4200003058202604155954083971,`084eadc73faa4accb7c3229e3bd1e4e0,`obt9Lvg9PIkKfD3pcYHf669-vH_k,`JSAPI,`SUCCESS,`OTHERS,`CNY,`6.00,`0.00,`0,`0,`0.00,`0.00,`,`,`停车费用,`,`0.03000,`0.54%,`6.00,`0.00,`
`2026-04-15 11:14:44,`wxfc262f382d61c3db,`1723333380,`0,`,`4200003058202604156557265007,`646a34edbe8546389bf752f8bd9ebb2c,`obt9Lvss11k1m7fo-U2SNt3QRJ7s,`JSAPI,`SUCCESS,`OTHERS,`CNY,`3.00,`0.00,`0,`0,`0.00,`0.00,`,`,`停车费用,`,`0.02000,`0.54%,`3.00,`0.00,`
`2026-04-15 11:24:50,`wxfc262f382d61c3db,`1723333380,`0,`,`4200003058202604158491396269,`967c59bffa474d39b697d7108501d3a8,`obt9LviBVPu1GYpANvfGWD6rDXFk,`JSAPI,`SUCCESS,`OTHERS,`CNY,`3.00,`0.00,`0,`0,`0.00,`0.00,`,`,`停车费用,`,`0.02000,`0.54%,`3.00,`0.00,`
`2026-04-15 10:40:27,`wxfc262f382d61c3db,`1723333380,`0,`,`4200003060202604159897226571,`27c5eaba365942adae8499142fd67a82,`obt9Lvnqn_SUmkowHqT_XqowyUt8,`JSAPI,`SUCCESS,`PAB_CREDIT,`CNY,`3.00,`0.00,`0,`0,`0.00,`0.00,`,`,`停车费用,`,`0.02000,`0.54%,`3.00,`0.00,`
`2026-04-15 15:27:55,`wxfc262f382d61c3db,`1723333380,`0,`,`4200003061202604150719741171,`1bd484b76c9046809d5a4ead8e2ae4ac,`obt9LviNdeQiQVIIIDmtrGymJHcY,`JSAPI,`SUCCESS,`OTHERS,`CNY,`3.00,`0.00,`0,`0,`0.00,`0.00,`,`,`停车费用,`,`0.02000,`0.54%,`3.00,`0.00,`
`2026-04-15 11:01:52,`wxfc262f382d61c3db,`1723333380,`0,`,`4200003062202604155887063747,`e25e56d23964495b9dadc8d346919dbb,`obt9LvtGkh-oARJS9SDcSmDFTYaE,`JSAPI,`SUCCESS,`OTHERS,`CNY,`3.00,`0.00,`0,`0,`0.00,`0.00,`,`,`停车费用,`,`0.02000,`0.54%,`3.00,`0.00,`
`2026-04-15 10:34:39,`wxfc262f382d61c3db,`1723333380,`0,`,`4200003063202604154673801034,`93609af958774048a3c3d1e6fd4ed819,`obt9LvmoPToyJEt0zYHU732LdFfA,`JSAPI,`SUCCESS,`OTHERS,`CNY,`3.00,`0.00,`0,`0,`0.00,`0.00,`,`,`停车费用,`,`0.02000,`0.54%,`3.00,`0.00,`
`2026-04-15 11:18:37,`wxfc262f382d61c3db,`1723333380,`0,`,`4200003063202604159568558554,`0b4847f88c294b338ba71f5c24aac52e,`obt9LvmkaN95nor9sQh7HH7S-Iqc,`JSAPI,`SUCCESS,`OTHERS,`CNY,`3.00,`0.00,`0,`0,`0.00,`0.00,`,`,`停车费用,`,`0.02000,`0.54%,`3.00,`0.00,`
`2026-04-15 16:45:27,`wxfc262f382d61c3db,`1723333380,`0,`,`4200003064202604151564559196,`fcdc5aacec1a42bb931c863aaed7fd99,`obt9LvmlYi343Wk8_paDlMePXRos,`JSAPI,`SUCCESS,`OTHERS,`CNY,`21.00,`0.00,`0,`0,`0.00,`0.00,`,`,`停车费用,`,`0.11000,`0.54%,`21.00,`0.00,`
`2026-04-15 21:06:12,`wxfc262f382d61c3db,`1723333380,`0,`,`4200003065202604157509398255,`58388e047ef749b79f48a205d6cd9782,`obt9Lvl2Emr6ujU9a-8zPKbfP3zM,`JSAPI,`SUCCESS,`OTHERS,`CNY,`3.00,`0.00,`0,`0,`0.00,`0.00,`,`,`停车费用,`,`0.02000,`0.54%,`3.00,`0.00,`
`2026-04-15 21:06:46,`wxfc262f382d61c3db,`1723333380,`0,`,`4200003067202604150182384440,`f85650707a6f40b19f05af4bdf74a771,`obt9Lvhkql5K-6A3wsqohwDlmcwk,`JSAPI,`SUCCESS,`OTHERS,`CNY,`3.00,`0.00,`0,`0,`0.00,`0.00,`,`,`停车费用,`,`0.02000,`0.54%,`3.00,`0.00,`
`2026-04-15 12:11:34,`wxfc262f382d61c3db,`1723333380,`0,`,`4200003067202604159507971101,`8a0750ac5ae2426e8c0f4539870ea380,`obt9Lvkvo3eByxWpMtIfUllZW3Es,`JSAPI,`SUCCESS,`CCB_DEBIT,`CNY,`6.00,`0.00,`0,`0,`0.00,`0.00,`,`,`停车费用,`,`0.03000,`0.54%,`6.00,`0.00,`
`2026-04-15 14:47:42,`wxfc262f382d61c3db,`1723333380,`0,`,`4200003069202604151437236479,`9d26471751a24616af44fd33920cd37c,`obt9Lvnb4zWaxP6gYTCNjBI5Ht-8,`JSAPI,`SUCCESS,`PSBC_DEBIT,`CNY,`9.00,`0.22,`0,`0,`0.00,`0.00,`,`,`停车费用,`,`0.05000,`0.54%,`9.00,`0.00,`
`2026-04-15 20:43:33,`wxfc262f382d61c3db,`1723333380,`0,`,`4200003070202604158097137326,`d4323d4fa5784fa78ca49c75690349f3,`obt9Lvh7yDhGU1CNo9QR5KRQaiyA,`JSAPI,`SUCCESS,`OTHERS,`CNY,`3.00,`0.00,`0,`0,`0.00,`0.00,`,`,`停车费用,`,`0.02000,`0.54%,`3.00,`0.00,`
`2026-04-15 10:52:49,`wxfc262f382d61c3db,`1723333380,`0,`,`4200003071202604155117669339,`6db284c93c0449debf05f701fdc479f2,`obt9LvgzKlicJEY5T0U3OgtrvLa8,`JSAPI,`SUCCESS,`PAB_CREDIT,`CNY,`3.00,`0.00,`0,`0,`0.00,`0.00,`,`,`停车费用,`,`0.02000,`0.54%,`3.00,`0.00,`
`2026-04-15 10:39:56,`wxfc262f382d61c3db,`1723333380,`0,`,`4200003072202604151035443985,`94a40f6c898b48c19895e53dcedc035a,`obt9LvjTwk2dF6EVe3juxggHh-5M,`JSAPI,`SUCCESS,`PAB_CREDIT,`CNY,`3.00,`0.00,`0,`0,`0.00,`0.00,`,`,`停车费用,`,`0.02000,`0.54%,`3.00,`0.00,`
`2026-04-15 14:08:13,`wxfc262f382d61c3db,`1723333380,`0,`,`4200003072202604152490355864,`a83fec76f07547b2b06eb556899918eb,`obt9Lvu7cW1xbsnuLtNrbxO_mNio,`JSAPI,`SUCCESS,`PAB_DEBIT,`CNY,`21.00,`0.00,`0,`0,`0.00,`0.00,`,`,`停车费用,`,`0.11000,`0.54%,`21.00,`0.00,`
`2026-04-15 19:51:50,`wxfc262f382d61c3db,`1723333380,`0,`,`4200003073202604151446971020,`7163e10e8ac14398a3483f1dc6fa1dfc,`obt9LvovOtpwnkk7HiLcqigWhHYg,`JSAPI,`SUCCESS,`OTHERS,`CNY,`3.00,`0.00,`0,`0,`0.00,`0.00,`,`,`停车费用,`,`0.02000,`0.54%,`3.00,`0.00,`
`2026-04-15 10:45:22,`wxfc262f382d61c3db,`1723333380,`0,`,`4200003074202604155036936864,`49d2732187ea4800abb076d9b60556af,`obt9LvvGnAvghtRuhq392MGyMysU,`JSAPI,`SUCCESS,`OTHERS,`CNY,`3.00,`0.00,`0,`0,`0.00,`0.00,`,`,`停车费用,`,`0.02000,`0.54%,`3.00,`0.00,`
`2026-04-15 08:24:45,`wxfc262f382d61c3db,`1723333380,`0,`,`4200003075202604154782428049,`29e2c12cfe784e8594f80734c5fd1441,`obt9LvqvDhHcI_fNWgJGe90HxVaw,`JSAPI,`SUCCESS,`OTHERS,`CNY,`30.00,`0.00,`0,`0,`0.00,`0.00,`,`,`停车费用,`,`0.16000,`0.54%,`30.00,`0.00,`
`2026-04-15 12:04:26,`wxfc262f382d61c3db,`1723333380,`0,`,`4200003076202604151042687606,`f60421081a9945ab9f5c36535000e28d,`obt9LvrURHfwNimRot6MsZ_hgIKQ,`JSAPI,`SUCCESS,`BANK_CREDIT,`CNY,`6.00,`0.00,`0,`0,`0.00,`0.00,`,`,`停车费用,`,`0.03000,`0.54%,`6.00,`0.00,`
`2026-04-15 11:16:27,`wxfc262f382d61c3db,`1723333380,`0,`,`4200003076202604158455583352,`eaca099b5bd6477d9b85c8c336da3f33,`obt9LvmrHrz_C5K0AMX1u67ZFWwg,`JSAPI,`SUCCESS,`OTHERS,`CNY,`3.00,`0.00,`0,`0,`0.00,`0.00,`,`,`停车费用,`,`0.02000,`0.54%,`3.00,`0.00,`
`2026-04-15 10:52:49,`wxfc262f382d61c3db,`1723333380,`0,`,`4200003077202604151569391661,`080d2fae1f664f44afd74913a2423c02,`obt9Lvp49tkqOLfLkWJ-38_64AUU,`JSAPI,`SUCCESS,`COMM_CREDIT,`CNY,`3.00,`0.00,`0,`0,`0.00,`0.00,`,`,`停车费用,`,`0.02000,`0.54%,`3.00,`0.00,`
`2026-04-15 00:13:07,`wxfc262f382d61c3db,`1723333380,`0,`,`4200003078202604154557209738,`33f99fbe094c433c95efc3892fbf64a6,`obt9Lvt_UXNb92sW6SWfqLwMslkY,`JSAPI,`SUCCESS,`OTHERS,`CNY,`18.00,`0.00,`0,`0,`0.00,`0.00,`,`,`停车费用,`,`0.10000,`0.54%,`18.00,`0.00,`
`2026-04-15 10:31:34,`wxfc262f382d61c3db,`1723333380,`0,`,`4200003078202604157323806741,`3deef10d0dc544b6a07e4f94d0fc74f9,`obt9LvoBZSh9QCAZ6idwDDUqnZLo,`JSAPI,`SUCCESS,`PAB_CREDIT,`CNY,`3.00,`0.00,`0,`0,`0.00,`0.00,`,`,`停车费用,`,`0.02000,`0.54%,`3.00,`0.00,`
`2026-04-15 11:19:40,`wxfc262f382d61c3db,`1723333380,`0,`,`4200003078202604159038915734,`959520d57ad146f0804a133a6c7dbd6d,`obt9LviBA5En8tP7hX_-Ri4EcxJ4,`JSAPI,`SUCCESS,`CIB_CREDIT,`CNY,`3.00,`0.00,`0,`0,`0.00,`0.00,`,`,`停车费用,`,`0.02000,`0.54%,`3.00,`0.00,`
`2026-04-15 10:55:50,`wxfc262f382d61c3db,`1723333380,`0,`,`4200003079202604151237453496,`429adca7a5544878a6b585583fc2e04c,`obt9LvqrztrxHLTABOYtaFdDZfqw,`JSAPI,`SUCCESS,`CITIC_CREDIT,`CNY,`3.00,`0.00,`0,`0,`0.00,`0.00,`,`,`停车费用,`,`0.02000,`0.54%,`3.00,`0.00,`
`2026-04-15 18:17:33,`wxfc262f382d61c3db,`1723333380,`0,`,`4200003079202604157808718763,`21f3511aa885430c9a0161ec2b7beaba,`obt9LviQTbKu-3KqMJwODjEyCayw,`JSAPI,`SUCCESS,`CMBC_CREDIT,`CNY,`9.00,`0.00,`0,`0,`0.00,`0.00,`,`,`停车费用,`,`0.05000,`0.54%,`9.00,`0.00,`
`2026-04-15 10:35:40,`wxfc262f382d61c3db,`1723333380,`0,`,`4200003081202604157772089329,`661f4cb92c60420c90900efe014a1766,`obt9LvnoFSEQaYniUReYrsDznRSE,`JSAPI,`SUCCESS,`OTHERS,`CNY,`3.00,`0.00,`0,`0,`0.00,`0.00,`,`,`停车费用,`,`0.02000,`0.54%,`3.00,`0.00,`
`2026-04-15 11:29:12,`wxfc262f382d61c3db,`1723333380,`0,`,`4200003082202604157290078879,`902a56747a64492abde7c16926e9021f,`obt9Lvulxgx10DajEXS3GxGcvV5E,`JSAPI,`SUCCESS,`OTHERS,`CNY,`3.00,`0.00,`0,`0,`0.00,`0.00,`,`,`停车费用,`,`0.02000,`0.54%,`3.00,`0.00,`
`2026-04-15 15:38:28,`wxfc262f382d61c3db,`1723333380,`0,`,`4200003083202604153271004744,`41079d6d46174913a40c0fe40f3e9c80,`obt9LvneiXPbc6BgirvAwLzXdvyg,`JSAPI,`SUCCESS,`OTHERS,`CNY,`6.00,`0.00,`0,`0,`0.00,`0.00,`,`,`停车费用,`,`0.03000,`0.54%,`6.00,`0.00,`
`2026-04-15 15:05:25,`wxfc262f382d61c3db,`1723333380,`0,`,`4200003083202604159571890529,`d8333764d645408594b25765fc36026c,`obt9LvsBC2cQLECUEZZJVToKj3LI,`JSAPI,`SUCCESS,`OTHERS,`CNY,`3.00,`0.00,`0,`0,`0.00,`0.00,`,`,`停车费用,`,`0.02000,`0.54%,`3.00,`0.00,`
`2026-04-15 13:20:41,`wxfc262f382d61c3db,`1723333380,`0,`,`4200003084202604152719833958,`43230f86e5754c2c97847ae5adc63167,`obt9LvmN4y8MBFEOSM3VlMAqUyUw,`JSAPI,`SUCCESS,`CCB_CREDIT,`CNY,`9.00,`0.00,`0,`0,`0.00,`0.00,`,`,`停车费用,`,`0.05000,`0.54%,`9.00,`0.00,`
`2026-04-15 10:43:53,`wxfc262f382d61c3db,`1723333380,`0,`,`4200003087202604159769990003,`4ac5058f4e4f480f99ccc564298e0827,`obt9LvkDH6MAroC7d8JmzSGuJvRg,`JSAPI,`SUCCESS,`OTHERS,`CNY,`3.00,`0.00,`0,`0,`0.00,`0.00,`,`,`停车费用,`,`0.02000,`0.54%,`3.00,`0.00,`
`2026-04-15 17:18:50,`wxfc262f382d61c3db,`1723333380,`0,`,`4200003088202604156421120507,`d4b6978a05d64510a2e67f5aaae57bd5,`obt9LviO146Qpy6agML4Jw7sxkmU,`JSAPI,`SUCCESS,`CCB_DEBIT,`CNY,`3.00,`0.00,`0,`0,`0.00,`0.00,`,`,`停车费用,`,`0.02000,`0.54%,`3.00,`0.00,`
`2026-04-15 10:50:55,`wxfc262f382d61c3db,`1723333380,`0,`,`4200003088202604158429414503,`4172c426e28a4c2fa3c5dcc7e157a4c6,`obt9LvqD9m8kn5qRo1IswMwOOIus,`JSAPI,`SUCCESS,`OTHERS,`CNY,`3.00,`0.00,`0,`0,`0.00,`0.00,`,`,`停车费用,`,`0.02000,`0.54%,`3.00,`0.00,`
`2026-04-15 11:00:53,`wxfc262f382d61c3db,`1723333380,`0,`,`4200003090202604155141920378,`2db4148433ec44ae8b3f3dc5fc9646c8,`obt9LvgUoUHOMQmCawZS_Ud8gCcE,`JSAPI,`SUCCESS,`COMM_CREDIT,`CNY,`3.00,`0.00,`0,`0,`0.00,`0.00,`,`,`停车费用,`,`0.02000,`0.54%,`3.00,`0.00,`
`2026-04-15 20:56:33,`wxfc262f382d61c3db,`1723333380,`0,`,`4200003091202604151123278039,`7d981561bd42464681592bc0aaab3f0e,`obt9LvuLEZqOCPRpGRhHvonbxg4Y,`JSAPI,`SUCCESS,`OTHERS,`CNY,`3.00,`0.00,`0,`0,`0.00,`0.00,`,`,`停车费用,`,`0.02000,`0.54%,`3.00,`0.00,`
`2026-04-15 10:36:05,`wxfc262f382d61c3db,`1723333380,`0,`,`4200003092202604151239779290,`5b1694c27d874afd879eec39ac9fdc1c,`obt9Lvih882QTYBOXxHK5XvDBjaM,`JSAPI,`SUCCESS,`GDB_CREDIT,`CNY,`3.00,`0.00,`0,`0,`0.00,`0.00,`,`,`停车费用,`,`0.02000,`0.54%,`3.00,`0.00,`
`2026-04-15 17:16:48,`wxfc262f382d61c3db,`1723333380,`0,`,`4200003092202604157781587158,`b82e748190a84e06b98430d8cab3aaad,`obt9Lvgs9Ki4CljGY7tPR1ETH6-E,`JSAPI,`SUCCESS,`OTHERS,`CNY,`3.00,`0.00,`0,`0,`0.00,`0.00,`,`,`停车费用,`,`0.02000,`0.54%,`3.00,`0.00,`
`2026-04-15 12:08:47,`wxfc262f382d61c3db,`1723333380,`0,`,`4200003095202604150188351900,`3312f3e3ed074fe6a6f54ab073bf11ac,`obt9Lvss__01bD9wsU0vINDfNIMs,`JSAPI,`SUCCESS,`OTHERS,`CNY,`6.00,`0.00,`0,`0,`0.00,`0.00,`,`,`停车费用,`,`0.03000,`0.54%,`6.00,`0.00,`
`2026-04-15 12:52:27,`wxfc262f382d61c3db,`1723333380,`0,`,`4200003095202604150927288357,`e1c34811736b4ffc9ea5f1012462438b,`obt9LvoPdnOkN61ZLVAjSQQX3HBk,`JSAPI,`SUCCESS,`OTHERS,`CNY,`9.00,`0.00,`0,`0,`0.00,`0.00,`,`,`停车费用,`,`0.05000,`0.54%,`9.00,`0.00,`
`2026-04-15 18:55:17,`wxfc262f382d61c3db,`1723333380,`0,`,`4200003095202604158135587610,`6f92fb6f95454c8691a01c66adc8e90f,`obt9LvoxSuHBejOPZ7DBpPyrvQPs,`JSAPI,`SUCCESS,`OTHERS,`CNY,`3.00,`0.00,`0,`0,`0.00,`0.00,`,`,`停车费用,`,`0.02000,`0.54%,`3.00,`0.00,`
`2026-04-15 17:42:01,`wxfc262f382d61c3db,`1723333380,`0,`,`4200003096202604152834295732,`0942c50598374b7ca147675bc6944c26,`obt9LvjF1-lYj8bsqHQRQmDHVFFI,`JSAPI,`SUCCESS,`OTHERS,`CNY,`6.00,`0.00,`0,`0,`0.00,`0.00,`,`,`停车费用,`,`0.03000,`0.54%,`6.00,`0.00,`
`2026-04-15 20:54:55,`wxfc262f382d61c3db,`1723333380,`0,`,`4200003125202604158030281977,`94f8f12fa0264a8ea85938cbeeaa10e0,`obt9LvjZTu19G10km6Ljr-HPJHsI,`JSAPI,`SUCCESS,`OTHERS,`CNY,`3.00,`0.00,`0,`0,`0.00,`0.00,`,`,`停车费用,`,`0.02000,`0.54%,`3.00,`0.00,`
`2026-04-15 10:37:32,`wxfc262f382d61c3db,`1723333380,`0,`,`4200003126202604155493208829,`bc3a388162e4484cb6a4c85faee5d7a8,`obt9Lvg8zc_bF5ZioROx0HJ4yEtU,`JSAPI,`SUCCESS,`OTHERS,`CNY,`3.00,`0.00,`0,`0,`0.00,`0.00,`,`,`停车费用,`,`0.02000,`0.54%,`3.00,`0.00,`
`2026-04-15 20:59:56,`wxfc262f382d61c3db,`1723333380,`0,`,`4200003128202604155882658357,`b0f48d1c24364ce0857960cd957642cd,`obt9LvnReBqyiH8jwX99y-EJPlUE,`JSAPI,`SUCCESS,`OTHERS,`CNY,`3.00,`0.00,`0,`0,`0.00,`0.00,`,`,`停车费用,`,`0.02000,`0.54%,`3.00,`0.00,`
`2026-04-15 10:32:15,`wxfc262f382d61c3db,`1723333380,`0,`,`4200003128202604157877604624,`9a131533a3a042639d8ba5b02c450744,`obt9LvvkuRyB0VnAw_Ik5-54kTeQ,`JSAPI,`SUCCESS,`PAB_CREDIT,`CNY,`3.00,`0.00,`0,`0,`0.00,`0.00,`,`,`停车费用,`,`0.02000,`0.54%,`3.00,`0.00,`
`2026-04-15 16:54:19,`wxfc262f382d61c3db,`1723333380,`0,`,`4200003129202604154726654803,`d62ceabb685b419fa98a4bd07eeda873,`obt9LvnzenAEmMKHIeVx5ji8zv_E,`JSAPI,`SUCCESS,`OTHERS,`CNY,`3.00,`0.00,`0,`0,`0.00,`0.00,`,`,`停车费用,`,`0.02000,`0.54%,`3.00,`0.00,`
`2026-04-15 10:53:03,`wxfc262f382d61c3db,`1723333380,`0,`,`4200003130202604157541286620,`8d00fc77b8664a0e92af15c195121f8d,`obt9LvozGH6bT49Ig-_bwp2vy0aE,`JSAPI,`SUCCESS,`OTHERS,`CNY,`3.00,`0.00,`0,`0,`0.00,`0.00,`,`,`停车费用,`,`0.02000,`0.54%,`3.00,`0.00,`
`2026-04-15 14:12:33,`wxfc262f382d61c3db,`1723333380,`0,`,`4200003131202604150336746493,`32fa9c0087ab48e0a02fbdfb6e59cda1,`obt9Lvk03JVKCIy9AyVuKGnDPDYc,`JSAPI,`SUCCESS,`OTHERS,`CNY,`3.00,`0.00,`0,`0,`0.00,`0.00,`,`,`停车费用,`,`0.02000,`0.54%,`3.00,`0.00,`
`2026-04-15 10:38:55,`wxfc262f382d61c3db,`1723333380,`0,`,`4200003133202604153731900731,`bb53c661b5e44da59efe94cf4a4532eb,`obt9LvqBiJWHGSdJLx1R0AIGXorU,`JSAPI,`SUCCESS,`OTHERS,`CNY,`3.00,`0.00,`0,`0,`0.00,`0.00,`,`,`停车费用,`,`0.02000,`0.54%,`3.00,`0.00,`
`2026-04-15 11:16:01,`wxfc262f382d61c3db,`1723333380,`0,`,`4200003135202604155664003009,`cc23ffc1b65f48398a78604c3d82786e,`obt9LvhGWAkbVPWgEWdU8azYt3UU,`JSAPI,`SUCCESS,`PAB_CREDIT,`CNY,`3.00,`0.00,`0,`0,`0.00,`0.00,`,`,`停车费用,`,`0.02000,`0.54%,`3.00,`0.00,`
`2026-04-15 11:43:27,`wxfc262f382d61c3db,`1723333380,`0,`,`4200003136202604158648850820,`a0467c73d76e48af8b0bc05d04e2bb70,`obt9LvvhpaE8Df1tvqrU2elNyhE4,`JSAPI,`SUCCESS,`PAB_DEBIT,`CNY,`6.00,`0.00,`0,`0,`0.00,`0.00,`,`,`停车费用,`,`0.03000,`0.54%,`6.00,`0.00,`
`2026-04-15 15:24:08,`wxfc262f382d61c3db,`1723333380,`0,`,`4200003137202604150166033342,`0c996d3daecb44abbcc36dd1b5cfd737,`obt9Lvv_FkueH22RX3kDdgc0glxw,`JSAPI,`SUCCESS,`OTHERS,`CNY,`6.00,`0.00,`0,`0,`0.00,`0.00,`,`,`停车费用,`,`0.03000,`0.54%,`6.00,`0.00,`
`2026-04-15 10:52:07,`wxfc262f382d61c3db,`1723333380,`0,`,`4200003138202604159297371844,`da25317fab714c928096d96e907868f2,`obt9LvvFlP8wX5MdxpWwUjkWapCY,`JSAPI,`SUCCESS,`OTHERS,`CNY,`3.00,`0.00,`0,`0,`0.00,`0.00,`,`,`停车费用,`,`0.02000,`0.54%,`3.00,`0.00,`
`2026-04-15 11:02:58,`wxfc262f382d61c3db,`1723333380,`0,`,`4200003139202604156425224354,`f6f513d5df5e4b15b1b1beb3caea51cc,`obt9LvgeqF90DrZ21Me1l8g26tic,`JSAPI,`SUCCESS,`CCB_DEBIT,`CNY,`3.00,`0.00,`0,`0,`0.00,`0.00,`,`,`停车费用,`,`0.02000,`0.54%,`3.00,`0.00,`
`2026-04-15 10:32:09,`wxfc262f382d61c3db,`1723333380,`0,`,`4200003140202604154071270098,`3bdd553f6a40465b80ca3decfdf369fe,`obt9LvjvPzk1kyKmT6sra9JS8zdo,`JSAPI,`SUCCESS,`COMM_CREDIT,`CNY,`3.00,`0.00,`0,`0,`0.00,`0.00,`,`,`停车费用,`,`0.02000,`0.54%,`3.00,`0.00,`
`2026-04-16 16:57:22,`wxfc262f382d61c3db,`1723333380,`0,`,`4200003050202604167256645939,`47bb4ba0ecb34ae78c03806ee4496cd5,`obt9LvvGnAvghtRuhq392MGyMysU,`JSAPI,`SUCCESS,`OTHERS,`CNY,`6.00,`0.00,`0,`0,`0.00,`0.00,`,`,`停车费用,`,`0.03000,`0.54%,`6.00,`0.00,`
`2026-04-16 11:16:50,`wxfc262f382d61c3db,`1723333380,`0,`,`4200003050202604167386706478,`b77fe665ca154d1ea2745aa8d710dd05,`obt9LvmN4y8MBFEOSM3VlMAqUyUw,`JSAPI,`SUCCESS,`OTHERS,`CNY,`3.00,`0.00,`0,`0,`0.00,`0.00,`,`,`停车费用,`,`0.02000,`0.54%,`3.00,`0.00,`
`2026-04-16 11:42:17,`wxfc262f382d61c3db,`1723333380,`0,`,`4200003052202604163461838223,`1ee889d3a84941e18bab6d98c8c57f67,`obt9Lvof84f65M-vlNsOPiegNjOc,`JSAPI,`SUCCESS,`OTHERS,`CNY,`6.00,`0.00,`0,`0,`0.00,`0.00,`,`,`停车费用,`,`0.03000,`0.54%,`6.00,`0.00,`
`2026-04-16 11:18:01,`wxfc262f382d61c3db,`1723333380,`0,`,`4200003053202604162405115134,`881ffed75a064ffeba5f320d78b6aa42,`obt9LvmrHrz_C5K0AMX1u67ZFWwg,`JSAPI,`SUCCESS,`OTHERS,`CNY,`3.00,`0.00,`0,`0,`0.00,`0.00,`,`,`停车费用,`,`0.02000,`0.54%,`3.00,`0.00,`
`2026-04-16 12:25:49,`wxfc262f382d61c3db,`1723333380,`0,`,`4200003053202604163264000810,`06ce207bf24a46858ccaf7fc3aa35fc2,`obt9LvpKmnrQeSlM4Qt5CJX2jJfA,`JSAPI,`SUCCESS,`CSCB_CREDIT,`CNY,`6.00,`0.00,`0,`0,`0.00,`0.00,`,`,`停车费用,`,`0.03000,`0.54%,`6.00,`0.00,`
`2026-04-16 16:51:06,`wxfc262f382d61c3db,`1723333380,`0,`,`4200003054202604161308539127,`16c3aa8f5e88428db43fb730a06d59d3,`obt9Lvu5DsYi07rjRmnJfumjLFko,`JSAPI,`SUCCESS,`ICBC_DEBIT,`CNY,`3.00,`0.00,`0,`0,`0.00,`0.00,`,`,`停车费用,`,`0.02000,`0.54%,`3.00,`0.00,`
`2026-04-16 16:42:52,`wxfc262f382d61c3db,`1723333380,`0,`,`4200003054202604164519631795,`76dfde4d438d454fbdfeaad66a6ffdc9,`obt9Lvnx7o0GrkBNy8WTNTS3BD8c,`JSAPI,`SUCCESS,`OTHERS,`CNY,`3.00,`0.00,`0,`0,`0.00,`0.00,`,`,`停车费用,`,`0.02000,`0.54%,`3.00,`0.00,`
`2026-04-16 14:11:48,`wxfc262f382d61c3db,`1723333380,`0,`,`4200003054202604164540175964,`ef1de5f6047d49bb998a13afa0fcf806,`obt9Lvs1htLg8sqmMw8tuIe4rfg0,`JSAPI,`SUCCESS,`OTHERS,`CNY,`3.00,`0.00,`0,`0,`0.00,`0.00,`,`,`停车费用,`,`0.02000,`0.54%,`3.00,`0.00,`
`2026-04-16 10:51:08,`wxfc262f382d61c3db,`1723333380,`0,`,`4200003054202604164704898463,`1a96c90a9ba64fc8a68e937396a87073,`obt9LvndoJnPkMMmuoQOXOOCP4tE,`JSAPI,`SUCCESS,`OTHERS,`CNY,`3.00,`0.00,`0,`0,`0.00,`0.00,`,`,`停车费用,`,`0.02000,`0.54%,`3.00,`0.00,`
`2026-04-16 10:33:56,`wxfc262f382d61c3db,`1723333380,`0,`,`4200003056202604161229048922,`123876f1d0c34cd4a790b96436bfb244,`obt9Lvih882QTYBOXxHK5XvDBjaM,`JSAPI,`SUCCESS,`GDB_CREDIT,`CNY,`3.00,`0.00,`0,`0,`0.00,`0.00,`,`,`停车费用,`,`0.02000,`0.54%,`3.00,`0.00,`
`2026-04-16 22:20:16,`wxfc262f382d61c3db,`1723333380,`0,`,`4200003057202604160630580545,`057f020b877d456e865d897f1bee2ead,`obt9LvuaGFEjgDJMlljwa_4lTXJE,`JSAPI,`SUCCESS,`CITIC_DEBIT,`CNY,`9.00,`0.00,`0,`0,`0.00,`0.00,`,`,`停车费用,`,`0.05000,`0.54%,`9.00,`0.00,`
`2026-04-16 11:21:43,`wxfc262f382d61c3db,`1723333380,`0,`,`4200003057202604162170463861,`d6d4694b60994e32be98e28027ff8dbd,`obt9Lvg9PIkKfD3pcYHf669-vH_k,`JSAPI,`SUCCESS,`OTHERS,`CNY,`3.00,`0.00,`0,`0,`0.00,`0.00,`,`,`停车费用,`,`0.02000,`0.54%,`3.00,`0.00,`
`2026-04-16 16:44:00,`wxfc262f382d61c3db,`1723333380,`0,`,`4200003057202604168256475038,`784a74a2db464c45acc3890f7e70d2ab,`obt9LvsEh115KRWKl0pKwrgjbSdI,`JSAPI,`SUCCESS,`OTHERS,`CNY,`3.00,`0.00,`0,`0,`0.00,`0.00,`,`,`停车费用,`,`0.02000,`0.54%,`3.00,`0.00,`
`2026-04-16 17:32:09,`wxfc262f382d61c3db,`1723333380,`0,`,`4200003061202604160485912653,`e1b6805a34da47dcbff876ffa24f2532,`obt9LvjAc90Z_yn_01PLg2EhcjKE,`JSAPI,`SUCCESS,`CCB_DEBIT,`CNY,`6.00,`0.00,`0,`0,`0.00,`0.00,`,`,`停车费用,`,`0.03000,`0.54%,`6.00,`0.00,`
`2026-04-16 12:07:49,`wxfc262f382d61c3db,`1723333380,`0,`,`4200003062202604162838831739,`2d1698d1c4fa426da41ffa36c7f7c512,`obt9LvtGkh-oARJS9SDcSmDFTYaE,`JSAPI,`SUCCESS,`OTHERS,`CNY,`6.00,`0.00,`0,`0,`0.00,`0.00,`,`,`停车费用,`,`0.03000,`0.54%,`6.00,`0.00,`
`2026-04-16 12:42:03,`wxfc262f382d61c3db,`1723333380,`0,`,`4200003063202604166952920516,`6258d27de1f14d52ae883f6cd97633cc,`obt9Lvv3fZMxeQQTQbqN89OgBkxg,`JSAPI,`SUCCESS,`OTHERS,`CNY,`3.00,`0.00,`0,`0,`0.00,`0.00,`,`,`停车费用,`,`0.02000,`0.54%,`3.00,`0.00,`
`2026-04-16 11:42:27,`wxfc262f382d61c3db,`1723333380,`0,`,`4200003065202604164606831825,`319291cc33284e9cb74caa2a5d934f08,`obt9LvhGWAkbVPWgEWdU8azYt3UU,`JSAPI,`SUCCESS,`PAB_CREDIT,`CNY,`6.00,`0.00,`0,`0,`0.00,`0.00,`,`,`停车费用,`,`0.03000,`0.54%,`6.00,`0.00,`
`2026-04-16 15:51:21,`wxfc262f382d61c3db,`1723333380,`0,`,`4200003066202604162423496984,`4b3f51ba47b040d5b4949e9153dd838a,`obt9LvolQ6GcefW2Jq1ufo66hfPE,`JSAPI,`SUCCESS,`OTHERS,`CNY,`3.00,`0.00,`0,`0,`0.00,`0.00,`,`,`停车费用,`,`0.02000,`0.54%,`3.00,`0.00,`
`2026-04-16 20:47:42,`wxfc262f382d61c3db,`1723333380,`0,`,`4200003067202604160665194902,`03fad3f5e38c462ca07e6a8570a005d4,`obt9LvtGcL1NNRwe9BjJQcelQfyA,`JSAPI,`SUCCESS,`OTHERS,`CNY,`3.00,`0.00,`0,`0,`0.00,`0.00,`,`,`停车费用,`,`0.02000,`0.54%,`3.00,`0.00,`
`2026-04-16 10:37:01,`wxfc262f382d61c3db,`1723333380,`0,`,`4200003067202604163478471381,`48d9036d4a7f460e8712f42fa1af5cc0,`obt9LvpkWCu4sk41dvEOCNvufDuo,`JSAPI,`SUCCESS,`OTHERS,`CNY,`3.00,`0.00,`0,`0,`0.00,`0.00,`,`,`停车费用,`,`0.02000,`0.54%,`3.00,`0.00,`
`2026-04-16 10:56:21,`wxfc262f382d61c3db,`1723333380,`0,`,`4200003067202604167923118834,`730ef0b06f3c486aa59ea016f9ab8ff8,`obt9LvjAc90Z_yn_01PLg2EhcjKE,`JSAPI,`SUCCESS,`CCB_DEBIT,`CNY,`3.00,`0.00,`0,`0,`0.00,`0.00,`,`,`停车费用,`,`0.02000,`0.54%,`3.00,`0.00,`
`2026-04-16 13:59:02,`wxfc262f382d61c3db,`1723333380,`0,`,`4200003069202604163405034632,`8a58f3c816464e2d853e3cb33029d611,`obt9LvtKVWLO5m5_nv30iC-v7Trc,`JSAPI,`SUCCESS,`OTHERS,`CNY,`6.00,`0.00,`0,`0,`0.00,`0.00,`,`,`停车费用,`,`0.03000,`0.54%,`6.00,`0.00,`
`2026-04-16 10:48:55,`wxfc262f382d61c3db,`1723333380,`0,`,`4200003072202604166895626783,`cca7df28d2e9438dbd4800c4f0318356,`obt9LvqrztrxHLTABOYtaFdDZfqw,`JSAPI,`SUCCESS,`CITIC_CREDIT,`CNY,`3.00,`0.00,`0,`0,`0.00,`0.00,`,`,`停车费用,`,`0.02000,`0.54%,`3.00,`0.00,`
`2026-04-16 17:59:56,`wxfc262f382d61c3db,`1723333380,`0,`,`4200003074202604160546220857,`69366cecb06a4ced8ae24b1cc7634ba0,`obt9LvgOTNvadCVcJwr0mkVoA7ss,`JSAPI,`SUCCESS,`CMB_CREDIT,`CNY,`3.00,`0.00,`0,`0,`0.00,`0.00,`,`,`停车费用,`,`0.02000,`0.54%,`3.00,`0.00,`
`2026-04-16 12:06:08,`wxfc262f382d61c3db,`1723333380,`0,`,`4200003074202604163241160509,`91867d6f2dde44f48dbc09b3ee833a51,`obt9LvqhZ9owWqHo3oUy5yzpTlD0,`JSAPI,`SUCCESS,`OTHERS,`CNY,`6.00,`0.00,`0,`0,`0.00,`0.00,`,`,`停车费用,`,`0.03000,`0.54%,`6.00,`0.00,`
`2026-04-16 12:53:11,`wxfc262f382d61c3db,`1723333380,`0,`,`4200003074202604165830879384,`da57a4641bf3411096456ffdefea7ac3,`obt9LviNdeQiQVIIIDmtrGymJHcY,`JSAPI,`SUCCESS,`OTHERS,`CNY,`3.00,`0.00,`0,`0,`0.00,`0.00,`,`,`停车费用,`,`0.02000,`0.54%,`3.00,`0.00,`
`2026-04-16 10:55:46,`wxfc262f382d61c3db,`1723333380,`0,`,`4200003075202604162430279561,`7713cf0bc27944db8e9f44c0dd63c142,`obt9LvqD9m8kn5qRo1IswMwOOIus,`JSAPI,`SUCCESS,`OTHERS,`CNY,`3.00,`0.00,`0,`0,`0.00,`0.00,`,`,`停车费用,`,`0.02000,`0.54%,`3.00,`0.00,`
`2026-04-16 10:57:24,`wxfc262f382d61c3db,`1723333380,`0,`,`4200003075202604164625467794,`5a4503b1d07e4a05b99085c73c9b283a,`obt9LvvFlP8wX5MdxpWwUjkWapCY,`JSAPI,`SUCCESS,`OTHERS,`CNY,`3.00,`0.00,`0,`0,`0.00,`0.00,`,`,`停车费用,`,`0.02000,`0.54%,`3.00,`0.00,`
`2026-04-16 21:08:58,`wxfc262f382d61c3db,`1723333380,`0,`,`4200003076202604164558709713,`c30972fe20594d1baf44d7f6a9c38cbd,`obt9Lvh5e9g2Lr9hExJk9BMP05KY,`JSAPI,`SUCCESS,`OTHERS,`CNY,`3.00,`0.00,`0,`0,`0.00,`0.00,`,`,`停车费用,`,`0.02000,`0.54%,`3.00,`0.00,`
`2026-04-16 18:14:41,`wxfc262f382d61c3db,`1723333380,`0,`,`4200003077202604163377221366,`eb4b3a553b1e4f34997c910a0b1e99c3,`obt9Lvh8-2isBANHLrK0BAsWlNnA,`JSAPI,`SUCCESS,`OTHERS,`CNY,`3.00,`0.00,`0,`0,`0.00,`0.00,`,`,`停车费用,`,`0.02000,`0.54%,`3.00,`0.00,`
`2026-04-16 15:47:24,`wxfc262f382d61c3db,`1723333380,`0,`,`4200003077202604167469125932,`34fd8a74629c4086a2e20bdbef262a7f,`obt9LvvkuRyB0VnAw_Ik5-54kTeQ,`JSAPI,`SUCCESS,`PAB_CREDIT,`CNY,`3.00,`0.00,`0,`0,`0.00,`0.00,`,`,`停车费用,`,`0.02000,`0.54%,`3.00,`0.00,`
`2026-04-16 10:34:57,`wxfc262f382d61c3db,`1723333380,`0,`,`4200003079202604165251822405,`c3de807c1b8847c193d58d6b1e7e2d4d,`obt9LvvkuRyB0VnAw_Ik5-54kTeQ,`JSAPI,`SUCCESS,`PAB_CREDIT,`CNY,`3.00,`0.00,`0,`0,`0.00,`0.00,`,`,`停车费用,`,`0.02000,`0.54%,`3.00,`0.00,`
`2026-04-16 11:12:56,`wxfc262f382d61c3db,`1723333380,`0,`,`4200003079202604169178645546,`0650f6d1bc8d4ef3b1e1461c380b094f,`obt9LvvhpaE8Df1tvqrU2elNyhE4,`JSAPI,`SUCCESS,`PAB_DEBIT,`CNY,`6.00,`0.00,`0,`0,`0.00,`0.00,`,`,`停车费用,`,`0.03000,`0.54%,`6.00,`0.00,`
`2026-04-16 20:55:31,`wxfc262f382d61c3db,`1723333380,`0,`,`4200003079202604169374290349,`4a0e52c1f097436d8110f3ac80f70b14,`obt9Lvh5y53Hnjv4_1NbLOmBVBKA,`JSAPI,`SUCCESS,`CIB_DEBIT,`CNY,`3.00,`0.00,`0,`0,`0.00,`0.00,`,`,`停车费用,`,`0.02000,`0.54%,`3.00,`0.00,`
`2026-04-16 10:33:54,`wxfc262f382d61c3db,`1723333380,`0,`,`4200003081202604160849210477,`0de6dbcc3ea54b749bcd2359379036e3,`obt9Lvnqn_SUmkowHqT_XqowyUt8,`JSAPI,`SUCCESS,`OTHERS,`CNY,`3.00,`0.00,`0,`0,`0.00,`0.00,`,`,`停车费用,`,`0.02000,`0.54%,`3.00,`0.00,`
`2026-04-16 21:10:21,`wxfc262f382d61c3db,`1723333380,`0,`,`4200003082202604165560581778,`d7a35659c86d4ae08f0e6617ccd16310,`obt9LvhsmwdrCzK5zy3NrK_5QWoA,`JSAPI,`SUCCESS,`OTHERS,`CNY,`6.00,`0.00,`0,`0,`0.00,`0.00,`,`,`停车费用,`,`0.03000,`0.54%,`6.00,`0.00,`
`2026-04-16 10:49:53,`wxfc262f382d61c3db,`1723333380,`0,`,`4200003083202604160832935336,`712baaf3c8644f078039271b8175504f,`obt9Lvulxgx10DajEXS3GxGcvV5E,`JSAPI,`SUCCESS,`OTHERS,`CNY,`3.00,`0.00,`0,`0,`0.00,`0.00,`,`,`停车费用,`,`0.02000,`0.54%,`3.00,`0.00,`
`2026-04-16 20:13:34,`wxfc262f382d61c3db,`1723333380,`0,`,`4200003084202604167556689044,`3a0b5af1de5f40449ec6e160dc5bfb1f,`obt9LvizXe0tRjKZXkiby4brlkNk,`JSAPI,`SUCCESS,`OTHERS,`CNY,`3.00,`0.00,`0,`0,`0.00,`0.00,`,`,`停车费用,`,`0.02000,`0.54%,`3.00,`0.00,`
`2026-04-16 04:06:58,`wxfc262f382d61c3db,`1723333380,`0,`,`4200003085202604164661266050,`fb2c9bde77354ec986fdc010624485d7,`obt9LvhJWhjzcDyaGk6Y98liijpE,`JSAPI,`SUCCESS,`OTHERS,`CNY,`3.00,`0.00,`0,`0,`0.00,`0.00,`,`,`停车费用,`,`0.02000,`0.54%,`3.00,`0.00,`
`2026-04-16 10:45:25,`wxfc262f382d61c3db,`1723333380,`0,`,`4200003086202604161429876677,`b4419a3f68f6457d819d373043e251ac,`obt9LvibkcAsY7PqZa8XeXHynP0I,`JSAPI,`SUCCESS,`PAB_CREDIT,`CNY,`3.00,`0.00,`0,`0,`0.00,`0.00,`,`,`停车费用,`,`0.02000,`0.54%,`3.00,`0.00,`
`2026-04-16 17:07:43,`wxfc262f382d61c3db,`1723333380,`0,`,`4200003087202604164060382024,`36cb6476277c41c58fad6ba29a550fa5,`obt9LvuLEZqOCPRpGRhHvonbxg4Y,`JSAPI,`SUCCESS,`OTHERS,`CNY,`3.00,`0.00,`0,`0,`0.00,`0.00,`,`,`停车费用,`,`0.02000,`0.54%,`3.00,`0.00,`
`2026-04-16 10:48:56,`wxfc262f382d61c3db,`1723333380,`0,`,`4200003087202604167764792260,`985070ee07e44df6be43ba498f868d09,`obt9LvjvPzk1kyKmT6sra9JS8zdo,`JSAPI,`SUCCESS,`OTHERS,`CNY,`3.00,`0.00,`0,`0,`0.00,`0.00,`,`,`停车费用,`,`0.02000,`0.54%,`3.00,`0.00,`
`2026-04-16 12:32:22,`wxfc262f382d61c3db,`1723333380,`0,`,`4200003088202604162663701018,`c45855c41cb04452b4073d1005adeaf9,`obt9LvqLH2wb6iEwkVg1EwUepzr0,`JSAPI,`SUCCESS,`OTHERS,`CNY,`3.00,`0.00,`0,`0,`0.00,`0.00,`,`,`停车费用,`,`0.02000,`0.54%,`3.00,`0.00,`
`2026-04-16 10:42:13,`wxfc262f382d61c3db,`1723333380,`0,`,`4200003088202604164177665176,`72af7ec8fca84fb9bafd88e4dc0d78bb,`obt9LvqBiJWHGSdJLx1R0AIGXorU,`JSAPI,`SUCCESS,`OTHERS,`CNY,`3.00,`0.00,`0,`0,`0.00,`0.00,`,`,`停车费用,`,`0.02000,`0.54%,`3.00,`0.00,`
`2026-04-16 17:50:39,`wxfc262f382d61c3db,`1723333380,`0,`,`4200003089202604162435554407,`772af79fac634d80b0444fa10e1545a3,`obt9LvnNHv38A3j2sIDtA3i1rju4,`JSAPI,`SUCCESS,`OTHERS,`CNY,`3.00,`0.00,`0,`0,`0.00,`0.00,`,`,`停车费用,`,`0.02000,`0.54%,`3.00,`0.00,`
`2026-04-16 19:06:02,`wxfc262f382d61c3db,`1723333380,`0,`,`4200003089202604165920516012,`523e712b75114eebb1bdf38441f7a6fd,`obt9LvmN4y8MBFEOSM3VlMAqUyUw,`JSAPI,`SUCCESS,`CCB_CREDIT,`CNY,`9.00,`0.00,`0,`0,`0.00,`0.00,`,`,`停车费用,`,`0.05000,`0.54%,`9.00,`0.00,`
`2026-04-16 15:56:26,`wxfc262f382d61c3db,`1723333380,`0,`,`4200003090202604160151449015,`6999976017c748ad93be197ce67133bb,`obt9LvqhZ9owWqHo3oUy5yzpTlD0,`JSAPI,`SUCCESS,`OTHERS,`CNY,`3.00,`0.00,`0,`0,`0.00,`0.00,`,`,`停车费用,`,`0.02000,`0.54%,`3.00,`0.00,`
`2026-04-16 17:13:40,`wxfc262f382d61c3db,`1723333380,`0,`,`4200003091202604169483149626,`7b4e0a32b8a2449db2ca8951ae681eb2,`obt9LvqD9m8kn5qRo1IswMwOOIus,`JSAPI,`SUCCESS,`OTHERS,`CNY,`3.00,`0.00,`0,`0,`0.00,`0.00,`,`,`停车费用,`,`0.02000,`0.54%,`3.00,`0.00,`
`2026-04-16 18:00:57,`wxfc262f382d61c3db,`1723333380,`0,`,`4200003093202604163425546879,`98b443ae14064aae925a71f48c065e8d,`obt9LvkikMiqsHZ907gUpNMLhe70,`JSAPI,`SUCCESS,`PSBC_DEBIT,`CNY,`3.00,`0.00,`0,`0,`0.00,`0.00,`,`,`停车费用,`,`0.02000,`0.54%,`3.00,`0.00,`
`2026-04-16 10:55:51,`wxfc262f382d61c3db,`1723333380,`0,`,`4200003093202604166369510732,`1dc737db12204314835f6c732e7e1ac0,`obt9LvtwwThKKxLYMDSfOBi6_WAo,`JSAPI,`SUCCESS,`PAB_CREDIT,`CNY,`3.00,`0.00,`0,`0,`0.00,`0.00,`,`,`停车费用,`,`0.02000,`0.54%,`3.00,`0.00,`
`2026-04-16 12:51:56,`wxfc262f382d61c3db,`1723333380,`0,`,`4200003094202604164933478478,`7ec2c84d1cab417fb8de169f8da7ad9f,`obt9LvgeqF90DrZ21Me1l8g26tic,`JSAPI,`SUCCESS,`OTHERS,`CNY,`3.00,`0.00,`0,`0,`0.00,`0.00,`,`,`停车费用,`,`0.02000,`0.54%,`3.00,`0.00,`
`2026-04-16 17:55:46,`wxfc262f382d61c3db,`1723333380,`0,`,`4200003095202604160464582604,`39d2c7ee5dc142bd9518af1085a78c6a,`obt9LvpKmnrQeSlM4Qt5CJX2jJfA,`JSAPI,`SUCCESS,`CSCB_CREDIT,`CNY,`3.00,`0.00,`0,`0,`0.00,`0.00,`,`,`停车费用,`,`0.02000,`0.54%,`3.00,`0.00,`
`2026-04-16 10:47:31,`wxfc262f382d61c3db,`1723333380,`0,`,`4200003125202604163851116862,`5587a8c9050444a68747a3d04d160192,`obt9LvuT5jYgwdg_5o4R8O6GRVQs,`JSAPI,`SUCCESS,`OTHERS,`CNY,`3.00,`0.00,`0,`0,`0.00,`0.00,`,`,`停车费用,`,`0.02000,`0.54%,`3.00,`0.00,`
`2026-04-16 10:41:49,`wxfc262f382d61c3db,`1723333380,`0,`,`4200003126202604160392616767,`fae9dfa252c140e3b170089234964a12,`obt9Lvp49tkqOLfLkWJ-38_64AUU,`JSAPI,`SUCCESS,`COMM_CREDIT,`CNY,`3.00,`0.00,`0,`0,`0.00,`0.00,`,`,`停车费用,`,`0.02000,`0.54%,`3.00,`0.00,`
`2026-04-16 11:19:42,`wxfc262f382d61c3db,`1723333380,`0,`,`4200003126202604162001960299,`6e564811b06d4fdeb93de7a48150c3ca,`obt9LviBA5En8tP7hX_-Ri4EcxJ4,`JSAPI,`SUCCESS,`CITIC_CREDIT,`CNY,`3.00,`0.00,`0,`0,`0.00,`0.00,`,`,`停车费用,`,`0.02000,`0.54%,`3.00,`0.00,`
`2026-04-16 17:29:48,`wxfc262f382d61c3db,`1723333380,`0,`,`4200003127202604164988201319,`8b913cbecd9e4de4bd3a8383c47d7369,`obt9LvpxPj2zvWu0YFjuqfK_2HRM,`JSAPI,`SUCCESS,`OTHERS,`CNY,`3.00,`0.00,`0,`0,`0.00,`0.00,`,`,`停车费用,`,`0.02000,`0.54%,`3.00,`0.00,`
`2026-04-16 11:29:27,`wxfc262f382d61c3db,`1723333380,`0,`,`4200003128202604169682411228,`c5263e2904974def8ab507ca463f16a0,`obt9Lvkvo3eByxWpMtIfUllZW3Es,`JSAPI,`SUCCESS,`CCB_DEBIT,`CNY,`6.00,`0.00,`0,`0,`0.00,`0.00,`,`,`停车费用,`,`0.03000,`0.54%,`6.00,`0.00,`
`2026-04-16 11:24:34,`wxfc262f382d61c3db,`1723333380,`0,`,`4200003130202604162759033774,`a8fb25a48f6241729bc2db36ea57476d,`obt9LvlmpKA5FPIDEvm1spnsvJV4,`JSAPI,`SUCCESS,`OTHERS,`CNY,`6.00,`0.00,`0,`0,`0.00,`0.00,`,`,`停车费用,`,`0.03000,`0.54%,`6.00,`0.00,`
`2026-04-16 17:31:17,`wxfc262f382d61c3db,`1723333380,`0,`,`4200003130202604164448329695,`3c1c6a1cf311414498069bafd5f3bac2,`obt9LviUeEV5XjHoz31FVkJ2dmAg,`JSAPI,`SUCCESS,`OTHERS,`CNY,`15.00,`0.00,`0,`0,`0.00,`0.00,`,`,`停车费用,`,`0.08000,`0.54%,`15.00,`0.00,`
`2026-04-16 10:49:51,`wxfc262f382d61c3db,`1723333380,`0,`,`4200003130202604169292636909,`d7ab610064df4c7fa96431adbe994d12,`obt9LvsgliBiIcz_BIw2mXPvnCPQ,`JSAPI,`SUCCESS,`OTHERS,`CNY,`3.00,`0.00,`0,`0,`0.00,`0.00,`,`,`停车费用,`,`0.02000,`0.54%,`3.00,`0.00,`
`2026-04-16 10:49:16,`wxfc262f382d61c3db,`1723333380,`0,`,`4200003131202604160225130421,`477d58003ee04b798c15ebf3544079aa,`obt9Lvss11k1m7fo-U2SNt3QRJ7s,`JSAPI,`SUCCESS,`OTHERS,`CNY,`3.00,`0.00,`0,`0,`0.00,`0.00,`,`,`停车费用,`,`0.02000,`0.54%,`3.00,`0.00,`
`2026-04-16 20:57:41,`wxfc262f382d61c3db,`1723333380,`0,`,`4200003132202604162808822066,`2103e390f7c74c2c8eb0cb8fabb83121,`obt9LvjNZfQnKJwuG-Gh4T5Y1OPs,`JSAPI,`SUCCESS,`OTHERS,`CNY,`3.00,`0.00,`0,`0,`0.00,`0.00,`,`,`停车费用,`,`0.02000,`0.54%,`3.00,`0.00,`
`2026-04-16 20:53:37,`wxfc262f382d61c3db,`1723333380,`0,`,`4200003133202604169881324843,`c3c3f52eae544920a0b4c35d723e4037,`obt9LvqLH2wb6iEwkVg1EwUepzr0,`JSAPI,`SUCCESS,`OTHERS,`CNY,`3.00,`0.00,`0,`0,`0.00,`0.00,`,`,`停车费用,`,`0.02000,`0.54%,`3.00,`0.00,`
`2026-04-16 02:52:08,`wxfc262f382d61c3db,`1723333380,`0,`,`4200003134202604165014100370,`76676840aa6c45ca9a430b6d6c306e1b,`obt9LvguA7UaiCseWifQVH5XdjOs,`JSAPI,`SUCCESS,`ICBC_DEBIT,`CNY,`12.00,`0.00,`0,`0,`0.00,`0.00,`,`,`停车费用,`,`0.06000,`0.54%,`12.00,`0.00,`
`2026-04-16 17:42:05,`wxfc262f382d61c3db,`1723333380,`0,`,`4200003137202604161817519529,`d82924c6bc1d45a5934788f14715e415,`obt9Lvkvo3eByxWpMtIfUllZW3Es,`JSAPI,`SUCCESS,`CCB_DEBIT,`CNY,`3.00,`0.00,`0,`0,`0.00,`0.00,`,`,`停车费用,`,`0.02000,`0.54%,`3.00,`0.00,`
`2026-04-16 16:13:49,`wxfc262f382d61c3db,`1723333380,`0,`,`4200003137202604165762425267,`af08c5a9a4a94bb084e929916ba622b7,`obt9LvoxSuHBejOPZ7DBpPyrvQPs,`JSAPI,`SUCCESS,`CMB_DEBIT,`CNY,`3.00,`0.00,`0,`0,`0.00,`0.00,`,`,`停车费用,`,`0.02000,`0.54%,`3.00,`0.00,`
`2026-04-16 14:42:38,`wxfc262f382d61c3db,`1723333380,`0,`,`4200003137202604169793163603,`a342a6e3aec94bae8ca208d592d6c141,`obt9LvlRiXOg2hK2ZiuOeofCPHK0,`JSAPI,`SUCCESS,`OTHERS,`CNY,`6.00,`0.00,`0,`0,`0.00,`0.00,`,`,`停车费用,`,`0.03000,`0.54%,`6.00,`0.00,`
`2026-04-16 20:49:57,`wxfc262f382d61c3db,`1723333380,`0,`,`4200003140202604165275837881,`aa5c9da0f86345bc8bdce0572ff24e95,`obt9Lvq5cRDJhSIF1xCHXfa4QBcI,`JSAPI,`SUCCESS,`OTHERS,`CNY,`3.00,`0.00,`0,`0,`0.00,`0.00,`,`,`停车费用,`,`0.02000,`0.54%,`3.00,`0.00,`
`2026-04-16 08:35:59,`wxfc262f382d61c3db,`1723333380,`0,`,`4200003140202604168466606185,`a6a511be0c554f78936ed0aeef7b00bf,`obt9LvqvDhHcI_fNWgJGe90HxVaw,`JSAPI,`SUCCESS,`OTHERS,`CNY,`27.00,`0.00,`0,`0,`0.00,`0.00,`,`,`停车费用,`,`0.15000,`0.54%,`27.00,`0.00,`
`2026-04-17 16:42:42,`wxfc262f382d61c3db,`1723333380,`0,`,`4200003054202604170300105539,`80d7661a6caa42e5bc0576e09a71531e,`obt9LvqC1F6UBewL1DTG46m8UKXs,`JSAPI,`SUCCESS,`OTHERS,`CNY,`3.00,`0.00,`0,`0,`0.00,`0.00,`,`,`停车费用,`,`0.02000,`0.54%,`3.00,`0.00,`
`2026-04-17 11:02:47,`wxfc262f382d61c3db,`1723333380,`0,`,`4200003055202604173243833848,`5757b3fabb9642ceadb928b351bc1b8f,`obt9LvvGnAvghtRuhq392MGyMysU,`JSAPI,`SUCCESS,`OTHERS,`CNY,`3.00,`0.00,`0,`0,`0.00,`0.00,`,`,`停车费用,`,`0.02000,`0.54%,`3.00,`0.00,`
`2026-04-17 21:21:26,`wxfc262f382d61c3db,`1723333380,`0,`,`4200003056202604170410612449,`0cac14501f884475a9606e91bc292662,`obt9LvpQM06OjEZkwmNFZ-CKRjaQ,`JSAPI,`SUCCESS,`OTHERS,`CNY,`3.00,`0.00,`0,`0,`0.00,`0.00,`,`,`停车费用,`,`0.02000,`0.54%,`3.00,`0.00,`
`2026-04-17 10:31:01,`wxfc262f382d61c3db,`1723333380,`0,`,`4200003056202604177230409372,`9341c279984c46aab4171c7b6c02783f,`obt9LvvkuRyB0VnAw_Ik5-54kTeQ,`JSAPI,`SUCCESS,`PAB_CREDIT,`CNY,`3.00,`0.00,`0,`0,`0.00,`0.00,`,`,`停车费用,`,`0.02000,`0.54%,`3.00,`0.00,`
`2026-04-17 16:15:30,`wxfc262f382d61c3db,`1723333380,`0,`,`4200003057202604179249647018,`db16ab3a4a0147b582d182ac9bb8a634,`obt9LvidklciwEYQDUix6WP-Er_M,`JSAPI,`SUCCESS,`OTHERS,`CNY,`3.00,`0.00,`0,`0,`0.00,`0.00,`,`,`停车费用,`,`0.02000,`0.54%,`3.00,`0.00,`
`2026-04-17 20:49:48,`wxfc262f382d61c3db,`1723333380,`0,`,`4200003060202604170968700496,`83aafd99e6b2472d87454db49668381f,`obt9LvvA9f-UQoRiF-yknTKD0du4,`JSAPI,`SUCCESS,`OTHERS,`CNY,`3.00,`0.00,`0,`0,`0.00,`0.00,`,`,`停车费用,`,`0.02000,`0.54%,`3.00,`0.00,`
`2026-04-17 10:53:57,`wxfc262f382d61c3db,`1723333380,`0,`,`4200003061202604171241562434,`1050aaf6de92461aa5d018d8f39b6eb5,`obt9Lvp-ZwCtyglOhY-JshlM_nHw,`JSAPI,`SUCCESS,`OTHERS,`CNY,`3.00,`0.00,`0,`0,`0.00,`0.00,`,`,`停车费用,`,`0.02000,`0.54%,`3.00,`0.00,`
`2026-04-17 22:17:41,`wxfc262f382d61c3db,`1723333380,`0,`,`4200003061202604179650558223,`de9150ebc16f4a848f79faa4a6d451c8,`obt9LviXZDXmdF22aHMc51LbVum0,`JSAPI,`SUCCESS,`OTHERS,`CNY,`3.00,`0.00,`0,`0,`0.00,`0.00,`,`,`停车费用,`,`0.02000,`0.54%,`3.00,`0.00,`
`2026-04-17 19:11:56,`wxfc262f382d61c3db,`1723333380,`0,`,`4200003062202604170108709670,`f6decfbc5d5d4ce7a7b668533b7f2eb2,`obt9Lvm4Ku0Q5JDmiiyWOVpTUvOg,`JSAPI,`SUCCESS,`CCB_DEBIT,`CNY,`6.00,`0.00,`0,`0,`0.00,`0.00,`,`,`停车费用,`,`0.03000,`0.54%,`6.00,`0.00,`
`2026-04-17 10:19:53,`wxfc262f382d61c3db,`1723333380,`0,`,`4200003062202604171303612686,`059078f756cf4ba38487f59cb87c514b,`obt9LvoyWYq20Yg3iUuG-FPd7z48,`JSAPI,`SUCCESS,`ABC_DEBIT,`CNY,`30.00,`0.00,`0,`0,`0.00,`0.00,`,`,`停车费用,`,`0.16000,`0.54%,`30.00,`0.00,`
`2026-04-17 21:34:30,`wxfc262f382d61c3db,`1723333380,`0,`,`4200003063202604174749927943,`4d88b9ca2756413b84df588c4ecdd96d,`obt9Lvh7yDhGU1CNo9QR5KRQaiyA,`JSAPI,`SUCCESS,`OTHERS,`CNY,`6.00,`0.00,`0,`0,`0.00,`0.00,`,`,`停车费用,`,`0.03000,`0.54%,`6.00,`0.00,`
`2026-04-17 10:39:41,`wxfc262f382d61c3db,`1723333380,`0,`,`4200003068202604178630178154,`914230df004c42468881b37f418314c9,`obt9LvsgliBiIcz_BIw2mXPvnCPQ,`JSAPI,`SUCCESS,`OTHERS,`CNY,`3.00,`0.00,`0,`0,`0.00,`0.00,`,`,`停车费用,`,`0.02000,`0.54%,`3.00,`0.00,`
`2026-04-17 14:44:24,`wxfc262f382d61c3db,`1723333380,`0,`,`4200003068202604178731211469,`ff20ea44f0334cb7af9277a6ce17a8f4,`obt9LvjI1_tKjHWCKVVmoen3i_SQ,`JSAPI,`SUCCESS,`OTHERS,`CNY,`9.00,`0.00,`0,`0,`0.00,`0.00,`,`,`停车费用,`,`0.05000,`0.54%,`9.00,`0.00,`
`2026-04-17 10:55:50,`wxfc262f382d61c3db,`1723333380,`0,`,`4200003071202604177554809141,`379a40ca07ac421cad6f5d72fda39d97,`obt9LvtwwThKKxLYMDSfOBi6_WAo,`JSAPI,`SUCCESS,`PAB_CREDIT,`CNY,`3.00,`0.00,`0,`0,`0.00,`0.00,`,`,`停车费用,`,`0.02000,`0.54%,`3.00,`0.00,`
`2026-04-17 21:31:55,`wxfc262f382d61c3db,`1723333380,`0,`,`4200003075202604173985210945,`684e7915efd54505817ae745863d3118,`obt9LvvyBoBSzL7VPf3N-r0gBzn8,`JSAPI,`SUCCESS,`OTHERS,`CNY,`6.00,`0.00,`0,`0,`0.00,`0.00,`,`,`停车费用,`,`0.03000,`0.54%,`6.00,`0.00,`
`2026-04-17 11:49:28,`wxfc262f382d61c3db,`1723333380,`0,`,`4200003075202604176052340792,`93a4b783852c45b9a07d43f8d727ee87,`obt9Lvp49tkqOLfLkWJ-38_64AUU,`JSAPI,`SUCCESS,`CIB_CREDIT,`CNY,`6.00,`0.00,`0,`0,`0.00,`0.00,`,`,`停车费用,`,`0.03000,`0.54%,`6.00,`0.00,`
`2026-04-17 21:12:49,`wxfc262f382d61c3db,`1723333380,`0,`,`4200003078202604172845088431,`acc5767bc77745b886e4c1e6a3cf992e,`obt9LvjI1_tKjHWCKVVmoen3i_SQ,`JSAPI,`SUCCESS,`OTHERS,`CNY,`6.00,`0.00,`0,`0,`0.00,`0.00,`,`,`停车费用,`,`0.03000,`0.54%,`6.00,`0.00,`
`2026-04-17 11:47:58,`wxfc262f382d61c3db,`1723333380,`0,`,`4200003078202604178130451769,`25d9d3f06c444d99b4e0bbc0bb6ceb19,`obt9LvgzKlicJEY5T0U3OgtrvLa8,`JSAPI,`SUCCESS,`OTHERS,`CNY,`6.00,`0.00,`0,`0,`0.00,`0.00,`,`,`停车费用,`,`0.03000,`0.54%,`6.00,`0.00,`
`2026-04-17 16:36:40,`wxfc262f382d61c3db,`1723333380,`0,`,`4200003079202604179703000429,`fb89fa5818c648d4b09799d54a0936d3,`obt9LvhGWAkbVPWgEWdU8azYt3UU,`JSAPI,`SUCCESS,`PAB_CREDIT,`CNY,`3.00,`0.00,`0,`0,`0.00,`0.00,`,`,`停车费用,`,`0.02000,`0.54%,`3.00,`0.00,`
`2026-04-17 10:46:56,`wxfc262f382d61c3db,`1723333380,`0,`,`4200003081202604171357202120,`23e6e167848c4d6890b109cd8408988f,`obt9Lvulxgx10DajEXS3GxGcvV5E,`JSAPI,`SUCCESS,`OTHERS,`CNY,`3.00,`0.00,`0,`0,`0.00,`0.00,`,`,`停车费用,`,`0.02000,`0.54%,`3.00,`0.00,`
`2026-04-17 18:28:24,`wxfc262f382d61c3db,`1723333380,`0,`,`4200003082202604170153165635,`3ba5fa613b7f4fa3829061f7f6bf2126,`obt9LvitGbes4RpGDBjn94k48dDU,`JSAPI,`SUCCESS,`OTHERS,`CNY,`6.00,`0.00,`0,`0,`0.00,`0.00,`,`,`停车费用,`,`0.03000,`0.54%,`6.00,`0.00,`
`2026-04-17 11:17:51,`wxfc262f382d61c3db,`1723333380,`0,`,`4200003082202604170750984242,`96de043f2a234140a3a433f6dae4b609,`obt9LvuT5jYgwdg_5o4R8O6GRVQs,`JSAPI,`SUCCESS,`OTHERS,`CNY,`3.00,`0.00,`0,`0,`0.00,`0.00,`,`,`停车费用,`,`0.02000,`0.54%,`3.00,`0.00,`
`2026-04-17 16:43:45,`wxfc262f382d61c3db,`1723333380,`0,`,`4200003083202604176814528249,`4d38daba4b99402ca397d3ffe32f44a9,`obt9LvpS9nRikrEToOMYA5q8PEDI,`JSAPI,`SUCCESS,`CMB_DEBIT,`CNY,`9.00,`0.00,`0,`0,`0.00,`0.00,`,`,`停车费用,`,`0.05000,`0.54%,`9.00,`0.00,`
`2026-04-17 16:32:52,`wxfc262f382d61c3db,`1723333380,`0,`,`4200003084202604171796915577,`d67c06b131514e21be2caa078a80d6aa,`obt9LvsP15QrU85gJmqzz6uQ1FDQ,`JSAPI,`SUCCESS,`OTHERS,`CNY,`3.00,`0.00,`0,`0,`0.00,`0.00,`,`,`停车费用,`,`0.02000,`0.54%,`3.00,`0.00,`
`2026-04-17 22:18:26,`wxfc262f382d61c3db,`1723333380,`0,`,`4200003085202604172866656382,`c3982d294c6d4de091b8e854df2cbd13,`obt9LvrFfHtoxQ9WtfRNlPVFUKuQ,`JSAPI,`SUCCESS,`CITIC_CREDIT,`CNY,`12.00,`0.00,`0,`0,`0.00,`0.00,`,`,`停车费用,`,`0.06000,`0.54%,`12.00,`0.00,`
`2026-04-17 18:18:27,`wxfc262f382d61c3db,`1723333380,`0,`,`4200003086202604172663671798,`3f7fb66d5a00419dafc8b8e7c769a987,`obt9Lvsn564vVGxAECQslr9K1FTM,`JSAPI,`SUCCESS,`BOC_DEBIT,`CNY,`6.00,`0.00,`0,`0,`0.00,`0.00,`,`,`停车费用,`,`0.03000,`0.54%,`6.00,`0.00,`
`2026-04-17 21:17:29,`wxfc262f382d61c3db,`1723333380,`0,`,`4200003086202604173615061314,`034520cbd33f4069848d9d1a5b4c7cfb,`obt9LvnMwgeztlDtv0_HkZ9VYhCE,`JSAPI,`SUCCESS,`ICBC_DEBIT,`CNY,`3.00,`0.00,`0,`0,`0.00,`0.00,`,`,`停车费用,`,`0.02000,`0.54%,`3.00,`0.00,`
`2026-04-17 22:04:59,`wxfc262f382d61c3db,`1723333380,`0,`,`4200003087202604171414917634,`3e3d507d6a7f44f69068a6b69e05d68c,`obt9LvppdMyrnqSsJyOTpXMDLtR4,`JSAPI,`SUCCESS,`CEB_CREDIT,`CNY,`3.00,`0.00,`0,`0,`0.00,`0.00,`,`,`停车费用,`,`0.02000,`0.54%,`3.00,`0.00,`
`2026-04-17 10:38:35,`wxfc262f382d61c3db,`1723333380,`0,`,`4200003087202604179808520783,`80de0019ce024380a7b4cd8d47522e76,`obt9LvoBZSh9QCAZ6idwDDUqnZLo,`JSAPI,`SUCCESS,`OTHERS,`CNY,`3.00,`0.00,`0,`0,`0.00,`0.00,`,`,`停车费用,`,`0.02000,`0.54%,`3.00,`0.00,`
`2026-04-17 21:54:00,`wxfc262f382d61c3db,`1723333380,`0,`,`4200003089202604176401998756,`ebfad5594825410d9c02ac62ba79d45e,`obt9Lvnrq9nV0gdRg4yWNex3Ae0Y,`JSAPI,`SUCCESS,`ABC_DEBIT,`CNY,`3.00,`0.00,`0,`0,`0.00,`0.00,`,`,`停车费用,`,`0.02000,`0.54%,`3.00,`0.00,`
`2026-04-17 17:24:56,`wxfc262f382d61c3db,`1723333380,`0,`,`4200003089202604178561098747,`15bbd7296eb34fe0a9340178089bb7a7,`obt9Lvm-ItoeksLvJKXrMxaNj3eY,`JSAPI,`SUCCESS,`OTHERS,`CNY,`3.00,`0.00,`0,`0,`0.00,`0.00,`,`,`停车费用,`,`0.02000,`0.54%,`3.00,`0.00,`
`2026-04-17 09:08:43,`wxfc262f382d61c3db,`1723333380,`0,`,`4200003090202604171623481113,`ec88d91076764d10970fd9e281debb21,`obt9LvqvDhHcI_fNWgJGe90HxVaw,`JSAPI,`SUCCESS,`OTHERS,`CNY,`30.00,`0.00,`0,`0,`0.00,`0.00,`,`,`停车费用,`,`0.16000,`0.54%,`30.00,`0.00,`
`2026-04-17 11:03:08,`wxfc262f382d61c3db,`1723333380,`0,`,`4200003091202604179081771590,`6e9a8e202fb34960a5076f11a416b690,`obt9LvlmpKA5FPIDEvm1spnsvJV4,`JSAPI,`SUCCESS,`OTHERS,`CNY,`3.00,`0.00,`0,`0,`0.00,`0.00,`,`,`停车费用,`,`0.02000,`0.54%,`3.00,`0.00,`
`2026-04-17 21:30:48,`wxfc262f382d61c3db,`1723333380,`0,`,`4200003093202604174849366082,`a188171622e14d54b71a6e173947b740,`obt9LvsY2TQqHwqpXZxYMziHHsXA,`JSAPI,`SUCCESS,`OTHERS,`CNY,`3.00,`0.00,`0,`0,`0.00,`0.00,`,`,`停车费用,`,`0.02000,`0.54%,`3.00,`0.00,`
`2026-04-17 10:34:07,`wxfc262f382d61c3db,`1723333380,`0,`,`4200003093202604176485081754,`1af1657af8324cab89f7d1e98af04cc2,`obt9LvqBiJWHGSdJLx1R0AIGXorU,`JSAPI,`SUCCESS,`OTHERS,`CNY,`3.00,`0.00,`0,`0,`0.00,`0.00,`,`,`停车费用,`,`0.02000,`0.54%,`3.00,`0.00,`
`2026-04-17 10:53:55,`wxfc262f382d61c3db,`1723333380,`0,`,`4200003094202604176223982445,`66bde0164b2f4bf1be00ae21cc7ab6eb,`obt9LvhNI68iXmFyz5VOrQ9ClcZc,`JSAPI,`SUCCESS,`OTHERS,`CNY,`3.00,`0.00,`0,`0,`0.00,`0.00,`,`,`停车费用,`,`0.02000,`0.54%,`3.00,`0.00,`
`2026-04-17 21:36:09,`wxfc262f382d61c3db,`1723333380,`0,`,`4200003095202604174693228449,`2de9ee03fc9a4983885e4d8298c9a8a0,`obt9LviJBoga1oSy8uRPCQR0w5Mw,`JSAPI,`SUCCESS,`OTHERS,`CNY,`9.00,`0.00,`0,`0,`0.00,`0.00,`,`,`停车费用,`,`0.05000,`0.54%,`9.00,`0.00,`
`2026-04-17 21:12:59,`wxfc262f382d61c3db,`1723333380,`0,`,`4200003096202604174464148614,`b5a3a9c8b6b04f3c8469970cdbecf10c,`obt9LvqjX4rCjXilPaLj5q_puscU,`JSAPI,`SUCCESS,`BANK_CREDIT,`CNY,`3.00,`0.00,`0,`0,`0.00,`0.00,`,`,`停车费用,`,`0.02000,`0.54%,`3.00,`0.00,`
`2026-04-17 10:42:26,`wxfc262f382d61c3db,`1723333380,`0,`,`4200003096202604176143734825,`702a168d33f6457791d79c46ddb68401,`obt9Lvss__01bD9wsU0vINDfNIMs,`JSAPI,`SUCCESS,`OTHERS,`CNY,`3.00,`0.00,`0,`0,`0.00,`0.00,`,`,`停车费用,`,`0.02000,`0.54%,`3.00,`0.00,`
`2026-04-17 11:03:00,`wxfc262f382d61c3db,`1723333380,`0,`,`4200003096202604179316592742,`16a6cdf624f94e75804966fb94ff376b,`obt9LvmrHrz_C5K0AMX1u67ZFWwg,`JSAPI,`SUCCESS,`OTHERS,`CNY,`3.00,`0.00,`0,`0,`0.00,`0.00,`,`,`停车费用,`,`0.02000,`0.54%,`3.00,`0.00,`
`2026-04-17 16:12:09,`wxfc262f382d61c3db,`1723333380,`0,`,`4200003125202604172121281129,`2fa427113f844dce825b7b4d2d3d06d8,`obt9Lvu59JxO-lgpqx0uNNCkosJU,`JSAPI,`SUCCESS,`OTHERS,`CNY,`3.00,`0.00,`0,`0,`0.00,`0.00,`,`,`停车费用,`,`0.02000,`0.54%,`3.00,`0.00,`
`2026-04-17 13:31:12,`wxfc262f382d61c3db,`1723333380,`0,`,`4200003125202604173503910375,`43716ad43ef847189e0cce8faf71c639,`obt9Lvr0zKCLbth_l_4on762eYLM,`JSAPI,`SUCCESS,`OTHERS,`CNY,`27.00,`0.00,`0,`0,`0.00,`0.00,`,`,`停车费用,`,`0.15000,`0.54%,`27.00,`0.00,`
`2026-04-17 18:40:36,`wxfc262f382d61c3db,`1723333380,`0,`,`4200003125202604173918919890,`c8a49bf781fb4ff6a0c58fbe03e29da6,`obt9LvvUtBCVibTjHrqPtdBvFDmg,`JSAPI,`SUCCESS,`OTHERS,`CNY,`6.00,`0.00,`0,`0,`0.00,`0.00,`,`,`停车费用,`,`0.03000,`0.54%,`6.00,`0.00,`
`2026-04-17 17:48:33,`wxfc262f382d61c3db,`1723333380,`0,`,`4200003126202604176451073343,`1607cf4bdad84e098b523ae74769b128,`obt9Lvkvo3eByxWpMtIfUllZW3Es,`JSAPI,`SUCCESS,`CCB_DEBIT,`CNY,`3.00,`0.00,`0,`0,`0.00,`0.00,`,`,`停车费用,`,`0.02000,`0.54%,`3.00,`0.00,`
`2026-04-17 11:32:27,`wxfc262f382d61c3db,`1723333380,`0,`,`4200003127202604170853305263,`101ed9d1314646b69f1327663522d162,`obt9LvpKmnrQeSlM4Qt5CJX2jJfA,`JSAPI,`SUCCESS,`CSCB_CREDIT,`CNY,`3.00,`0.00,`0,`0,`0.00,`0.00,`,`,`停车费用,`,`0.02000,`0.54%,`3.00,`0.00,`
`2026-04-17 10:50:05,`wxfc262f382d61c3db,`1723333380,`0,`,`4200003127202604177160983906,`a8b5b1b121be4fa2bf855d6770d95d28,`obt9LvvhpaE8Df1tvqrU2elNyhE4,`JSAPI,`SUCCESS,`PAB_DEBIT,`CNY,`3.00,`0.00,`0,`0,`0.00,`0.00,`,`,`停车费用,`,`0.02000,`0.54%,`3.00,`0.00,`
`2026-04-17 13:02:53,`wxfc262f382d61c3db,`1723333380,`0,`,`4200003128202604178967404170,`e95365f802d84ab6ba926ed375e7fa12,`obt9LvoPdnOkN61ZLVAjSQQX3HBk,`JSAPI,`SUCCESS,`OTHERS,`CNY,`9.00,`0.00,`0,`0,`0.00,`0.00,`,`,`停车费用,`,`0.05000,`0.54%,`9.00,`0.00,`
`2026-04-17 20:43:26,`wxfc262f382d61c3db,`1723333380,`0,`,`4200003129202604172591203939,`0505e0e8dd4f4d38a804f133551c514d,`obt9Lvo--nctgBXulequbIWXizOE,`JSAPI,`SUCCESS,`CCB_DEBIT,`CNY,`6.00,`0.00,`0,`0,`0.00,`0.00,`,`,`停车费用,`,`0.03000,`0.54%,`6.00,`0.00,`
`2026-04-17 13:19:26,`wxfc262f382d61c3db,`1723333380,`0,`,`4200003129202604178348142533,`b66c0d2d17db4ca89502c6563dbf31cf,`obt9LvgikPQhPUfFsfHbAVOAxHSA,`JSAPI,`SUCCESS,`OTHERS,`CNY,`3.00,`0.00,`0,`0,`0.00,`0.00,`,`,`停车费用,`,`0.02000,`0.54%,`3.00,`0.00,`
`2026-04-17 16:33:58,`wxfc262f382d61c3db,`1723333380,`0,`,`4200003130202604176118886858,`f7c1ec98b8c94e75b55bed4df1460ba4,`obt9LvqU2Lqwk6BHB2HQ-bafrhuU,`JSAPI,`SUCCESS,`OTHERS,`CNY,`6.00,`0.00,`0,`0,`0.00,`0.00,`,`,`停车费用,`,`0.03000,`0.54%,`6.00,`0.00,`
`2026-04-17 12:10:48,`wxfc262f382d61c3db,`1723333380,`0,`,`4200003131202604171077765957,`6af6dc7af1e742f18f097a4604770a04,`obt9LvmAVbNFhqZ8cfCOMyQHBCbo,`JSAPI,`SUCCESS,`CMB_CREDIT,`CNY,`3.00,`0.00,`0,`0,`0.00,`0.00,`,`,`停车费用,`,`0.02000,`0.54%,`3.00,`0.00,`
`2026-04-17 20:38:24,`wxfc262f382d61c3db,`1723333380,`0,`,`4200003131202604172421963662,`e139524c382d4bdbb8ad100542717399,`obt9LvldY-7vZlRMWvHURcbQ2uMY,`JSAPI,`SUCCESS,`OTHERS,`CNY,`3.00,`0.00,`0,`0,`0.00,`0.00,`,`,`停车费用,`,`0.02000,`0.54%,`3.00,`0.00,`
`2026-04-17 17:54:45,`wxfc262f382d61c3db,`1723333380,`0,`,`4200003132202604172843861299,`228ed1f0830b49bbbdcdae5c047fa63b,`obt9LvtngaB4Abqq04Qi5ORzpgP8,`JSAPI,`SUCCESS,`OTHERS,`CNY,`3.00,`0.00,`0,`0,`0.00,`0.00,`,`,`停车费用,`,`0.02000,`0.54%,`3.00,`0.00,`
`2026-04-17 19:06:46,`wxfc262f382d61c3db,`1723333380,`0,`,`4200003132202604174326278591,`8974f325279d4a81854cd49a614a7dba,`obt9Lvj68CSOoMJ4NrI99kG6sx-k,`JSAPI,`SUCCESS,`CCB_DEBIT,`CNY,`6.00,`0.00,`0,`0,`0.00,`0.00,`,`,`停车费用,`,`0.03000,`0.54%,`6.00,`0.00,`
`2026-04-17 20:45:51,`wxfc262f382d61c3db,`1723333380,`0,`,`4200003133202604175663012821,`18001f0985c54ad2b8d50bab49ed06f4,`obt9LvlfsJOcrYwuDbG1a5tSp8Ec,`JSAPI,`SUCCESS,`OTHERS,`CNY,`3.00,`0.00,`0,`0,`0.00,`0.00,`,`,`停车费用,`,`0.02000,`0.54%,`3.00,`0.00,`
`2026-04-17 12:05:48,`wxfc262f382d61c3db,`1723333380,`0,`,`4200003134202604175173544567,`d494b42df4ab441d857d8e0e0239ae9c,`obt9LvsP15QrU85gJmqzz6uQ1FDQ,`JSAPI,`SUCCESS,`OTHERS,`CNY,`9.00,`0.00,`0,`0,`0.00,`0.00,`,`,`停车费用,`,`0.05000,`0.54%,`9.00,`0.00,`
`2026-04-17 10:50:11,`wxfc262f382d61c3db,`1723333380,`0,`,`4200003134202604178678861374,`5973c2abc1b746ef83afcf3a18efcc2a,`obt9LvqD9m8kn5qRo1IswMwOOIus,`JSAPI,`SUCCESS,`OTHERS,`CNY,`3.00,`0.00,`0,`0,`0.00,`0.00,`,`,`停车费用,`,`0.02000,`0.54%,`3.00,`0.00,`
`2026-04-17 20:06:44,`wxfc262f382d61c3db,`1723333380,`0,`,`4200003136202604172447630633,`29b938840bd543cd9b78e1ea0d195e6d,`obt9LvsiPTiUe0fzQpCjFXN03y-g,`JSAPI,`SUCCESS,`OTHERS,`CNY,`3.00,`0.00,`0,`0,`0.00,`0.00,`,`,`停车费用,`,`0.02000,`0.54%,`3.00,`0.00,`
`2026-04-17 12:01:31,`wxfc262f382d61c3db,`1723333380,`0,`,`4200003136202604173657794715,`a424c92819934ef4808daf41e8703486,`obt9LviBA5En8tP7hX_-Ri4EcxJ4,`JSAPI,`SUCCESS,`CITIC_CREDIT,`CNY,`6.00,`0.00,`0,`0,`0.00,`0.00,`,`,`停车费用,`,`0.03000,`0.54%,`6.00,`0.00,`
`2026-04-17 21:09:55,`wxfc262f382d61c3db,`1723333380,`0,`,`4200003136202604174561068738,`2ced04cd8f2444e88b88ed8d6fa83492,`obt9LvgLaowD_v4nR_MdrOBOx1Ok,`JSAPI,`SUCCESS,`ICBC_DEBIT,`CNY,`3.00,`0.00,`0,`0,`0.00,`0.00,`,`,`停车费用,`,`0.02000,`0.54%,`3.00,`0.00,`
`2026-04-17 17:13:50,`wxfc262f382d61c3db,`1723333380,`0,`,`4200003137202604170784503140,`a216db4c6114482089b6239995ba6bce,`obt9LvlmpKA5FPIDEvm1spnsvJV4,`JSAPI,`SUCCESS,`OTHERS,`CNY,`12.00,`0.00,`0,`0,`0.00,`0.00,`,`,`停车费用,`,`0.06000,`0.54%,`12.00,`0.00,`
`2026-04-17 20:17:42,`wxfc262f382d61c3db,`1723333380,`0,`,`4200003140202604171147264856,`e4a2a80f45e34b9ba5d1eedf1d679f94,`obt9LvuAF8Jy2Dny77K4Q74jwzPQ,`JSAPI,`SUCCESS,`OTHERS,`CNY,`3.00,`0.00,`0,`0,`0.00,`0.00,`,`,`停车费用,`,`0.02000,`0.54%,`3.00,`0.00,`
`2026-04-17 20:48:35,`wxfc262f382d61c3db,`1723333380,`0,`,`4200003140202604175941431775,`d69d065ebf76497482bf28be5ed78382,`obt9LviYpa6XcVTdaC18PWBIvdso,`JSAPI,`SUCCESS,`OTHERS,`CNY,`9.00,`0.00,`0,`0,`0.00,`0.00,`,`,`停车费用,`,`0.05000,`0.54%,`9.00,`0.00,`
`2026-04-17 18:57:04,`wxfc262f382d61c3db,`1723333380,`0,`,`4200003140202604179929103913,`d6235effae5741eeb5c36bd3de7a8aed,`obt9LvoxSuHBejOPZ7DBpPyrvQPs,`JSAPI,`SUCCESS,`OTHERS,`CNY,`3.00,`0.00,`0,`0,`0.00,`0.00,`,`,`停车费用,`,`0.02000,`0.54%,`3.00,`0.00,`
`2026-04-18 22:38:44,`wxfc262f382d61c3db,`1723333380,`0,`,`4200003051202604181649090727,`40a168b2a37e40a7ad11f9d510ce4d0d,`obt9LviyUG7M3XblvGjrSSBj3PUs,`JSAPI,`SUCCESS,`HRXJB_CREDIT,`CNY,`3.00,`0.00,`0,`0,`0.00,`0.00,`,`,`停车费用,`,`0.02000,`0.54%,`3.00,`0.00,`
`2026-04-18 12:33:36,`wxfc262f382d61c3db,`1723333380,`0,`,`4200003052202604180985648362,`5ca4d8dec5ca4b13a51c5eceee55636a,`obt9Lvm9l8xRPhdXznBZXy__QKa8,`JSAPI,`SUCCESS,`OTHERS,`CNY,`3.00,`0.00,`0,`0,`0.00,`0.00,`,`,`停车费用,`,`0.02000,`0.54%,`3.00,`0.00,`
`2026-04-18 15:11:23,`wxfc262f382d61c3db,`1723333380,`0,`,`4200003052202604183488750152,`0de5b433a7c24d05a478e9232555b6ca,`obt9LvkbqfmH_yUZyh-2p-AsKjEA,`JSAPI,`SUCCESS,`UPQUICKPASS_DEBIT,`CNY,`6.00,`1.00,`0,`0,`0.00,`0.00,`,`,`停车费用,`,`0.03000,`0.54%,`6.00,`0.00,`
`2026-04-18 22:02:13,`wxfc262f382d61c3db,`1723333380,`0,`,`4200003052202604187536833858,`89d314e177ce49e2b0761b0b7e251888,`obt9LvhoO3wZNNbDZL-Cw1haa85U,`JSAPI,`SUCCESS,`OTHERS,`CNY,`6.00,`0.00,`0,`0,`0.00,`0.00,`,`,`停车费用,`,`0.03000,`0.54%,`6.00,`0.00,`
`2026-04-18 17:38:54,`wxfc262f382d61c3db,`1723333380,`0,`,`4200003053202604188448126277,`0ac4ac9ad1974eeda088094b7d634c87,`obt9LvvgJ3mHMnUqD0fLPmb5CJBo,`JSAPI,`SUCCESS,`OTHERS,`CNY,`6.00,`0.00,`0,`0,`0.00,`0.00,`,`,`停车费用,`,`0.03000,`0.54%,`6.00,`0.00,`
`2026-04-18 11:53:19,`wxfc262f382d61c3db,`1723333380,`0,`,`4200003053202604189489012611,`4bbcf34bed4a48d78892859bdca870eb,`obt9Lvhkql5K-6A3wsqohwDlmcwk,`JSAPI,`SUCCESS,`OTHERS,`CNY,`3.00,`0.00,`0,`0,`0.00,`0.00,`,`,`停车费用,`,`0.02000,`0.54%,`3.00,`0.00,`
`2026-04-18 19:57:28,`wxfc262f382d61c3db,`1723333380,`0,`,`4200003054202604182538979461,`ccfeddfc3a194ed897bb4bc130054929,`obt9LvqomTBcOvB7fjFBm3rVOe5o,`JSAPI,`SUCCESS,`OTHERS,`CNY,`3.00,`0.00,`0,`0,`0.00,`0.00,`,`,`停车费用,`,`0.02000,`0.54%,`3.00,`0.00,`
`2026-04-18 21:28:21,`wxfc262f382d61c3db,`1723333380,`0,`,`4200003056202604183993130112,`8263e18754ac49a4afa58c6e59b0011c,`obt9LvsI5ENvwQp4IZaGbSObDYAA,`JSAPI,`SUCCESS,`ICBC_DEBIT,`CNY,`3.00,`0.00,`0,`0,`0.00,`0.00,`,`,`停车费用,`,`0.02000,`0.54%,`3.00,`0.00,`
`2026-04-18 19:04:56,`wxfc262f382d61c3db,`1723333380,`0,`,`4200003057202604187618528213,`aea3087571e645639de74557daf9aadb,`obt9LvioLruRuHEr8wPElZSbi2ok,`JSAPI,`SUCCESS,`OTHERS,`CNY,`6.00,`0.00,`0,`0,`0.00,`0.00,`,`,`停车费用,`,`0.03000,`0.54%,`6.00,`0.00,`
`2026-04-18 16:28:44,`wxfc262f382d61c3db,`1723333380,`0,`,`4200003057202604188653329346,`55b22104cc6f4f8990dc6df0c1fa3c31,`obt9LvimKAvX8ePrQFxz7STmCukY,`JSAPI,`SUCCESS,`CITIC_CREDIT,`CNY,`3.00,`0.00,`0,`0,`0.00,`0.00,`,`,`停车费用,`,`0.02000,`0.54%,`3.00,`0.00,`
`2026-04-18 20:02:18,`wxfc262f382d61c3db,`1723333380,`0,`,`4200003059202604184901189207,`01b05c3ed8f543faa1f4c678c8e1e799,`obt9LviyCpMtuOs56F6W0zu5OqgU,`JSAPI,`SUCCESS,`OTHERS,`CNY,`3.00,`0.00,`0,`0,`0.00,`0.00,`,`,`停车费用,`,`0.02000,`0.54%,`3.00,`0.00,`
`2026-04-18 17:37:08,`wxfc262f382d61c3db,`1723333380,`0,`,`4200003059202604187943877297,`91e10227b75d43ada91608f04cee81fe,`obt9LvnCjguxfKWrDfvkeUCkPWws,`JSAPI,`SUCCESS,`OTHERS,`CNY,`9.00,`0.00,`0,`0,`0.00,`0.00,`,`,`停车费用,`,`0.05000,`0.54%,`9.00,`0.00,`
`2026-04-18 18:20:48,`wxfc262f382d61c3db,`1723333380,`0,`,`4200003059202604189667175950,`63f3d0d985604021b2b07430954e750c,`obt9LvpoikPyz6AJmgadlnLp9AiA,`JSAPI,`SUCCESS,`OTHERS,`CNY,`3.00,`0.00,`0,`0,`0.00,`0.00,`,`,`停车费用,`,`0.02000,`0.54%,`3.00,`0.00,`
`2026-04-18 23:37:32,`wxfc262f382d61c3db,`1723333380,`0,`,`4200003061202604182788099193,`be2d7c4bd48147c4aa990e54d7de3c98,`obt9LvvjoTADfjv6OFB-7lgnDMck,`JSAPI,`SUCCESS,`OTHERS,`CNY,`9.00,`0.00,`0,`0,`0.00,`0.00,`,`,`停车费用,`,`0.05000,`0.54%,`9.00,`0.00,`
`2026-04-18 16:54:49,`wxfc262f382d61c3db,`1723333380,`0,`,`4200003061202604184882742109,`9739569ff18c45b586aeed998a5d152f,`obt9Lvn3zKYF8UVHYFsZwIGzwP_w,`JSAPI,`SUCCESS,`OTHERS,`CNY,`3.00,`0.00,`0,`0,`0.00,`0.00,`,`,`停车费用,`,`0.02000,`0.54%,`3.00,`0.00,`
`2026-04-18 22:28:30,`wxfc262f382d61c3db,`1723333380,`0,`,`4200003062202604184437925246,`03c6c424d2e848589d5f0afdd931bc98,`obt9LvlNahCC6lGMHqxU4N1QqbFc,`JSAPI,`SUCCESS,`OTHERS,`CNY,`3.00,`0.00,`0,`0,`0.00,`0.00,`,`,`停车费用,`,`0.02000,`0.54%,`3.00,`0.00,`
`2026-04-18 23:00:16,`wxfc262f382d61c3db,`1723333380,`0,`,`4200003064202604186644822616,`98db93d3fd1f48209616b6e6a1431767,`obt9LvrE3nywNVgHolPb4cKEUf0w,`JSAPI,`SUCCESS,`OTHERS,`CNY,`3.00,`0.00,`0,`0,`0.00,`0.00,`,`,`停车费用,`,`0.02000,`0.54%,`3.00,`0.00,`
`2026-04-18 16:14:03,`wxfc262f382d61c3db,`1723333380,`0,`,`4200003064202604188667787491,`4c977f2646d44488aee32bfbafa35cf4,`obt9LvotcmJtpz0adSmr1pjcVQGQ,`JSAPI,`SUCCESS,`OTHERS,`CNY,`3.00,`0.00,`0,`0,`0.00,`0.00,`,`,`停车费用,`,`0.02000,`0.54%,`3.00,`0.00,`
`2026-04-18 14:14:27,`wxfc262f382d61c3db,`1723333380,`0,`,`4200003065202604182378157708,`a88edccfdcd347e7a2ec268423625e70,`obt9LvjCGc6gVNFZfxzWiqYtcXRI,`JSAPI,`SUCCESS,`OTHERS,`CNY,`3.00,`0.00,`0,`0,`0.00,`0.00,`,`,`停车费用,`,`0.02000,`0.54%,`3.00,`0.00,`
`2026-04-18 20:47:06,`wxfc262f382d61c3db,`1723333380,`0,`,`4200003065202604184070615020,`50f34eab9b7b49b191e3a5a96ceb5dbe,`obt9LvqSETr52mbdGDDdkOBlUlLY,`JSAPI,`SUCCESS,`OTHERS,`CNY,`3.00,`0.00,`0,`0,`0.00,`0.00,`,`,`停车费用,`,`0.02000,`0.54%,`3.00,`0.00,`
`2026-04-18 20:29:47,`wxfc262f382d61c3db,`1723333380,`0,`,`4200003066202604181861025594,`5166da03775a411f98f9269f40a2482a,`obt9LvkW9Edcct-sByvrSoJUb_bA,`JSAPI,`SUCCESS,`OTHERS,`CNY,`3.00,`0.00,`0,`0,`0.00,`0.00,`,`,`停车费用,`,`0.02000,`0.54%,`3.00,`0.00,`
`2026-04-18 11:54:31,`wxfc262f382d61c3db,`1723333380,`0,`,`4200003067202604189705605650,`7588f29f20da44d3bf48b35ea3037e33,`obt9LvqbpbSoZ4Mo8C7-g2cElj2E,`JSAPI,`SUCCESS,`OTHERS,`CNY,`3.00,`0.00,`0,`0,`0.00,`0.00,`,`,`停车费用,`,`0.02000,`0.54%,`3.00,`0.00,`
`2026-04-18 21:29:08,`wxfc262f382d61c3db,`1723333380,`0,`,`4200003068202604189997094497,`2c8cf4976d664eafbc33dc54aff7e8bc,`obt9LvvuUJg9WGdCgjkVDfP_uwy8,`JSAPI,`SUCCESS,`OTHERS,`CNY,`3.00,`0.00,`0,`0,`0.00,`0.00,`,`,`停车费用,`,`0.02000,`0.54%,`3.00,`0.00,`
`2026-04-18 18:42:22,`wxfc262f382d61c3db,`1723333380,`0,`,`4200003069202604184367012882,`99e8fd703f8d474998a1e8c5f8af4be3,`obt9LvutqHgkmpk8iVQHnTdrizLg,`JSAPI,`SUCCESS,`OTHERS,`CNY,`3.00,`0.00,`0,`0,`0.00,`0.00,`,`,`停车费用,`,`0.02000,`0.54%,`3.00,`0.00,`
`2026-04-18 00:00:30,`wxfc262f382d61c3db,`1723333380,`0,`,`4200003069202604187349782316,`e1c0b44333064c38b2f2cd664c85bb5a,`obt9LvuPZcSAroggwuLxYysQGjj4,`JSAPI,`SUCCESS,`CMB_CREDIT,`CNY,`3.00,`0.00,`0,`0,`0.00,`0.00,`,`,`停车费用,`,`0.02000,`0.54%,`3.00,`0.00,`
`2026-04-18 16:01:03,`wxfc262f382d61c3db,`1723333380,`0,`,`4200003070202604180935859874,`bd1d8913ffb84b4a93b47371d3a49638,`obt9LvqU2Lqwk6BHB2HQ-bafrhuU,`JSAPI,`SUCCESS,`ICBC_DEBIT,`CNY,`6.00,`0.00,`0,`0,`0.00,`0.00,`,`,`停车费用,`,`0.03000,`0.54%,`6.00,`0.00,`
`2026-04-18 12:33:06,`wxfc262f382d61c3db,`1723333380,`0,`,`4200003070202604183083006672,`808b7ae6cd75485991bfc72123860da5,`obt9LviO146Qpy6agML4Jw7sxkmU,`JSAPI,`SUCCESS,`OTHERS,`CNY,`3.00,`0.00,`0,`0,`0.00,`0.00,`,`,`停车费用,`,`0.02000,`0.54%,`3.00,`0.00,`
`2026-04-18 21:25:21,`wxfc262f382d61c3db,`1723333380,`0,`,`4200003070202604183371958569,`2d23b72dc85c48d0ab83b8ba726a42b7,`obt9LvtI902MjRRo6yCAS7ssasF4,`JSAPI,`SUCCESS,`OTHERS,`CNY,`3.00,`0.00,`0,`0,`0.00,`0.00,`,`,`停车费用,`,`0.02000,`0.54%,`3.00,`0.00,`
`2026-04-18 11:30:09,`wxfc262f382d61c3db,`1723333380,`0,`,`4200003070202604187218966934,`9ff3c4a73198438bb3604cfd57740766,`obt9Lvql3clRblLv6xqkgitE8IzA,`JSAPI,`SUCCESS,`CITIC_CREDIT,`CNY,`3.00,`0.00,`0,`0,`0.00,`0.00,`,`,`停车费用,`,`0.02000,`0.54%,`3.00,`0.00,`
`2026-04-18 21:07:09,`wxfc262f382d61c3db,`1723333380,`0,`,`4200003071202604184860221728,`c3506f86b3b34ec5b169a7f3e2971b2a,`obt9LvpROFOANdId0xw9kpRcr3R8,`JSAPI,`SUCCESS,`OTHERS,`CNY,`6.00,`0.00,`0,`0,`0.00,`0.00,`,`,`停车费用,`,`0.03000,`0.54%,`6.00,`0.00,`
`2026-04-18 22:14:05,`wxfc262f382d61c3db,`1723333380,`0,`,`4200003073202604182518082951,`fe3539345c364d8e9124e55342ff68f5,`obt9LvlRFF2hYsUcgU7ERqST2XNU,`JSAPI,`SUCCESS,`OTHERS,`CNY,`6.00,`0.00,`0,`0,`0.00,`0.00,`,`,`停车费用,`,`0.03000,`0.54%,`6.00,`0.00,`
`2026-04-18 18:40:13,`wxfc262f382d61c3db,`1723333380,`0,`,`4200003073202604184172986641,`4783c84a2dc4491192b5a800ccef75c2,`obt9LvuREsFCeGgWrf1_JZLyJQg0,`JSAPI,`SUCCESS,`OTHERS,`CNY,`3.00,`0.00,`0,`0,`0.00,`0.00,`,`,`停车费用,`,`0.02000,`0.54%,`3.00,`0.00,`
`2026-04-18 21:20:43,`wxfc262f382d61c3db,`1723333380,`0,`,`4200003073202604187637814651,`408d717c925646e697811bc9fdf64e2b,`obt9LvnqikxfDZa_mqRKcC0EI0h0,`JSAPI,`SUCCESS,`OTHERS,`CNY,`15.00,`0.00,`0,`0,`0.00,`0.00,`,`,`停车费用,`,`0.08000,`0.54%,`15.00,`0.00,`
`2026-04-18 12:20:50,`wxfc262f382d61c3db,`1723333380,`0,`,`4200003074202604184974640458,`c807121d72354c04bfe66df46f258cea,`obt9Lvsy2KROu3gOKX8akRmnlP58,`JSAPI,`SUCCESS,`OTHERS,`CNY,`3.00,`0.00,`0,`0,`0.00,`0.00,`,`,`停车费用,`,`0.02000,`0.54%,`3.00,`0.00,`
`2026-04-18 17:21:34,`wxfc262f382d61c3db,`1723333380,`0,`,`4200003074202604188180151184,`38e0776cce2e4c099c8f5b34886853b6,`obt9LvkKP5sEaMhDMDJLbhkTdrXE,`JSAPI,`SUCCESS,`CCB_DEBIT,`CNY,`6.00,`0.00,`0,`0,`0.00,`0.00,`,`,`停车费用,`,`0.03000,`0.54%,`6.00,`0.00,`
`2026-04-18 12:22:09,`wxfc262f382d61c3db,`1723333380,`0,`,`4200003077202604183576153331,`67a20efd15b74de7a8abbd7617a1bff5,`obt9LvnReBqyiH8jwX99y-EJPlUE,`JSAPI,`SUCCESS,`OTHERS,`CNY,`3.00,`0.00,`0,`0,`0.00,`0.00,`,`,`停车费用,`,`0.02000,`0.54%,`3.00,`0.00,`
`2026-04-18 18:13:16,`wxfc262f382d61c3db,`1723333380,`0,`,`4200003078202604180761911461,`6cdd015280db4a168672195f8f1092ca,`obt9Lvu-X5fS6afl0aZjDYLxU858,`JSAPI,`SUCCESS,`CMBC_CREDIT,`CNY,`3.00,`0.00,`0,`0,`0.00,`0.00,`,`,`停车费用,`,`0.02000,`0.54%,`3.00,`0.00,`
`2026-04-18 11:59:47,`wxfc262f382d61c3db,`1723333380,`0,`,`4200003078202604185186214591,`3a8fa4ebb90c4991a658c3610e6d6138,`obt9LvhRMYgsnb9Z9CTPADKlhO3A,`JSAPI,`SUCCESS,`OTHERS,`CNY,`3.00,`0.00,`0,`0,`0.00,`0.00,`,`,`停车费用,`,`0.02000,`0.54%,`3.00,`0.00,`
`2026-04-18 11:41:21,`wxfc262f382d61c3db,`1723333380,`0,`,`4200003079202604184940925203,`a00f94f86f7c4b60b18358087f3f1539,`obt9Lvm4Ku0Q5JDmiiyWOVpTUvOg,`JSAPI,`SUCCESS,`CCB_DEBIT,`CNY,`3.00,`0.00,`0,`0,`0.00,`0.00,`,`,`停车费用,`,`0.02000,`0.54%,`3.00,`0.00,`
`2026-04-18 12:37:39,`wxfc262f382d61c3db,`1723333380,`0,`,`4200003080202604180889959013,`07c7d3af53954f12a1733002035f921d,`obt9LvuLEZqOCPRpGRhHvonbxg4Y,`JSAPI,`SUCCESS,`OTHERS,`CNY,`3.00,`0.00,`0,`0,`0.00,`0.00,`,`,`停车费用,`,`0.02000,`0.54%,`3.00,`0.00,`
`2026-04-18 16:04:33,`wxfc262f382d61c3db,`1723333380,`0,`,`4200003080202604185231407324,`d4ef23451cb942e4a6685d2f0eef1007,`obt9LvvUtBCVibTjHrqPtdBvFDmg,`JSAPI,`SUCCESS,`OTHERS,`CNY,`3.00,`0.00,`0,`0,`0.00,`0.00,`,`,`停车费用,`,`0.02000,`0.54%,`3.00,`0.00,`
`2026-04-18 16:05:51,`wxfc262f382d61c3db,`1723333380,`0,`,`4200003080202604185930736581,`81eee663d8484ada9c2436689b33f6f7,`obt9LvoPdnOkN61ZLVAjSQQX3HBk,`JSAPI,`SUCCESS,`OTHERS,`CNY,`9.00,`0.00,`0,`0,`0.00,`0.00,`,`,`停车费用,`,`0.05000,`0.54%,`9.00,`0.00,`
`2026-04-18 22:15:59,`wxfc262f382d61c3db,`1723333380,`0,`,`4200003082202604180069716019,`70daf53ab7cd4988ad7b938d54ef3fb8,`obt9LviCTVXuVGLyGaKJB9WOjyWw,`JSAPI,`SUCCESS,`OTHERS,`CNY,`6.00,`0.00,`0,`0,`0.00,`0.00,`,`,`停车费用,`,`0.03000,`0.54%,`6.00,`0.00,`
`2026-04-18 19:54:48,`wxfc262f382d61c3db,`1723333380,`0,`,`4200003082202604182783133632,`5f096964db14453ebfa60132ffa87761,`obt9LvmX-7ajMksPemrP2p7TUhsY,`JSAPI,`SUCCESS,`OTHERS,`CNY,`9.00,`0.00,`0,`0,`0.00,`0.00,`,`,`停车费用,`,`0.05000,`0.54%,`9.00,`0.00,`
`2026-04-18 14:55:38,`wxfc262f382d61c3db,`1723333380,`0,`,`4200003083202604183978930938,`ec8543f3fc9345eb969778375a6c585f,`obt9Lvq9oMel9rh4G_vofT34ZVbU,`JSAPI,`SUCCESS,`BOC_DEBIT,`CNY,`9.00,`0.00,`0,`0,`0.00,`0.00,`,`,`停车费用,`,`0.05000,`0.54%,`9.00,`0.00,`
`2026-04-18 21:22:49,`wxfc262f382d61c3db,`1723333380,`0,`,`4200003084202604186749311436,`078c96b32ff34114a20f37e517a917dc,`obt9LvnyzycFjchoUVaKkWgO6e9s,`JSAPI,`SUCCESS,`OTHERS,`CNY,`6.00,`0.00,`0,`0,`0.00,`0.00,`,`,`停车费用,`,`0.03000,`0.54%,`6.00,`0.00,`
`2026-04-18 19:44:36,`wxfc262f382d61c3db,`1723333380,`0,`,`4200003085202604186031309349,`e038fb2203d142b194d23e04ec10ff2d,`obt9LvnymGPlVzRfpVlq8-Mlwh0k,`JSAPI,`SUCCESS,`HRXJB_CREDIT,`CNY,`3.00,`0.00,`0,`0,`0.00,`0.00,`,`,`停车费用,`,`0.02000,`0.54%,`3.00,`0.00,`
`2026-04-18 18:45:01,`wxfc262f382d61c3db,`1723333380,`0,`,`4200003087202604186732262855,`eae8cca6b1404869958d3704fbd576d2,`obt9LvudipxJEXgSVBWV8H-sdGxE,`JSAPI,`SUCCESS,`OTHERS,`CNY,`3.00,`0.00,`0,`0,`0.00,`0.00,`,`,`停车费用,`,`0.02000,`0.54%,`3.00,`0.00,`
`2026-04-18 13:40:28,`wxfc262f382d61c3db,`1723333380,`0,`,`4200003087202604189441921743,`03917a7afcde45bebf23cec0233a6cef,`obt9LvhfE_y5AhKU5PYcHE-V5oTI,`JSAPI,`SUCCESS,`OTHERS,`CNY,`3.00,`0.00,`0,`0,`0.00,`0.00,`,`,`停车费用,`,`0.02000,`0.54%,`3.00,`0.00,`
`2026-04-18 21:48:46,`wxfc262f382d61c3db,`1723333380,`0,`,`4200003088202604181242427855,`e4e7f7786b6142a7b1684f91c15e436b,`obt9Lvt7Ygn6WG4KVYa5mwnc4fyI,`JSAPI,`SUCCESS,`OTHERS,`CNY,`3.00,`0.00,`0,`0,`0.00,`0.00,`,`,`停车费用,`,`0.02000,`0.54%,`3.00,`0.00,`
`2026-04-18 22:07:26,`wxfc262f382d61c3db,`1723333380,`0,`,`4200003088202604182006190203,`a8bc2dd9f83f4256b2597c81d1750306,`obt9Lvh8rjb9QOPu3-aQVmttkB4U,`JSAPI,`SUCCESS,`OTHERS,`CNY,`3.00,`0.00,`0,`0,`0.00,`0.00,`,`,`停车费用,`,`0.02000,`0.54%,`3.00,`0.00,`
`2026-04-18 21:26:52,`wxfc262f382d61c3db,`1723333380,`0,`,`4200003088202604184468765127,`88f495be94c1472c8b582e0d5ffe456a,`obt9LvuRf_KOxSI9aKSqJY3LzhD0,`JSAPI,`SUCCESS,`OTHERS,`CNY,`3.00,`0.00,`0,`0,`0.00,`0.00,`,`,`停车费用,`,`0.02000,`0.54%,`3.00,`0.00,`
`2026-04-18 11:02:20,`wxfc262f382d61c3db,`1723333380,`0,`,`4200003089202604184024660268,`43e35277dc1046568eaf71873e4daab2,`obt9Lvm7T5k4-iVIsc2VrRbg7GtU,`JSAPI,`SUCCESS,`GDB_CREDIT,`CNY,`3.00,`0.00,`0,`0,`0.00,`0.00,`,`,`停车费用,`,`0.02000,`0.54%,`3.00,`0.00,`
`2026-04-18 20:01:21,`wxfc262f382d61c3db,`1723333380,`0,`,`4200003089202604188437438111,`ab8cc9f32c1a4e1c8f0e5e6b88cb350d,`obt9LvuDna97Q50EzzfRFGNTY0aI,`JSAPI,`SUCCESS,`OTHERS,`CNY,`9.00,`0.00,`0,`0,`0.00,`0.00,`,`,`停车费用,`,`0.05000,`0.54%,`9.00,`0.00,`
`2026-04-18 16:38:19,`wxfc262f382d61c3db,`1723333380,`0,`,`4200003089202604188850804295,`4b2e7ecbaeb349b98af29fd9f50e4382,`obt9Lvrm09Rj09An0ad_uQ-5vXno,`JSAPI,`SUCCESS,`ICBC_DEBIT,`CNY,`3.00,`0.00,`0,`0,`0.00,`0.00,`,`,`停车费用,`,`0.02000,`0.54%,`3.00,`0.00,`
`2026-04-18 18:27:57,`wxfc262f382d61c3db,`1723333380,`0,`,`4200003092202604185466832514,`b47cf76fe74a4539b76613dcc0ccfa3e,`obt9LvuLEZqOCPRpGRhHvonbxg4Y,`JSAPI,`SUCCESS,`OTHERS,`CNY,`3.00,`0.00,`0,`0,`0.00,`0.00,`,`,`停车费用,`,`0.02000,`0.54%,`3.00,`0.00,`
`2026-04-18 13:26:45,`wxfc262f382d61c3db,`1723333380,`0,`,`4200003092202604186430826848,`24e465e2e50f4397a8fcc5d0e1b88b30,`obt9Lvo8NjYRxATCjN_Gwd-GVduA,`JSAPI,`SUCCESS,`OTHERS,`CNY,`3.00,`0.00,`0,`0,`0.00,`0.00,`,`,`停车费用,`,`0.02000,`0.54%,`3.00,`0.00,`
`2026-04-18 13:53:09,`wxfc262f382d61c3db,`1723333380,`0,`,`4200003093202604181878121918,`841273ecb43e47629d82fb7adcc919c5,`obt9LvsAi9cQeQ3QnCxqoHc7N6I4,`JSAPI,`SUCCESS,`OTHERS,`CNY,`3.00,`0.00,`0,`0,`0.00,`0.00,`,`,`停车费用,`,`0.02000,`0.54%,`3.00,`0.00,`
`2026-04-18 16:53:44,`wxfc262f382d61c3db,`1723333380,`0,`,`4200003093202604184700635611,`8c7ed0811f2c4ea9b54f85323c481c54,`obt9Lvqax50HyrXwK2sZDinzAho0,`JSAPI,`SUCCESS,`OTHERS,`CNY,`3.00,`0.00,`0,`0,`0.00,`0.00,`,`,`停车费用,`,`0.02000,`0.54%,`3.00,`0.00,`
`2026-04-18 16:43:02,`wxfc262f382d61c3db,`1723333380,`0,`,`4200003094202604184368115308,`92921ce5dc924c69968830781e1bb627,`obt9LvgikPQhPUfFsfHbAVOAxHSA,`JSAPI,`SUCCESS,`OTHERS,`CNY,`3.00,`0.00,`0,`0,`0.00,`0.00,`,`,`停车费用,`,`0.02000,`0.54%,`3.00,`0.00,`
`2026-04-18 16:42:57,`wxfc262f382d61c3db,`1723333380,`0,`,`4200003094202604189871832165,`7b93fcefc3994a0bad41a0cca2350265,`obt9Lvj68CSOoMJ4NrI99kG6sx-k,`JSAPI,`SUCCESS,`CCB_DEBIT,`CNY,`6.00,`0.00,`0,`0,`0.00,`0.00,`,`,`停车费用,`,`0.03000,`0.54%,`6.00,`0.00,`
`2026-04-18 15:52:59,`wxfc262f382d61c3db,`1723333380,`0,`,`4200003095202604180930833646,`19c1f4fd10a840b898042ef8f2654d9c,`obt9LvvwtPo9g81epNFUNhgB-H9s,`JSAPI,`SUCCESS,`CEB_CREDIT,`CNY,`3.00,`0.00,`0,`0,`0.00,`0.00,`,`,`停车费用,`,`0.02000,`0.54%,`3.00,`0.00,`
`2026-04-18 18:24:06,`wxfc262f382d61c3db,`1723333380,`0,`,`4200003095202604188200350346,`f6b31a0733d142428ec20a323aeeab35,`obt9LvslVPsyCT6thdTc7uXghSrQ,`JSAPI,`SUCCESS,`OTHERS,`CNY,`3.00,`0.00,`0,`0,`0.00,`0.00,`,`,`停车费用,`,`0.02000,`0.54%,`3.00,`0.00,`
`2026-04-18 12:53:15,`wxfc262f382d61c3db,`1723333380,`0,`,`4200003096202604183649532045,`c8fbdcf35bee42cfa807761b075c33ca,`obt9LvkikMiqsHZ907gUpNMLhe70,`JSAPI,`SUCCESS,`PSBC_DEBIT,`CNY,`3.00,`0.00,`0,`0,`0.00,`0.00,`,`,`停车费用,`,`0.02000,`0.54%,`3.00,`0.00,`
`2026-04-18 16:12:06,`wxfc262f382d61c3db,`1723333380,`0,`,`4200003125202604186704672707,`6e7134e797c547a09ff36561a981b1e1,`obt9Lvj1nGuFeAptqF3u0bPk3TxA,`JSAPI,`SUCCESS,`OTHERS,`CNY,`3.00,`0.00,`0,`0,`0.00,`0.00,`,`,`停车费用,`,`0.02000,`0.54%,`3.00,`0.00,`
`2026-04-18 20:09:12,`wxfc262f382d61c3db,`1723333380,`0,`,`4200003126202604181444826857,`f83f4907aae24fc8b83689d375f5deb4,`obt9LvnUlPSIJRjnl9sqBaXUw7YA,`JSAPI,`SUCCESS,`OTHERS,`CNY,`3.00,`0.00,`0,`0,`0.00,`0.00,`,`,`停车费用,`,`0.02000,`0.54%,`3.00,`0.00,`
`2026-04-18 14:13:54,`wxfc262f382d61c3db,`1723333380,`0,`,`4200003126202604188150092407,`6dd016b58e394350a7b4cb85313ac8da,`obt9LvkikMiqsHZ907gUpNMLhe70,`JSAPI,`SUCCESS,`PSBC_DEBIT,`CNY,`3.00,`0.00,`0,`0,`0.00,`0.00,`,`,`停车费用,`,`0.02000,`0.54%,`3.00,`0.00,`
`2026-04-18 18:05:03,`wxfc262f382d61c3db,`1723333380,`0,`,`4200003127202604182576966883,`6ef081680c794ef5b192bf078e7ddabf,`obt9LvvO4Bm5-QTxbO_0J1T-T_EA,`JSAPI,`SUCCESS,`OTHERS,`CNY,`6.00,`0.00,`0,`0,`0.00,`0.00,`,`,`停车费用,`,`0.03000,`0.54%,`6.00,`0.00,`
`2026-04-18 17:07:51,`wxfc262f382d61c3db,`1723333380,`0,`,`4200003130202604186274111389,`774c7b832b1b4cb198ad45dc4455f3a0,`obt9LvuHynQuHyTIjn4M7UGz2LYU,`JSAPI,`SUCCESS,`OTHERS,`CNY,`3.00,`0.00,`0,`0,`0.00,`0.00,`,`,`停车费用,`,`0.02000,`0.54%,`3.00,`0.00,`
`2026-04-18 21:01:16,`wxfc262f382d61c3db,`1723333380,`0,`,`4200003133202604188637760637,`14c201c0e6c14fb4aaff6defc6f767c7,`obt9Lvm0HKa1QzK4XG7FkntwygSA,`JSAPI,`SUCCESS,`OTHERS,`CNY,`3.00,`0.00,`0,`0,`0.00,`0.00,`,`,`停车费用,`,`0.02000,`0.54%,`3.00,`0.00,`
`2026-04-18 21:34:47,`wxfc262f382d61c3db,`1723333380,`0,`,`4200003134202604182874488356,`9fbd5ad67d794553a3de67afe77df0a3,`obt9LvoatOFjlnXq7uVzHklE2qjw,`JSAPI,`SUCCESS,`OTHERS,`CNY,`3.00,`0.00,`0,`0,`0.00,`0.00,`,`,`停车费用,`,`0.02000,`0.54%,`3.00,`0.00,`
`2026-04-18 22:01:57,`wxfc262f382d61c3db,`1723333380,`0,`,`4200003135202604189741065599,`580813198fef4fb195ec527867a0b60f,`obt9Lvh28DMVGOsKYf7Sb6m5DF9A,`JSAPI,`SUCCESS,`CMB_CREDIT,`CNY,`3.00,`0.00,`0,`0,`0.00,`0.00,`,`,`停车费用,`,`0.02000,`0.54%,`3.00,`0.00,`
`2026-04-18 21:01:25,`wxfc262f382d61c3db,`1723333380,`0,`,`4200003136202604181295197527,`5388d169b9664f799a7e79bbc8ec6683,`obt9LvkgdOiYKOsoH4XqeaPxFQRU,`JSAPI,`SUCCESS,`OTHERS,`CNY,`12.00,`0.00,`0,`0,`0.00,`0.00,`,`,`停车费用,`,`0.06000,`0.54%,`12.00,`0.00,`
`2026-04-18 18:08:18,`wxfc262f382d61c3db,`1723333380,`0,`,`4200003136202604182066333286,`8fe77285cb194a8a895f412ae0d8304a,`obt9LviYpa6XcVTdaC18PWBIvdso,`JSAPI,`SUCCESS,`OTHERS,`CNY,`6.00,`0.00,`0,`0,`0.00,`0.00,`,`,`停车费用,`,`0.03000,`0.54%,`6.00,`0.00,`
`2026-04-18 17:51:00,`wxfc262f382d61c3db,`1723333380,`0,`,`4200003136202604182349488467,`ddd14c30e218427c8a21934a90dda6a3,`obt9Lvn6eqTyNz9CyaHX3Akl2M60,`JSAPI,`SUCCESS,`OTHERS,`CNY,`9.00,`0.00,`0,`0,`0.00,`0.00,`,`,`停车费用,`,`0.05000,`0.54%,`9.00,`0.00,`
`2026-04-18 13:41:30,`wxfc262f382d61c3db,`1723333380,`0,`,`4200003136202604183432887455,`9e97544914fe41e680924c480fa1d305,`obt9Lvs8EX6YB3rEipD_y5huLz8A,`JSAPI,`SUCCESS,`ICBC_DEBIT,`CNY,`3.00,`0.00,`0,`0,`0.00,`0.00,`,`,`停车费用,`,`0.02000,`0.54%,`3.00,`0.00,`
`2026-04-18 16:16:15,`wxfc262f382d61c3db,`1723333380,`0,`,`4200003137202604185771664637,`486c72c2936344f3b98e70ac5f9dcdb2,`obt9Lvm0HKa1QzK4XG7FkntwygSA,`JSAPI,`SUCCESS,`OTHERS,`CNY,`6.00,`0.00,`0,`0,`0.00,`0.00,`,`,`停车费用,`,`0.03000,`0.54%,`6.00,`0.00,`
`2026-04-18 18:17:55,`wxfc262f382d61c3db,`1723333380,`0,`,`4200003137202604187739098928,`839e4f0c9a844a979ef7ab6f1ffc92fd,`obt9LvkikMiqsHZ907gUpNMLhe70,`JSAPI,`SUCCESS,`PSBC_DEBIT,`CNY,`3.00,`0.00,`0,`0,`0.00,`0.00,`,`,`停车费用,`,`0.02000,`0.54%,`3.00,`0.00,`
`2026-04-18 14:14:05,`wxfc262f382d61c3db,`1723333380,`0,`,`4200003137202604188739314001,`d93cd8819c0949b7af6b791eb876f379,`obt9Lvhc3dh7DXBjJbeWezncv4E0,`JSAPI,`SUCCESS,`ICBC_DEBIT,`CNY,`6.00,`0.00,`0,`0,`0.00,`0.00,`,`,`停车费用,`,`0.03000,`0.54%,`6.00,`0.00,`
`2026-04-18 18:01:30,`wxfc262f382d61c3db,`1723333380,`0,`,`4200003137202604189360779456,`e5f8d6a22fdd43f0a03bd1c8d571e3ac,`obt9LvoD2q8PZAW7Q2VtpPOA0VPU,`JSAPI,`SUCCESS,`OTHERS,`CNY,`3.00,`0.00,`0,`0,`0.00,`0.00,`,`,`停车费用,`,`0.02000,`0.54%,`3.00,`0.00,`
`2026-04-18 22:14:23,`wxfc262f382d61c3db,`1723333380,`0,`,`4200003138202604183007604777,`74e9c85656df4be99ec30b7350b17ab5,`obt9LvoyWYq20Yg3iUuG-FPd7z48,`JSAPI,`SUCCESS,`ABC_DEBIT,`CNY,`3.00,`0.00,`0,`0,`0.00,`0.00,`,`,`停车费用,`,`0.02000,`0.54%,`3.00,`0.00,`
`2026-04-18 22:08:40,`wxfc262f382d61c3db,`1723333380,`0,`,`4200003138202604183595657199,`ae0161a1e76d4de689fa5b5469090e09,`obt9Lvm4Ku0Q5JDmiiyWOVpTUvOg,`JSAPI,`SUCCESS,`CCB_DEBIT,`CNY,`18.00,`0.00,`0,`0,`0.00,`0.00,`,`,`停车费用,`,`0.10000,`0.54%,`18.00,`0.00,`
`2026-04-18 12:21:56,`wxfc262f382d61c3db,`1723333380,`0,`,`4200003139202604182608571457,`f8b2a9c7575e40e491130386dbbd4cd4,`obt9LvnteK1BPUY-pC_sw6l5SPhw,`JSAPI,`SUCCESS,`OTHERS,`CNY,`3.00,`0.00,`0,`0,`0.00,`0.00,`,`,`停车费用,`,`0.02000,`0.54%,`3.00,`0.00,`
`2026-04-18 09:06:11,`wxfc262f382d61c3db,`1723333380,`0,`,`4200003139202604188671679252,`280419c75968469a93596e6302680789,`obt9LvqvDhHcI_fNWgJGe90HxVaw,`JSAPI,`SUCCESS,`OTHERS,`CNY,`30.00,`0.00,`0,`0,`0.00,`0.00,`,`,`停车费用,`,`0.16000,`0.54%,`30.00,`0.00,`
`2026-04-19 21:08:51,`wxfc262f382d61c3db,`1723333380,`0,`,`4200003050202604193865109118,`6cdf32a85c2645f8bdd8a2a44df0e3d3,`obt9Lvt7C2ShaG8XZiggLVB_H_X0,`JSAPI,`SUCCESS,`OTHERS,`CNY,`9.00,`0.00,`0,`0,`0.00,`0.00,`,`,`停车费用,`,`0.05000,`0.54%,`9.00,`0.00,`
`2026-04-19 14:40:02,`wxfc262f382d61c3db,`1723333380,`0,`,`4200003050202604199488117213,`2f2abc0494ac424297c88763f7c27745,`obt9LvjqSB4XMxekZBNgeWMJqnvM,`JSAPI,`SUCCESS,`SPDB_CREDIT,`CNY,`3.00,`0.00,`0,`0,`0.00,`0.00,`,`,`停车费用,`,`0.02000,`0.54%,`3.00,`0.00,`
`2026-04-19 16:24:44,`wxfc262f382d61c3db,`1723333380,`0,`,`4200003051202604192038646323,`51eee7c93a254a96b119392311ad11c7,`obt9LvoYvIN5vKV75eOHoWG9gOEk,`JSAPI,`SUCCESS,`OTHERS,`CNY,`6.00,`0.00,`0,`0,`0.00,`0.00,`,`,`停车费用,`,`0.03000,`0.54%,`6.00,`0.00,`
`2026-04-19 19:32:22,`wxfc262f382d61c3db,`1723333380,`0,`,`4200003051202604197571220358,`a29870cf68404d9694195cad47e5da46,`obt9LvplixZfkJh7r-4nUvepTm1M,`JSAPI,`SUCCESS,`OTHERS,`CNY,`3.00,`0.00,`0,`0,`0.00,`0.00,`,`,`停车费用,`,`0.02000,`0.54%,`3.00,`0.00,`
`2026-04-19 16:46:06,`wxfc262f382d61c3db,`1723333380,`0,`,`4200003052202604194806213207,`7a80c44115ee44da8a8e87d1ef1f8b6c,`obt9Lvrm09Rj09An0ad_uQ-5vXno,`JSAPI,`SUCCESS,`OTHERS,`CNY,`3.00,`0.00,`0,`0,`0.00,`0.00,`,`,`停车费用,`,`0.02000,`0.54%,`3.00,`0.00,`
`2026-04-19 20:44:13,`wxfc262f382d61c3db,`1723333380,`0,`,`4200003052202604199828358231,`a170a93461d74493837a86bc1fe84e3e,`obt9LvtovYVxLAVVwP70MIGLCmnM,`JSAPI,`SUCCESS,`OTHERS,`CNY,`12.00,`0.00,`0,`0,`0.00,`0.00,`,`,`停车费用,`,`0.06000,`0.54%,`12.00,`0.00,`
`2026-04-19 16:11:48,`wxfc262f382d61c3db,`1723333380,`0,`,`4200003053202604194542499815,`8589cde875e64bed8abae57d3f593ff3,`obt9LvgvnFmMbdlp4icDYsT2jtyU,`JSAPI,`SUCCESS,`OTHERS,`CNY,`21.00,`0.00,`0,`0,`0.00,`0.00,`,`,`停车费用,`,`0.11000,`0.54%,`21.00,`0.00,`
`2026-04-19 20:44:27,`wxfc262f382d61c3db,`1723333380,`0,`,`4200003054202604194016221118,`87f6116657974df792f9e40f42ca97c4,`obt9LvncX4uKV6KJrPDx21sIHjNk,`JSAPI,`SUCCESS,`OTHERS,`CNY,`3.00,`0.00,`0,`0,`0.00,`0.00,`,`,`停车费用,`,`0.02000,`0.54%,`3.00,`0.00,`
`2026-04-19 16:26:46,`wxfc262f382d61c3db,`1723333380,`0,`,`4200003056202604199052312011,`685ac281d335459895ffab5e98cef751,`obt9LviftwdbS1hMWl9Jo-ViyBxw,`JSAPI,`SUCCESS,`GDB_DEBIT,`CNY,`9.00,`0.00,`0,`0,`0.00,`0.00,`,`,`停车费用,`,`0.05000,`0.54%,`9.00,`0.00,`
`2026-04-19 18:39:21,`wxfc262f382d61c3db,`1723333380,`0,`,`4200003057202604190103860425,`4c836b618c2b4755b7129c63c0d5c6a4,`obt9LvrFfHtoxQ9WtfRNlPVFUKuQ,`JSAPI,`SUCCESS,`OTHERS,`CNY,`6.00,`0.00,`0,`0,`0.00,`0.00,`,`,`停车费用,`,`0.03000,`0.54%,`6.00,`0.00,`
`2026-04-19 14:44:22,`wxfc262f382d61c3db,`1723333380,`0,`,`4200003057202604192205641127,`9212628d55a2439eb182ce2c64f7c440,`obt9Lvj-SC4_rnLJozKaziNieW74,`JSAPI,`SUCCESS,`OTHERS,`CNY,`3.00,`0.00,`0,`0,`0.00,`0.00,`,`,`停车费用,`,`0.02000,`0.54%,`3.00,`0.00,`
`2026-04-19 19:25:35,`wxfc262f382d61c3db,`1723333380,`0,`,`4200003058202604196743076341,`22c2c6af65644b0694d134958af0592f,`obt9Lvtfjur78yXEBmhpFqGS5tkk,`JSAPI,`SUCCESS,`OTHERS,`CNY,`3.00,`0.00,`0,`0,`0.00,`0.00,`,`,`停车费用,`,`0.02000,`0.54%,`3.00,`0.00,`
`2026-04-19 21:19:30,`wxfc262f382d61c3db,`1723333380,`0,`,`4200003059202604193605975759,`e8231c730c2b49e680c4a93e6d319eca,`obt9LvtzNf6-6gXvbQlg550zCck4,`JSAPI,`SUCCESS,`OTHERS,`CNY,`3.00,`0.00,`0,`0,`0.00,`0.00,`,`,`停车费用,`,`0.02000,`0.54%,`3.00,`0.00,`
`2026-04-19 16:18:11,`wxfc262f382d61c3db,`1723333380,`0,`,`4200003060202604196961929437,`d2b6ebcb26404b7995cc77529febf314,`obt9LvijAePXvfPD0S8X8dETItA8,`JSAPI,`SUCCESS,`BOIMCB_DEBIT,`CNY,`9.00,`0.00,`0,`0,`0.00,`0.00,`,`,`停车费用,`,`0.05000,`0.54%,`9.00,`0.00,`
`2026-04-19 15:09:20,`wxfc262f382d61c3db,`1723333380,`0,`,`4200003063202604197578891155,`b6557411b7434b099958c9f38d8f8a89,`obt9Lvtx3ORimKg-k3gXL6CJ7VXo,`JSAPI,`SUCCESS,`OTHERS,`CNY,`6.00,`0.00,`0,`0,`0.00,`0.00,`,`,`停车费用,`,`0.03000,`0.54%,`6.00,`0.00,`
`2026-04-19 14:15:41,`wxfc262f382d61c3db,`1723333380,`0,`,`4200003065202604191141611099,`36e3a4748cc34854adb67b8f2af3defa,`obt9LvsN7PrwDgNB2h8Kmq-KrN-0,`JSAPI,`SUCCESS,`CCB_DEBIT,`CNY,`6.00,`0.00,`0,`0,`0.00,`0.00,`,`,`停车费用,`,`0.03000,`0.54%,`6.00,`0.00,`
`2026-04-19 09:17:56,`wxfc262f382d61c3db,`1723333380,`0,`,`4200003066202604194244326913,`79e76e2aea9a461cb6eee170b5d232c9,`obt9LvqvDhHcI_fNWgJGe90HxVaw,`JSAPI,`SUCCESS,`OTHERS,`CNY,`18.00,`0.00,`0,`0,`0.00,`0.00,`,`,`停车费用,`,`0.10000,`0.54%,`18.00,`0.00,`
`2026-04-19 12:29:56,`wxfc262f382d61c3db,`1723333380,`0,`,`4200003067202604195380051221,`25aae56f85ed428aa2bccdb96c0730fb,`obt9LvjNZfQnKJwuG-Gh4T5Y1OPs,`JSAPI,`SUCCESS,`OTHERS,`CNY,`3.00,`0.00,`0,`0,`0.00,`0.00,`,`,`停车费用,`,`0.02000,`0.54%,`3.00,`0.00,`
`2026-04-19 14:44:57,`wxfc262f382d61c3db,`1723333380,`0,`,`4200003069202604199566636104,`d0231b787a164b52b24bb764ebefba5d,`obt9LvtmpR9veabWK8LUqNps9XMw,`JSAPI,`SUCCESS,`OTHERS,`CNY,`6.00,`0.00,`0,`0,`0.00,`0.00,`,`,`停车费用,`,`0.03000,`0.54%,`6.00,`0.00,`
`2026-04-19 11:27:17,`wxfc262f382d61c3db,`1723333380,`0,`,`4200003070202604195133316156,`108e311577d04676852120229731683a,`obt9LvhkBH36DCkkXJ8kKaBu7glE,`JSAPI,`SUCCESS,`OTHERS,`CNY,`3.00,`0.00,`0,`0,`0.00,`0.00,`,`,`停车费用,`,`0.02000,`0.54%,`3.00,`0.00,`
`2026-04-19 18:37:04,`wxfc262f382d61c3db,`1723333380,`0,`,`4200003075202604192233265156,`1981843cf204442f9a064bd38c03de5b,`obt9LvuLEZqOCPRpGRhHvonbxg4Y,`JSAPI,`SUCCESS,`OTHERS,`CNY,`3.00,`0.00,`0,`0,`0.00,`0.00,`,`,`停车费用,`,`0.02000,`0.54%,`3.00,`0.00,`
`2026-04-19 22:03:20,`wxfc262f382d61c3db,`1723333380,`0,`,`4200003075202604197850496693,`c31d95bf46b84f5da6f5a58459f7afa7,`obt9LvldCngl632ZJp8drlwaw5IU,`JSAPI,`SUCCESS,`OTHERS,`CNY,`12.00,`0.00,`0,`0,`0.00,`0.00,`,`,`停车费用,`,`0.06000,`0.54%,`12.00,`0.00,`
`2026-04-19 19:55:16,`wxfc262f382d61c3db,`1723333380,`0,`,`4200003076202604190669343690,`5d957bc9d4164bb08cc8c85507ec1ddc,`obt9LviYpa6XcVTdaC18PWBIvdso,`JSAPI,`SUCCESS,`OTHERS,`CNY,`12.00,`0.00,`0,`0,`0.00,`0.00,`,`,`停车费用,`,`0.06000,`0.54%,`12.00,`0.00,`
`2026-04-19 19:39:05,`wxfc262f382d61c3db,`1723333380,`0,`,`4200003076202604190862867338,`8d89c649f89e41278f743b0abf5508af,`obt9LvnEDZfprtTIpyz_7Xc0M2ww,`JSAPI,`SUCCESS,`ICBC_DEBIT,`CNY,`3.00,`0.00,`0,`0,`0.00,`0.00,`,`,`停车费用,`,`0.02000,`0.54%,`3.00,`0.00,`
`2026-04-19 20:14:36,`wxfc262f382d61c3db,`1723333380,`0,`,`4200003076202604196987945038,`1a49f2741ef14281aad639204d4cdd55,`obt9LvjcQuJ3addsuFvDRR9sUH3U,`JSAPI,`SUCCESS,`BOC_DEBIT,`CNY,`12.00,`0.00,`0,`0,`0.00,`0.00,`,`,`停车费用,`,`0.06000,`0.54%,`12.00,`0.00,`
`2026-04-19 23:24:38,`wxfc262f382d61c3db,`1723333380,`0,`,`4200003078202604193386471756,`8b226b5fb8f2471388fa5dc69313598b,`obt9Lvj9EDIACle-Wpa1ku1DxbRA,`JSAPI,`SUCCESS,`OTHERS,`CNY,`3.00,`0.00,`0,`0,`0.00,`0.00,`,`,`停车费用,`,`0.02000,`0.54%,`3.00,`0.00,`
`2026-04-19 11:18:23,`wxfc262f382d61c3db,`1723333380,`0,`,`4200003079202604193826109953,`67e89414c8f74256b6b431d9f2f98e62,`obt9Lvhkql5K-6A3wsqohwDlmcwk,`JSAPI,`SUCCESS,`OTHERS,`CNY,`3.00,`0.00,`0,`0,`0.00,`0.00,`,`,`停车费用,`,`0.02000,`0.54%,`3.00,`0.00,`
`2026-04-19 18:16:35,`wxfc262f382d61c3db,`1723333380,`0,`,`4200003079202604196868287718,`818e7fb26fae46fd94bff0b82f008592,`obt9LvmtFwpktlJ1R49xM2OfGZqo,`JSAPI,`SUCCESS,`BOC_DEBIT,`CNY,`6.00,`0.00,`0,`0,`0.00,`0.00,`,`,`停车费用,`,`0.03000,`0.54%,`6.00,`0.00,`
`2026-04-19 13:58:24,`wxfc262f382d61c3db,`1723333380,`0,`,`4200003082202604190655224995,`9fe15b205803479a87f67cac095c3c29,`obt9LvvXKrfCEhswyUafHHlv1ggw,`JSAPI,`SUCCESS,`OTHERS,`CNY,`3.00,`0.00,`0,`0,`0.00,`0.00,`,`,`停车费用,`,`0.02000,`0.54%,`3.00,`0.00,`
`2026-04-19 14:59:30,`wxfc262f382d61c3db,`1723333380,`0,`,`4200003082202604192613738962,`833eac9f9b6b481bb3462fefb79865f6,`obt9LvhwJGueGexThg4Ncami_dVA,`JSAPI,`SUCCESS,`GDB_CREDIT,`CNY,`6.00,`0.00,`0,`0,`0.00,`0.00,`,`,`停车费用,`,`0.03000,`0.54%,`6.00,`0.00,`
`2026-04-19 19:22:23,`wxfc262f382d61c3db,`1723333380,`0,`,`4200003083202604192785500133,`4aedb20651fe4ff48af7f34c9b0e991a,`obt9Lvo8DkRT9qE65H9SpIBvuHDI,`JSAPI,`SUCCESS,`OTHERS,`CNY,`6.00,`0.00,`0,`0,`0.00,`0.00,`,`,`停车费用,`,`0.03000,`0.54%,`6.00,`0.00,`
`2026-04-19 18:32:05,`wxfc262f382d61c3db,`1723333380,`0,`,`4200003085202604198756211542,`79f7a55423144a399416c67d135fd3da,`obt9LviJESav2el_9Rqi96_QVR7s,`JSAPI,`SUCCESS,`CMB_DEBIT,`CNY,`12.00,`0.00,`0,`0,`0.00,`0.00,`,`,`停车费用,`,`0.06000,`0.54%,`12.00,`0.00,`
`2026-04-19 20:09:15,`wxfc262f382d61c3db,`1723333380,`0,`,`4200003086202604192275757928,`f11ff11cbfed4a81949ba635c2860c22,`obt9LvlyLKnYD9lRHxc-GW52klHg,`JSAPI,`SUCCESS,`ABC_DEBIT,`CNY,`6.00,`0.00,`0,`0,`0.00,`0.00,`,`,`停车费用,`,`0.03000,`0.54%,`6.00,`0.00,`
`2026-04-19 18:31:02,`wxfc262f382d61c3db,`1723333380,`0,`,`4200003086202604194145185202,`a83784251c584c7899000ffa07d673e0,`obt9LvuREsFCeGgWrf1_JZLyJQg0,`JSAPI,`SUCCESS,`OTHERS,`CNY,`3.00,`0.00,`0,`0,`0.00,`0.00,`,`,`停车费用,`,`0.02000,`0.54%,`3.00,`0.00,`
`2026-04-19 18:39:24,`wxfc262f382d61c3db,`1723333380,`0,`,`4200003086202604199260308413,`ac7a004d68b649bfa415b1e00678e142,`obt9LvhiT_k225TGgcvCrxmtsfHw,`JSAPI,`SUCCESS,`OTHERS,`CNY,`6.00,`0.00,`0,`0,`0.00,`0.00,`,`,`停车费用,`,`0.03000,`0.54%,`6.00,`0.00,`
`2026-04-19 13:01:47,`wxfc262f382d61c3db,`1723333380,`0,`,`4200003087202604198306631786,`74156af7426c42ac82162e81fd78d75c,`obt9LvqfHvbghSz3lsVPW82BitAU,`JSAPI,`SUCCESS,`ABC_DEBIT,`CNY,`3.00,`0.00,`0,`0,`0.00,`0.00,`,`,`停车费用,`,`0.02000,`0.54%,`3.00,`0.00,`
`2026-04-19 14:27:46,`wxfc262f382d61c3db,`1723333380,`0,`,`4200003088202604195790321450,`dc3be33dd31a4107ada5cc24e9c2301c,`obt9LvnXNTV0OZ7plkjNP21l_JU4,`JSAPI,`SUCCESS,`BOC_CREDIT,`CNY,`3.00,`0.00,`0,`0,`0.00,`0.00,`,`,`停车费用,`,`0.02000,`0.54%,`3.00,`0.00,`
`2026-04-19 20:51:50,`wxfc262f382d61c3db,`1723333380,`0,`,`4200003088202604197317330930,`5a573f0991d9408283ee7bdceccd38fe,`obt9LvvO34YOZtCzptrUp1NKTw1Q,`JSAPI,`SUCCESS,`OTHERS,`CNY,`3.00,`0.00,`0,`0,`0.00,`0.00,`,`,`停车费用,`,`0.02000,`0.54%,`3.00,`0.00,`
`2026-04-19 20:10:06,`wxfc262f382d61c3db,`1723333380,`0,`,`4200003089202604190235496237,`b90ec201c70f42e48feac9d9dcf56571,`obt9LvgYmGC4czAQOUC0rSQcjW4s,`JSAPI,`SUCCESS,`OTHERS,`CNY,`3.00,`0.00,`0,`0,`0.00,`0.00,`,`,`停车费用,`,`0.02000,`0.54%,`3.00,`0.00,`
`2026-04-19 18:49:50,`wxfc262f382d61c3db,`1723333380,`0,`,`4200003093202604191923318350,`763f612a22394bdb9ca7d0526381d78e,`obt9LvnokqI_IhhV6yivYSzzfN3s,`JSAPI,`SUCCESS,`OTHERS,`CNY,`3.00,`0.00,`0,`0,`0.00,`0.00,`,`,`停车费用,`,`0.02000,`0.54%,`3.00,`0.00,`
`2026-04-19 21:20:37,`wxfc262f382d61c3db,`1723333380,`0,`,`4200003094202604195087180539,`5f6310d4274a4ba184c14337b3b6f99d,`obt9Lvl4YHV392BDbd2-iKWTXjK4,`JSAPI,`SUCCESS,`OTHERS,`CNY,`3.00,`0.00,`0,`0,`0.00,`0.00,`,`,`停车费用,`,`0.02000,`0.54%,`3.00,`0.00,`
`2026-04-19 19:00:18,`wxfc262f382d61c3db,`1723333380,`0,`,`4200003094202604196811592686,`923120e3ccba4fd3aa3d33852b750c60,`obt9LvvXyFQHlh-Ds81QVrmoZAT0,`JSAPI,`SUCCESS,`OTHERS,`CNY,`3.00,`0.00,`0,`0,`0.00,`0.00,`,`,`停车费用,`,`0.02000,`0.54%,`3.00,`0.00,`
`2026-04-19 15:44:26,`wxfc262f382d61c3db,`1723333380,`0,`,`4200003094202604197424964856,`0145db4fe5ed4f9e9fe1c9bf77f7fe2d,`obt9LvnbdqRtMOM9_FLGJQJlTsZY,`JSAPI,`SUCCESS,`ABC_DEBIT,`CNY,`12.00,`0.00,`0,`0,`0.00,`0.00,`,`,`停车费用,`,`0.06000,`0.54%,`12.00,`0.00,`
`2026-04-19 18:14:30,`wxfc262f382d61c3db,`1723333380,`0,`,`4200003096202604191525202924,`75ccd7ba79d343e6b498fcef638bbf6d,`obt9Lvm90ExWaTQ3clBKJCrp8Fso,`JSAPI,`SUCCESS,`OTHERS,`CNY,`3.00,`0.00,`0,`0,`0.00,`0.00,`,`,`停车费用,`,`0.02000,`0.54%,`3.00,`0.00,`
`2026-04-19 19:14:12,`wxfc262f382d61c3db,`1723333380,`0,`,`4200003126202604193943344586,`48a277882c424c38917636807dab70b9,`obt9LvovXhHDQ5ZmEBz0i6SPYr5A,`JSAPI,`SUCCESS,`BOC_DEBIT,`CNY,`6.00,`0.00,`0,`0,`0.00,`0.00,`,`,`停车费用,`,`0.03000,`0.54%,`6.00,`0.00,`
`2026-04-19 16:08:18,`wxfc262f382d61c3db,`1723333380,`0,`,`4200003126202604194619410160,`523ec1ef1cd24b61a2dc84611e1849ad,`obt9Lvm4Ku0Q5JDmiiyWOVpTUvOg,`JSAPI,`SUCCESS,`CCB_DEBIT,`CNY,`12.00,`0.00,`0,`0,`0.00,`0.00,`,`,`停车费用,`,`0.06000,`0.54%,`12.00,`0.00,`
`2026-04-19 13:25:41,`wxfc262f382d61c3db,`1723333380,`0,`,`4200003126202604197133563126,`3689414cddcd4ed2a8cadf96ba858783,`obt9Lvo8NjYRxATCjN_Gwd-GVduA,`JSAPI,`SUCCESS,`OTHERS,`CNY,`9.00,`0.00,`0,`0,`0.00,`0.00,`,`,`停车费用,`,`0.05000,`0.54%,`9.00,`0.00,`
`2026-04-19 13:50:39,`wxfc262f382d61c3db,`1723333380,`0,`,`4200003126202604199198652885,`d3e1f25853334c6ca8cd49c62782002f,`obt9Lvuei-BK7mlGfVS8vuV1wxWw,`JSAPI,`SUCCESS,`OTHERS,`CNY,`3.00,`0.00,`0,`0,`0.00,`0.00,`,`,`停车费用,`,`0.02000,`0.54%,`3.00,`0.00,`
`2026-04-19 17:22:28,`wxfc262f382d61c3db,`1723333380,`0,`,`4200003127202604192622852101,`708fa324c05741d6a7cf28cd88250fe5,`obt9LvnEtwNVBMGDSX57FokJKCoI,`JSAPI,`SUCCESS,`ICBC_DEBIT,`CNY,`3.00,`0.00,`0,`0,`0.00,`0.00,`,`,`停车费用,`,`0.02000,`0.54%,`3.00,`0.00,`
`2026-04-19 12:02:49,`wxfc262f382d61c3db,`1723333380,`0,`,`4200003128202604193596907359,`9018425f437442f482e0ca3df447b693,`obt9Lvrgqq56iGEzoDGhOeDBat3M,`JSAPI,`SUCCESS,`OTHERS,`CNY,`3.00,`0.00,`0,`0,`0.00,`0.00,`,`,`停车费用,`,`0.02000,`0.54%,`3.00,`0.00,`
`2026-04-19 20:18:28,`wxfc262f382d61c3db,`1723333380,`0,`,`4200003129202604193474953476,`60c66585eb4e4f9d99c84b2b618d3839,`obt9LvglLeM0KAS4lhjIULOsofiw,`JSAPI,`SUCCESS,`OTHERS,`CNY,`6.00,`0.00,`0,`0,`0.00,`0.00,`,`,`停车费用,`,`0.03000,`0.54%,`6.00,`0.00,`
`2026-04-19 12:20:01,`wxfc262f382d61c3db,`1723333380,`0,`,`4200003129202604197237767747,`75f323b1c6be41628ba9735134aa0b7b,`obt9Lvvji74lSivvr99Bh8XdFIIM,`JSAPI,`SUCCESS,`OTHERS,`CNY,`3.00,`0.00,`0,`0,`0.00,`0.00,`,`,`停车费用,`,`0.02000,`0.54%,`3.00,`0.00,`
`2026-04-19 14:50:36,`wxfc262f382d61c3db,`1723333380,`0,`,`4200003130202604193740866947,`597a95c9e523470fb3e53a1d2f6066d9,`obt9LvrHDKp1SOVaGUWOesBN06Dw,`JSAPI,`SUCCESS,`OTHERS,`CNY,`6.00,`0.00,`0,`0,`0.00,`0.00,`,`,`停车费用,`,`0.03000,`0.54%,`6.00,`0.00,`
`2026-04-19 18:47:41,`wxfc262f382d61c3db,`1723333380,`0,`,`4200003130202604195706286600,`2397674d45fe4a429dae25a9b9863eeb,`obt9LvmqvPDm3MXk3HWpqjpKhFEg,`JSAPI,`SUCCESS,`OTHERS,`CNY,`6.00,`0.00,`0,`0,`0.00,`0.00,`,`,`停车费用,`,`0.03000,`0.54%,`6.00,`0.00,`
`2026-04-19 16:40:50,`wxfc262f382d61c3db,`1723333380,`0,`,`4200003130202604199901368756,`c514acd440454cdd8f9e2037f3bae12c,`obt9LvjXDZ_gtLZiFvtcSl4xSbtU,`JSAPI,`SUCCESS,`OTHERS,`CNY,`33.00,`0.00,`0,`0,`0.00,`0.00,`,`,`停车费用,`,`0.18000,`0.54%,`33.00,`0.00,`
`2026-04-19 22:24:11,`wxfc262f382d61c3db,`1723333380,`0,`,`4200003131202604194579401856,`85b655241d4e43aeb98bada6bc658fdb,`obt9LvrkvLxKMmr3tGrOCC7atNdw,`JSAPI,`SUCCESS,`ABC_DEBIT,`CNY,`6.00,`0.00,`0,`0,`0.00,`0.00,`,`,`停车费用,`,`0.03000,`0.54%,`6.00,`0.00,`
`2026-04-19 21:28:37,`wxfc262f382d61c3db,`1723333380,`0,`,`4200003131202604195322841527,`b60dd954edbf48c3bd3735cc8988ba78,`obt9LvvyBoBSzL7VPf3N-r0gBzn8,`JSAPI,`SUCCESS,`OTHERS,`CNY,`3.00,`0.00,`0,`0,`0.00,`0.00,`,`,`停车费用,`,`0.02000,`0.54%,`3.00,`0.00,`
`2026-04-19 15:28:09,`wxfc262f382d61c3db,`1723333380,`0,`,`4200003132202604192426634020,`c9b520184eb940d18a6b0c68d006f52e,`obt9LvhEXOS-fwJviBm6-_DAIpvk,`JSAPI,`SUCCESS,`OTHERS,`CNY,`3.00,`0.00,`0,`0,`0.00,`0.00,`,`,`停车费用,`,`0.02000,`0.54%,`3.00,`0.00,`
`2026-04-19 17:27:35,`wxfc262f382d61c3db,`1723333380,`0,`,`4200003134202604193276345400,`5960c9879fe840ec85630fb7048f6852,`obt9Lvr89iHkv5DWaX5hTIT4H_xU,`JSAPI,`SUCCESS,`OTHERS,`CNY,`6.00,`0.00,`0,`0,`0.00,`0.00,`,`,`停车费用,`,`0.03000,`0.54%,`6.00,`0.00,`
`2026-04-19 21:04:33,`wxfc262f382d61c3db,`1723333380,`0,`,`4200003134202604197610866921,`fcdbcd341997487f8164b0526df0cfed,`obt9Lvsbp-B_Do1lHmX744exgE5o,`JSAPI,`SUCCESS,`PSBC_DEBIT,`CNY,`3.00,`0.00,`0,`0,`0.00,`0.00,`,`,`停车费用,`,`0.02000,`0.54%,`3.00,`0.00,`
`2026-04-19 20:44:23,`wxfc262f382d61c3db,`1723333380,`0,`,`4200003134202604199774549815,`9e1bb810647f4b60956ee462da7e6b79,`obt9Lvv4oojAv4FfWy05Ws4TWook,`JSAPI,`SUCCESS,`OTHERS,`CNY,`6.00,`0.00,`0,`0,`0.00,`0.00,`,`,`停车费用,`,`0.03000,`0.54%,`6.00,`0.00,`
`2026-04-19 12:20:35,`wxfc262f382d61c3db,`1723333380,`0,`,`4200003135202604199618340292,`e80db3fb8bfb4ec5af02d796c2050b30,`obt9LviNdeQiQVIIIDmtrGymJHcY,`JSAPI,`SUCCESS,`OTHERS,`CNY,`3.00,`0.00,`0,`0,`0.00,`0.00,`,`,`停车费用,`,`0.02000,`0.54%,`3.00,`0.00,`
`2026-04-19 18:57:02,`wxfc262f382d61c3db,`1723333380,`0,`,`4200003136202604198270877281,`5fb9c984eff6488c8d9007de91818623,`obt9LvmDtNcHYWs92vgUiVfLKaKw,`JSAPI,`SUCCESS,`OTHERS,`CNY,`6.00,`0.00,`0,`0,`0.00,`0.00,`,`,`停车费用,`,`0.03000,`0.54%,`6.00,`0.00,`
`2026-04-19 12:54:46,`wxfc262f382d61c3db,`1723333380,`0,`,`4200003137202604196421391408,`62033aceb2364e4ab8843169f5dfe54c,`obt9LvmNmnWl5YG0VLQgmXhh3RJ4,`JSAPI,`SUCCESS,`HUNNX_DEBIT,`CNY,`3.00,`0.00,`0,`0,`0.00,`0.00,`,`,`停车费用,`,`0.02000,`0.54%,`3.00,`0.00,`
`2026-04-19 01:35:25,`wxfc262f382d61c3db,`1723333380,`0,`,`4200003138202604197263848287,`c9c353018eb04345b3db156aafa5f9cf,`obt9LvncAyJY8PIMbenHPlouBHBw,`JSAPI,`SUCCESS,`ABC_DEBIT,`CNY,`12.00,`0.00,`0,`0,`0.00,`0.00,`,`,`停车费用,`,`0.06000,`0.54%,`12.00,`0.00,`
`2026-04-20 19:01:44,`wxfc262f382d61c3db,`1723333380,`0,`,`4200003049202604202329904561,`5a1483bf44f94b94833b8128353e051e,`obt9LvnkYneviuZE8TlU2T0choAU,`JSAPI,`SUCCESS,`OTHERS,`CNY,`3.00,`0.00,`0,`0,`0.00,`0.00,`,`,`停车费用,`,`0.02000,`0.54%,`3.00,`0.00,`
`2026-04-20 18:03:17,`wxfc262f382d61c3db,`1723333380,`0,`,`4200003049202604203087102568,`1bf50fc8b1054b4e9d3dbbcec252ecff,`obt9Lvq_SOJm6g4WqD9Uiq5rXQLk,`JSAPI,`SUCCESS,`OTHERS,`CNY,`6.00,`0.00,`0,`0,`0.00,`0.00,`,`,`停车费用,`,`0.03000,`0.54%,`6.00,`0.00,`
`2026-04-20 16:32:32,`wxfc262f382d61c3db,`1723333380,`0,`,`4200003049202604207289334868,`eaa872e6474b4436a0884c5bd90841eb,`obt9Lvqdp-mkAVq69x8n0uG48X0Q,`JSAPI,`SUCCESS,`OTHERS,`CNY,`3.00,`0.00,`0,`0,`0.00,`0.00,`,`,`停车费用,`,`0.02000,`0.54%,`3.00,`0.00,`
`2026-04-20 11:43:33,`wxfc262f382d61c3db,`1723333380,`0,`,`4200003050202604205386565497,`6645d72916404dd085d6f2c8783f3fad,`obt9LvmkaN95nor9sQh7HH7S-Iqc,`JSAPI,`SUCCESS,`OTHERS,`CNY,`3.00,`0.00,`0,`0,`0.00,`0.00,`,`,`停车费用,`,`0.02000,`0.54%,`3.00,`0.00,`
`2026-04-20 11:21:37,`wxfc262f382d61c3db,`1723333380,`0,`,`4200003053202604202207615289,`34eb97f87ea04fb89953893fc8e79240,`obt9LvqC1F6UBewL1DTG46m8UKXs,`JSAPI,`SUCCESS,`OTHERS,`CNY,`3.00,`0.00,`0,`0,`0.00,`0.00,`,`,`停车费用,`,`0.02000,`0.54%,`3.00,`0.00,`
`2026-04-20 18:12:43,`wxfc262f382d61c3db,`1723333380,`0,`,`4200003054202604205849064542,`486e9d0f07b84171a2eda9686cc9874b,`obt9LvmwOrbVzPFI7qaOmpo0cb-E,`JSAPI,`SUCCESS,`SPDB_DEBIT,`CNY,`27.00,`0.00,`0,`0,`0.00,`0.00,`,`,`停车费用,`,`0.15000,`0.54%,`27.00,`0.00,`
`2026-04-20 11:20:14,`wxfc262f382d61c3db,`1723333380,`0,`,`4200003054202604205993416654,`882ecefad2b44dac96c2eef0f4f03677,`obt9LvgzKlicJEY5T0U3OgtrvLa8,`JSAPI,`SUCCESS,`OTHERS,`CNY,`3.00,`0.00,`0,`0,`0.00,`0.00,`,`,`停车费用,`,`0.02000,`0.54%,`3.00,`0.00,`
`2026-04-20 11:13:04,`wxfc262f382d61c3db,`1723333380,`0,`,`4200003054202604207434923300,`5bfba9b5455f4bf4b979e6419a42c45d,`obt9LvmrHrz_C5K0AMX1u67ZFWwg,`JSAPI,`SUCCESS,`OTHERS,`CNY,`3.00,`0.00,`0,`0,`0.00,`0.00,`,`,`停车费用,`,`0.02000,`0.54%,`3.00,`0.00,`
`2026-04-20 10:45:57,`wxfc262f382d61c3db,`1723333380,`0,`,`4200003055202604204562751453,`2935024652e048afb9f4fc6c972ac1ab,`obt9LvrRtWhRNBUxL6rIJYWxgkR4,`JSAPI,`SUCCESS,`OTHERS,`CNY,`3.00,`0.00,`0,`0,`0.00,`0.00,`,`,`停车费用,`,`0.02000,`0.54%,`3.00,`0.00,`
`2026-04-20 10:39:29,`wxfc262f382d61c3db,`1723333380,`0,`,`4200003057202604205015469654,`54f36bd4306e4a409a8dd290ed722238,`obt9LvoBZSh9QCAZ6idwDDUqnZLo,`JSAPI,`SUCCESS,`PAB_CREDIT,`CNY,`3.00,`0.00,`0,`0,`0.00,`0.00,`,`,`停车费用,`,`0.02000,`0.54%,`3.00,`0.00,`
`2026-04-20 12:07:11,`wxfc262f382d61c3db,`1723333380,`0,`,`4200003060202604200759649609,`516f865bde5c4ce9823ee685c31b8219,`obt9Lvkvo3eByxWpMtIfUllZW3Es,`JSAPI,`SUCCESS,`CCB_DEBIT,`CNY,`6.00,`0.00,`0,`0,`0.00,`0.00,`,`,`停车费用,`,`0.03000,`0.54%,`6.00,`0.00,`
`2026-04-20 17:28:24,`wxfc262f382d61c3db,`1723333380,`0,`,`4200003061202604204058312893,`99bb7812bdf74c8f8382a393d62a952b,`obt9LvhEY0X6Ycl4LpC1aqrFdG-I,`JSAPI,`SUCCESS,`OTHERS,`CNY,`12.00,`0.00,`0,`0,`0.00,`0.00,`,`,`停车费用,`,`0.06000,`0.54%,`12.00,`0.00,`
`2026-04-20 21:15:38,`wxfc262f382d61c3db,`1723333380,`0,`,`4200003061202604207348438375,`94fa1027962b43aa8ce903c0e9facec4,`obt9LvojTmRw1ae_qSqP3YTRB0sM,`JSAPI,`SUCCESS,`OTHERS,`CNY,`9.00,`0.00,`0,`0,`0.00,`0.00,`,`,`停车费用,`,`0.05000,`0.54%,`9.00,`0.00,`
`2026-04-20 11:37:16,`wxfc262f382d61c3db,`1723333380,`0,`,`4200003062202604204803782784,`a675ee1f745e4948adc0dd0fd719883c,`obt9LvvhpaE8Df1tvqrU2elNyhE4,`JSAPI,`SUCCESS,`OTHERS,`CNY,`6.00,`0.00,`0,`0,`0.00,`0.00,`,`,`停车费用,`,`0.03000,`0.54%,`6.00,`0.00,`
`2026-04-20 10:54:29,`wxfc262f382d61c3db,`1723333380,`0,`,`4200003063202604200214487800,`006198c0e50143ffa41bfa9bee62ee4d,`obt9LvmlYi343Wk8_paDlMePXRos,`JSAPI,`SUCCESS,`OTHERS,`CNY,`3.00,`0.00,`0,`0,`0.00,`0.00,`,`,`停车费用,`,`0.02000,`0.54%,`3.00,`0.00,`
`2026-04-20 19:09:52,`wxfc262f382d61c3db,`1723333380,`0,`,`4200003063202604207707413770,`0bd5d310c19344bca33a0fe403315b33,`obt9LvmeUlBR0PPGX1YK3pkaVVXM,`JSAPI,`SUCCESS,`OTHERS,`CNY,`3.00,`0.00,`0,`0,`0.00,`0.00,`,`,`停车费用,`,`0.02000,`0.54%,`3.00,`0.00,`
`2026-04-20 13:14:04,`wxfc262f382d61c3db,`1723333380,`0,`,`4200003064202604200466282265,`90d5512a35e744f9ab0864c20e7feec6,`obt9LvpKmnrQeSlM4Qt5CJX2jJfA,`JSAPI,`SUCCESS,`CSCB_CREDIT,`CNY,`3.00,`0.00,`0,`0,`0.00,`0.00,`,`,`停车费用,`,`0.02000,`0.54%,`3.00,`0.00,`
`2026-04-20 11:20:18,`wxfc262f382d61c3db,`1723333380,`0,`,`4200003065202604206671519023,`64490d64d7534ac2b30bf6835c13fa1a,`obt9LviBA5En8tP7hX_-Ri4EcxJ4,`JSAPI,`SUCCESS,`PAB_CREDIT,`CNY,`3.00,`0.00,`0,`0,`0.00,`0.00,`,`,`停车费用,`,`0.02000,`0.54%,`3.00,`0.00,`
`2026-04-20 10:35:09,`wxfc262f382d61c3db,`1723333380,`0,`,`4200003066202604202667605318,`fe96c4cecc354493afd5f36dd084bd27,`obt9LvvkuRyB0VnAw_Ik5-54kTeQ,`JSAPI,`SUCCESS,`PAB_CREDIT,`CNY,`3.00,`0.00,`0,`0,`0.00,`0.00,`,`,`停车费用,`,`0.02000,`0.54%,`3.00,`0.00,`
`2026-04-20 00:33:40,`wxfc262f382d61c3db,`1723333380,`0,`,`4200003067202604209237620563,`119019d153094ab88d455cb39992f073,`obt9Lvueteiw7WbptPrLpL1PGvqY,`JSAPI,`SUCCESS,`OTHERS,`CNY,`3.00,`0.00,`0,`0,`0.00,`0.00,`,`,`停车费用,`,`0.02000,`0.54%,`3.00,`0.00,`
`2026-04-20 00:10:42,`wxfc262f382d61c3db,`1723333380,`0,`,`4200003068202604201309299620,`aaa169a061b6499f8c204d61b717d71b,`obt9LvpV9omxuPdvnerSwb6KnmhU,`JSAPI,`SUCCESS,`OTHERS,`CNY,`6.00,`0.00,`0,`0,`0.00,`0.00,`,`,`停车费用,`,`0.03000,`0.54%,`6.00,`0.00,`
`2026-04-20 10:40:29,`wxfc262f382d61c3db,`1723333380,`0,`,`4200003068202604202081774269,`a7edd749482740398ae86f2a9cf1efc0,`obt9LvjvPzk1kyKmT6sra9JS8zdo,`JSAPI,`SUCCESS,`OTHERS,`CNY,`3.00,`0.00,`0,`0,`0.00,`0.00,`,`,`停车费用,`,`0.02000,`0.54%,`3.00,`0.00,`
`2026-04-20 12:16:39,`wxfc262f382d61c3db,`1723333380,`0,`,`4200003068202604203964783766,`4513ba05f1ad4298a806f9234dc9ebd2,`obt9LvvhpaE8Df1tvqrU2elNyhE4,`JSAPI,`SUCCESS,`OTHERS,`CNY,`3.00,`0.00,`0,`0,`0.00,`0.00,`,`,`停车费用,`,`0.02000,`0.54%,`3.00,`0.00,`
`2026-04-20 00:32:51,`wxfc262f382d61c3db,`1723333380,`0,`,`4200003068202604206893440840,`d00367e760474f5b8aba8fc10d92e857,`obt9LvqvDhHcI_fNWgJGe90HxVaw,`JSAPI,`SUCCESS,`OTHERS,`CNY,`9.00,`0.00,`0,`0,`0.00,`0.00,`,`,`停车费用,`,`0.05000,`0.54%,`9.00,`0.00,`
`2026-04-20 11:14:11,`wxfc262f382d61c3db,`1723333380,`0,`,`4200003069202604200350778960,`dd57136b9a0446778995b1e3667462f9,`obt9LvuT5jYgwdg_5o4R8O6GRVQs,`JSAPI,`SUCCESS,`OTHERS,`CNY,`3.00,`0.00,`0,`0,`0.00,`0.00,`,`,`停车费用,`,`0.02000,`0.54%,`3.00,`0.00,`
`2026-04-20 21:54:48,`wxfc262f382d61c3db,`1723333380,`0,`,`4200003069202604203867135934,`7f3d36c233c14bb5bc414cfdb8f1e346,`obt9LvnANXxNKSfF9goem7ExfkWw,`JSAPI,`SUCCESS,`OTHERS,`CNY,`6.00,`0.00,`0,`0,`0.00,`0.00,`,`,`停车费用,`,`0.03000,`0.54%,`6.00,`0.00,`
`2026-04-20 10:58:11,`wxfc262f382d61c3db,`1723333380,`0,`,`4200003069202604206603770337,`7a33365702c04303808de61d0d0b461a,`obt9LvhNI68iXmFyz5VOrQ9ClcZc,`JSAPI,`SUCCESS,`OTHERS,`CNY,`3.00,`0.00,`0,`0,`0.00,`0.00,`,`,`停车费用,`,`0.02000,`0.54%,`3.00,`0.00,`
`2026-04-20 19:06:01,`wxfc262f382d61c3db,`1723333380,`0,`,`4200003069202604207936979855,`a879646bf569460eb1efc382d79c2d88,`obt9LvsQlc_6Se32zAPHU8GZq_Xw,`JSAPI,`SUCCESS,`ABC_DEBIT,`CNY,`9.00,`0.00,`0,`0,`0.00,`0.00,`,`,`停车费用,`,`0.05000,`0.54%,`9.00,`0.00,`
`2026-04-20 18:46:24,`wxfc262f382d61c3db,`1723333380,`0,`,`4200003070202604206521889212,`bdc8f4a63cc44ba8bd9edfb40aa3282f,`obt9LvmefYyMGm80gKVsIESJm1Jw,`JSAPI,`SUCCESS,`OTHERS,`CNY,`3.00,`0.00,`0,`0,`0.00,`0.00,`,`,`停车费用,`,`0.02000,`0.54%,`3.00,`0.00,`
`2026-04-20 11:13:20,`wxfc262f382d61c3db,`1723333380,`0,`,`4200003071202604207731170821,`aeb805ac495c4f3ebc8cbce7ce2e94aa,`obt9LvtGkh-oARJS9SDcSmDFTYaE,`JSAPI,`SUCCESS,`GDB_CREDIT,`CNY,`3.00,`0.00,`0,`0,`0.00,`0.00,`,`,`停车费用,`,`0.02000,`0.54%,`3.00,`0.00,`
`2026-04-20 10:54:44,`wxfc262f382d61c3db,`1723333380,`0,`,`4200003071202604209951966190,`7069e11705354950b13a2f3be39b3c1b,`obt9LvmoPToyJEt0zYHU732LdFfA,`JSAPI,`SUCCESS,`OTHERS,`CNY,`3.00,`0.00,`0,`0,`0.00,`0.00,`,`,`停车费用,`,`0.02000,`0.54%,`3.00,`0.00,`
`2026-04-20 12:19:07,`wxfc262f382d61c3db,`1723333380,`0,`,`4200003075202604204968526713,`3c8a3c9b49684eeb9d5db0df9360e5b1,`obt9Lvulxgx10DajEXS3GxGcvV5E,`JSAPI,`SUCCESS,`OTHERS,`CNY,`6.00,`0.00,`0,`0,`0.00,`0.00,`,`,`停车费用,`,`0.03000,`0.54%,`6.00,`0.00,`
`2026-04-20 19:05:21,`wxfc262f382d61c3db,`1723333380,`0,`,`4200003075202604206173153648,`9fe008567c3845b48b45b202f51b5296,`obt9LvlAER_ZXH8I9AhKuWrkluG8,`JSAPI,`SUCCESS,`ABC_DEBIT,`CNY,`3.00,`0.00,`0,`0,`0.00,`0.00,`,`,`停车费用,`,`0.02000,`0.54%,`3.00,`0.00,`
`2026-04-20 16:05:57,`wxfc262f382d61c3db,`1723333380,`0,`,`4200003076202604202152287252,`194b746b0a4b449da0359f3277df644f,`obt9LvvMKqF47giFiVKNPrYbwoWE,`JSAPI,`SUCCESS,`OTHERS,`CNY,`3.00,`0.00,`0,`0,`0.00,`0.00,`,`,`停车费用,`,`0.02000,`0.54%,`3.00,`0.00,`
`2026-04-20 22:42:57,`wxfc262f382d61c3db,`1723333380,`0,`,`4200003078202604203657758120,`3ac268b3b3514aacb50be771849e3380,`obt9LvuaGFEjgDJMlljwa_4lTXJE,`JSAPI,`SUCCESS,`CITIC_DEBIT,`CNY,`9.00,`0.00,`0,`0,`0.00,`0.00,`,`,`停车费用,`,`0.05000,`0.54%,`9.00,`0.00,`
`2026-04-20 11:01:50,`wxfc262f382d61c3db,`1723333380,`0,`,`4200003078202604205059084273,`12cfa294d17d4fd1a270dc075da4b5c6,`obt9LvhGWAkbVPWgEWdU8azYt3UU,`JSAPI,`SUCCESS,`PAB_CREDIT,`CNY,`3.00,`0.00,`0,`0,`0.00,`0.00,`,`,`停车费用,`,`0.02000,`0.54%,`3.00,`0.00,`
`2026-04-20 20:39:53,`wxfc262f382d61c3db,`1723333380,`0,`,`4200003080202604202938587831,`b6dc6cc5f5af4b199cc806209ab1446b,`obt9LviYpa6XcVTdaC18PWBIvdso,`JSAPI,`SUCCESS,`OTHERS,`CNY,`3.00,`0.00,`0,`0,`0.00,`0.00,`,`,`停车费用,`,`0.02000,`0.54%,`3.00,`0.00,`
`2026-04-20 21:14:33,`wxfc262f382d61c3db,`1723333380,`0,`,`4200003081202604209354591005,`e2bfc84ca1ab47d488342b3774d7dddf,`obt9LvrrKfWSp9E3wD425iOHYIlc,`JSAPI,`SUCCESS,`OTHERS,`CNY,`3.00,`0.00,`0,`0,`0.00,`0.00,`,`,`停车费用,`,`0.02000,`0.54%,`3.00,`0.00,`
`2026-04-20 16:16:54,`wxfc262f382d61c3db,`1723333380,`0,`,`4200003082202604209584640262,`1cf7a4d9798a4027a93aaa38856002dd,`obt9Lvjb77swSaCNY-gg06MMN2Es,`JSAPI,`SUCCESS,`OTHERS,`CNY,`15.00,`0.00,`0,`0,`0.00,`0.00,`,`,`停车费用,`,`0.08000,`0.54%,`15.00,`0.00,`
`2026-04-20 20:22:22,`wxfc262f382d61c3db,`1723333380,`0,`,`4200003086202604200920359120,`5a0dce82cbf347118ad1b07cf5260409,`obt9LvkOpw7_M9bOB3Z9pP3W2L4g,`JSAPI,`SUCCESS,`OTHERS,`CNY,`6.00,`0.00,`0,`0,`0.00,`0.00,`,`,`停车费用,`,`0.03000,`0.54%,`6.00,`0.00,`
`2026-04-20 17:15:56,`wxfc262f382d61c3db,`1723333380,`0,`,`4200003088202604201334490876,`f3feb7f936f845a3a145d0d3a2bb2b04,`obt9LvpKmnrQeSlM4Qt5CJX2jJfA,`JSAPI,`SUCCESS,`OTHERS,`CNY,`3.00,`0.00,`0,`0,`0.00,`0.00,`,`,`停车费用,`,`0.02000,`0.54%,`3.00,`0.00,`
`2026-04-20 21:12:21,`wxfc262f382d61c3db,`1723333380,`0,`,`4200003088202604207817659070,`c52503d79a8c4bb1b9db883f3473e5e7,`obt9LvqI4zq7HY65FxPApkJHloVI,`JSAPI,`SUCCESS,`OTHERS,`CNY,`9.00,`0.00,`0,`0,`0.00,`0.00,`,`,`停车费用,`,`0.05000,`0.54%,`9.00,`0.00,`
`2026-04-20 19:22:12,`wxfc262f382d61c3db,`1723333380,`0,`,`4200003089202604204870631246,`9bf7d901a1cc492a9f3077c838f66bc2,`obt9LvmrHrz_C5K0AMX1u67ZFWwg,`JSAPI,`SUCCESS,`OTHERS,`CNY,`6.00,`0.00,`0,`0,`0.00,`0.00,`,`,`停车费用,`,`0.03000,`0.54%,`6.00,`0.00,`
`2026-04-20 10:52:19,`wxfc262f382d61c3db,`1723333380,`0,`,`4200003089202604206949942679,`80ed8c1e898c426181c6341de65d3b1a,`obt9LvqD9m8kn5qRo1IswMwOOIus,`JSAPI,`SUCCESS,`OTHERS,`CNY,`3.00,`0.00,`0,`0,`0.00,`0.00,`,`,`停车费用,`,`0.02000,`0.54%,`3.00,`0.00,`
`2026-04-20 10:25:02,`wxfc262f382d61c3db,`1723333380,`0,`,`4200003091202604201151734822,`f8366972a7b84534b1263999650c5927,`obt9LvqvDhHcI_fNWgJGe90HxVaw,`JSAPI,`SUCCESS,`OTHERS,`CNY,`18.00,`0.00,`0,`0,`0.00,`0.00,`,`,`停车费用,`,`0.10000,`0.54%,`18.00,`0.00,`
`2026-04-20 16:41:08,`wxfc262f382d61c3db,`1723333380,`0,`,`4200003093202604206510869513,`9f8d44ff13f848b5a1b8090400dc0d5e,`obt9Lvnb4zWaxP6gYTCNjBI5Ht-8,`JSAPI,`SUCCESS,`PSBC_CREDIT,`CNY,`3.00,`0.00,`0,`0,`0.00,`0.00,`,`,`停车费用,`,`0.02000,`0.54%,`3.00,`0.00,`
`2026-04-20 17:56:10,`wxfc262f382d61c3db,`1723333380,`0,`,`4200003094202604205219768231,`0b439ec6eb1247cb8d933a7558bc7cef,`obt9LvvFlP8wX5MdxpWwUjkWapCY,`JSAPI,`SUCCESS,`OTHERS,`CNY,`6.00,`0.00,`0,`0,`0.00,`0.00,`,`,`停车费用,`,`0.03000,`0.54%,`6.00,`0.00,`
`2026-04-20 10:49:41,`wxfc262f382d61c3db,`1723333380,`0,`,`4200003096202604205667305394,`882e36796a3641c8822574a0c5790b46,`obt9LvibkcAsY7PqZa8XeXHynP0I,`JSAPI,`SUCCESS,`PAB_CREDIT,`CNY,`3.00,`0.00,`0,`0,`0.00,`0.00,`,`,`停车费用,`,`0.02000,`0.54%,`3.00,`0.00,`
`2026-04-20 12:32:39,`wxfc262f382d61c3db,`1723333380,`0,`,`4200003126202604201303533922,`846aa1963b8b4691b8f33ad33ae85a5e,`obt9LvlUWUtthBj3nk3KWYa_DGhA,`JSAPI,`SUCCESS,`ICBC_CREDIT,`CNY,`3.00,`0.00,`0,`0,`0.00,`0.00,`,`,`停车费用,`,`0.02000,`0.54%,`3.00,`0.00,`
`2026-04-20 15:45:16,`wxfc262f382d61c3db,`1723333380,`0,`,`4200003128202604203788107077,`c83b1abb86574fbbb901a95119e92d1b,`obt9Lvs1htLg8sqmMw8tuIe4rfg0,`JSAPI,`SUCCESS,`OTHERS,`CNY,`3.00,`0.00,`0,`0,`0.00,`0.00,`,`,`停车费用,`,`0.02000,`0.54%,`3.00,`0.00,`
`2026-04-20 10:34:55,`wxfc262f382d61c3db,`1723333380,`0,`,`4200003128202604206388997309,`2c204b0c970e45a18acde9c0d01d48dc,`obt9LvsgliBiIcz_BIw2mXPvnCPQ,`JSAPI,`SUCCESS,`OTHERS,`CNY,`3.00,`0.00,`0,`0,`0.00,`0.00,`,`,`停车费用,`,`0.02000,`0.54%,`3.00,`0.00,`
`2026-04-20 15:48:10,`wxfc262f382d61c3db,`1723333380,`0,`,`4200003128202604209739975952,`be92ce5959c842d0aca295d1a7d58ef6,`obt9LvoyLC7Jis6RCYabam2arsPg,`JSAPI,`SUCCESS,`ABC_CREDIT,`CNY,`6.00,`0.00,`0,`0,`0.00,`0.00,`,`,`停车费用,`,`0.03000,`0.54%,`6.00,`0.00,`
`2026-04-20 18:04:32,`wxfc262f382d61c3db,`1723333380,`0,`,`4200003129202604204387646411,`de9b58971e304173ba60ccbb792dc09f,`obt9Lvg9PIkKfD3pcYHf669-vH_k,`JSAPI,`SUCCESS,`OTHERS,`CNY,`9.00,`0.00,`0,`0,`0.00,`0.00,`,`,`停车费用,`,`0.05000,`0.54%,`9.00,`0.00,`
`2026-04-20 17:45:11,`wxfc262f382d61c3db,`1723333380,`0,`,`4200003129202604206954441527,`533743b19e9243c3b7df82d6b3b829b0,`obt9LvsP15QrU85gJmqzz6uQ1FDQ,`JSAPI,`SUCCESS,`OTHERS,`CNY,`3.00,`0.00,`0,`0,`0.00,`0.00,`,`,`停车费用,`,`0.02000,`0.54%,`3.00,`0.00,`
`2026-04-20 17:00:44,`wxfc262f382d61c3db,`1723333380,`0,`,`4200003130202604206143194184,`0cb3568253a5480484109c15fbd4065d,`obt9LvqD9m8kn5qRo1IswMwOOIus,`JSAPI,`SUCCESS,`OTHERS,`CNY,`3.00,`0.00,`0,`0,`0.00,`0.00,`,`,`停车费用,`,`0.02000,`0.54%,`3.00,`0.00,`
`2026-04-20 13:35:45,`wxfc262f382d61c3db,`1723333380,`0,`,`4200003131202604205553616432,`e53871c8e8054abc81a52bf3e1388b94,`obt9Lvg9mZvPghx-2DeTg6wTjo-k,`JSAPI,`SUCCESS,`OTHERS,`CNY,`9.00,`0.00,`0,`0,`0.00,`0.00,`,`,`停车费用,`,`0.05000,`0.54%,`9.00,`0.00,`
`2026-04-20 17:57:05,`wxfc262f382d61c3db,`1723333380,`0,`,`4200003132202604205339373216,`906dea58c9cb4571aab3c21aaf18d384,`obt9Lvtw6GZA1062tRVdplZVO9Jg,`JSAPI,`SUCCESS,`CCB_DEBIT,`CNY,`3.00,`0.00,`0,`0,`0.00,`0.00,`,`,`停车费用,`,`0.02000,`0.54%,`3.00,`0.00,`
`2026-04-20 21:34:42,`wxfc262f382d61c3db,`1723333380,`0,`,`4200003132202604208225174949,`85b2864d35c643dc99f77d2204357f41,`obt9LvlJ81CTkwzgqCxwRkqjk9QM,`JSAPI,`SUCCESS,`ABC_DEBIT,`CNY,`6.00,`0.00,`0,`0,`0.00,`0.00,`,`,`停车费用,`,`0.03000,`0.54%,`6.00,`0.00,`
`2026-04-20 10:53:39,`wxfc262f382d61c3db,`1723333380,`0,`,`4200003133202604206594697182,`93b6b1ff78334798845eb033f39515d2,`obt9LvsMjGT6Qsc-PWQxnHkwfX4s,`JSAPI,`SUCCESS,`OTHERS,`CNY,`3.00,`0.00,`0,`0,`0.00,`0.00,`,`,`停车费用,`,`0.02000,`0.54%,`3.00,`0.00,`
`2026-04-20 16:34:07,`wxfc262f382d61c3db,`1723333380,`0,`,`4200003134202604201614504368,`77177ec36b1044969c0bf3c5f1e9092c,`obt9LvtGkh-oARJS9SDcSmDFTYaE,`JSAPI,`SUCCESS,`GDB_CREDIT,`CNY,`3.00,`0.00,`0,`0,`0.00,`0.00,`,`,`停车费用,`,`0.02000,`0.54%,`3.00,`0.00,`
`2026-04-20 10:51:45,`wxfc262f382d61c3db,`1723333380,`0,`,`4200003135202604203957872199,`7d880bd791a943d38b5a559d65d2cb13,`obt9LvtwwThKKxLYMDSfOBi6_WAo,`JSAPI,`SUCCESS,`OTHERS,`CNY,`3.00,`0.00,`0,`0,`0.00,`0.00,`,`,`停车费用,`,`0.02000,`0.54%,`3.00,`0.00,`
`2026-04-20 11:02:13,`wxfc262f382d61c3db,`1723333380,`0,`,`4200003135202604205531866970,`c54557c994704a668c48558e475de18b,`obt9LviBVPu1GYpANvfGWD6rDXFk,`JSAPI,`SUCCESS,`OTHERS,`CNY,`3.00,`0.00,`0,`0,`0.00,`0.00,`,`,`停车费用,`,`0.02000,`0.54%,`3.00,`0.00,`
`2026-04-20 10:40:03,`wxfc262f382d61c3db,`1723333380,`0,`,`4200003135202604206968208422,`bfa419e3b2a54022a8eda6a561e2e95b,`obt9LvqrztrxHLTABOYtaFdDZfqw,`JSAPI,`SUCCESS,`PAB_CREDIT,`CNY,`3.00,`0.00,`0,`0,`0.00,`0.00,`,`,`停车费用,`,`0.02000,`0.54%,`3.00,`0.00,`
`2026-04-20 11:12:32,`wxfc262f382d61c3db,`1723333380,`0,`,`4200003135202604208329351386,`c0d4374152b5477bbc7e6cecb4b22258,`obt9LvmkaN95nor9sQh7HH7S-Iqc,`JSAPI,`SUCCESS,`OTHERS,`CNY,`3.00,`0.00,`0,`0,`0.00,`0.00,`,`,`停车费用,`,`0.02000,`0.54%,`3.00,`0.00,`
`2026-04-20 21:48:42,`wxfc262f382d61c3db,`1723333380,`0,`,`4200003136202604206336721812,`c63918d3425a418ab764af47244c88a0,`obt9LvrFfHtoxQ9WtfRNlPVFUKuQ,`JSAPI,`SUCCESS,`OTHERS,`CNY,`6.00,`0.00,`0,`0,`0.00,`0.00,`,`,`停车费用,`,`0.03000,`0.54%,`6.00,`0.00,`
`2026-04-20 11:57:29,`wxfc262f382d61c3db,`1723333380,`0,`,`4200003136202604207664465008,`35856e384a304c43b3310cdcbd4ee5ef,`obt9Lvs8EX6YB3rEipD_y5huLz8A,`JSAPI,`SUCCESS,`OTHERS,`CNY,`3.00,`0.00,`0,`0,`0.00,`0.00,`,`,`停车费用,`,`0.02000,`0.54%,`3.00,`0.00,`
`2026-04-20 12:25:21,`wxfc262f382d61c3db,`1723333380,`0,`,`4200003137202604202322957169,`370d9db7a5a74c5ea365b13348a58ab6,`obt9LvmN4y8MBFEOSM3VlMAqUyUw,`JSAPI,`SUCCESS,`OTHERS,`CNY,`3.00,`0.00,`0,`0,`0.00,`0.00,`,`,`停车费用,`,`0.02000,`0.54%,`3.00,`0.00,`
`2026-04-20 11:18:30,`wxfc262f382d61c3db,`1723333380,`0,`,`4200003137202604202759088447,`4e3e8b637919438185f7db5c3b96e586,`obt9Lvss11k1m7fo-U2SNt3QRJ7s,`JSAPI,`SUCCESS,`OTHERS,`CNY,`3.00,`0.00,`0,`0,`0.00,`0.00,`,`,`停车费用,`,`0.02000,`0.54%,`3.00,`0.00,`
`2026-04-20 18:07:25,`wxfc262f382d61c3db,`1723333380,`0,`,`4200003137202604207704962390,`f4ed898c98ce4b7d86ceb070987b95c6,`obt9Lvh1zYGuJFxOJMWsJVAoNB-U,`JSAPI,`SUCCESS,`OTHERS,`CNY,`3.00,`0.00,`0,`0,`0.00,`0.00,`,`,`停车费用,`,`0.02000,`0.54%,`3.00,`0.00,`
`2026-04-20 11:29:10,`wxfc262f382d61c3db,`1723333380,`0,`,`4200003138202604201202300853,`463d44e1213b4a78990f6558471031fc,`obt9LvvGnAvghtRuhq392MGyMysU,`JSAPI,`SUCCESS,`OTHERS,`CNY,`6.00,`0.00,`0,`0,`0.00,`0.00,`,`,`停车费用,`,`0.03000,`0.54%,`6.00,`0.00,`
`2026-04-20 10:49:48,`wxfc262f382d61c3db,`1723333380,`0,`,`4200003139202604205206295071,`04a3c65ce27d4c43b46ce614ed07257f,`obt9Lvp-ZwCtyglOhY-JshlM_nHw,`JSAPI,`SUCCESS,`OTHERS,`CNY,`3.00,`0.00,`0,`0,`0.00,`0.00,`,`,`停车费用,`,`0.02000,`0.54%,`3.00,`0.00,`
`2026-04-20 11:56:04,`wxfc262f382d61c3db,`1723333380,`0,`,`4200003140202604205367214935,`cb3abb1ab5fd4f3390bf968a5a7b6681,`obt9LvsXlPJaI-zAMVp4K5p_S3V0,`JSAPI,`SUCCESS,`OTHERS,`CNY,`3.00,`0.00,`0,`0,`0.00,`0.00,`,`,`停车费用,`,`0.02000,`0.54%,`3.00,`0.00,`
`2026-04-20 10:40:58,`wxfc262f382d61c3db,`1723333380,`0,`,`4200003140202604207635240903,`c0c44be2e2804e1f83e964de53ab35a6,`obt9Lvih882QTYBOXxHK5XvDBjaM,`JSAPI,`SUCCESS,`OTHERS,`CNY,`3.00,`0.00,`0,`0,`0.00,`0.00,`,`,`停车费用,`,`0.02000,`0.54%,`3.00,`0.00,`
`2026-04-21 19:49:20,`wxfc262f382d61c3db,`1723333380,`0,`,`4200003049202604217380417310,`91a2acc00b0e4db2affb6a1e2faab67e,`obt9LvpWfuT4yuRZ5LCfkTNVoCcg,`JSAPI,`SUCCESS,`OTHERS,`CNY,`3.00,`0.00,`0,`0,`0.00,`0.00,`,`,`停车费用,`,`0.02000,`0.54%,`3.00,`0.00,`
`2026-04-21 20:55:06,`wxfc262f382d61c3db,`1723333380,`0,`,`4200003049202604218059689592,`b429469ea2684622aa7fb2a2450b7fec,`obt9LvioLruRuHEr8wPElZSbi2ok,`JSAPI,`SUCCESS,`OTHERS,`CNY,`3.00,`0.00,`0,`0,`0.00,`0.00,`,`,`停车费用,`,`0.02000,`0.54%,`3.00,`0.00,`
`2026-04-21 11:05:35,`wxfc262f382d61c3db,`1723333380,`0,`,`4200003051202604213994911465,`5e6b7ba1346740ae8112d9a99a443c35,`obt9LvlmpKA5FPIDEvm1spnsvJV4,`JSAPI,`SUCCESS,`OTHERS,`CNY,`3.00,`0.00,`0,`0,`0.00,`0.00,`,`,`停车费用,`,`0.02000,`0.54%,`3.00,`0.00,`
`2026-04-21 11:36:00,`wxfc262f382d61c3db,`1723333380,`0,`,`4200003051202604214154728686,`1a3727a9f5824df89de5c38ccddb7d8f,`obt9LvqU2Lqwk6BHB2HQ-bafrhuU,`JSAPI,`SUCCESS,`OTHERS,`CNY,`6.00,`0.00,`0,`0,`0.00,`0.00,`,`,`停车费用,`,`0.03000,`0.54%,`6.00,`0.00,`
`2026-04-21 23:32:33,`wxfc262f382d61c3db,`1723333380,`0,`,`4200003053202604216620244240,`0b68237ee5d64042ac0515e23586f751,`obt9Lvu6RYuUVc1_9MND_uLUxm1s,`JSAPI,`SUCCESS,`OTHERS,`CNY,`3.00,`0.00,`0,`0,`0.00,`0.00,`,`,`停车费用,`,`0.02000,`0.54%,`3.00,`0.00,`
`2026-04-21 14:29:16,`wxfc262f382d61c3db,`1723333380,`0,`,`4200003055202604211288086485,`3ff847aea8ce43108e96eae1e8b2f1ed,`obt9LvuBWC7OkGsCEUK7B5tNwRL0,`JSAPI,`SUCCESS,`BOC_CREDIT,`CNY,`3.00,`0.00,`0,`0,`0.00,`0.00,`,`,`停车费用,`,`0.02000,`0.54%,`3.00,`0.00,`
`2026-04-21 10:39:43,`wxfc262f382d61c3db,`1723333380,`0,`,`4200003055202604215803788073,`c9789a7dba4148059634b4c212e76bbd,`obt9LvmoPToyJEt0zYHU732LdFfA,`JSAPI,`SUCCESS,`OTHERS,`CNY,`3.00,`0.00,`0,`0,`0.00,`0.00,`,`,`停车费用,`,`0.02000,`0.54%,`3.00,`0.00,`
`2026-04-21 12:08:58,`wxfc262f382d61c3db,`1723333380,`0,`,`4200003055202604216547822906,`83d04c450c654e5ebde48d3c5add56db,`obt9LvqhZ9owWqHo3oUy5yzpTlD0,`JSAPI,`SUCCESS,`PAB_CREDIT,`CNY,`6.00,`0.00,`0,`0,`0.00,`0.00,`,`,`停车费用,`,`0.03000,`0.54%,`6.00,`0.00,`
`2026-04-21 12:02:04,`wxfc262f382d61c3db,`1723333380,`0,`,`4200003057202604218260099536,`1da710969fe24d17b9bc92062b3cc98a,`obt9LvgikPQhPUfFsfHbAVOAxHSA,`JSAPI,`SUCCESS,`OTHERS,`CNY,`3.00,`0.00,`0,`0,`0.00,`0.00,`,`,`停车费用,`,`0.02000,`0.54%,`3.00,`0.00,`
`2026-04-21 11:02:32,`wxfc262f382d61c3db,`1723333380,`0,`,`4200003058202604212234264119,`bba2f5d7ebeb4c6e9754452c5220e78b,`obt9LvqD9m8kn5qRo1IswMwOOIus,`JSAPI,`SUCCESS,`OTHERS,`CNY,`3.00,`0.00,`0,`0,`0.00,`0.00,`,`,`停车费用,`,`0.02000,`0.54%,`3.00,`0.00,`
`2026-04-21 13:17:34,`wxfc262f382d61c3db,`1723333380,`0,`,`4200003058202604216489225829,`b28ff204d4a44b3698373cd270160093,`obt9LvnwjNgsThfdn9MRCiD5y1RQ,`JSAPI,`SUCCESS,`OTHERS,`CNY,`3.00,`0.00,`0,`0,`0.00,`0.00,`,`,`停车费用,`,`0.02000,`0.54%,`3.00,`0.00,`
`2026-04-21 16:30:32,`wxfc262f382d61c3db,`1723333380,`0,`,`4200003059202604210245655915,`51d53eabcf8648d280edfef6cda7b312,`obt9Lvjd0q3EBpJRcxDj6LMzXEY4,`JSAPI,`SUCCESS,`OTHERS,`CNY,`3.00,`0.00,`0,`0,`0.00,`0.00,`,`,`停车费用,`,`0.02000,`0.54%,`3.00,`0.00,`
`2026-04-21 12:04:09,`wxfc262f382d61c3db,`1723333380,`0,`,`4200003059202604216676521202,`0ed8b385a61e4f198bd717d9b2780c57,`obt9Lvss__01bD9wsU0vINDfNIMs,`JSAPI,`SUCCESS,`OTHERS,`CNY,`6.00,`0.00,`0,`0,`0.00,`0.00,`,`,`停车费用,`,`0.03000,`0.54%,`6.00,`0.00,`
`2026-04-21 14:27:45,`wxfc262f382d61c3db,`1723333380,`0,`,`4200003060202604211632263865,`78c7e7ae2b644c41b0758f029c903b71,`obt9LvgZ40F_I6Yg-tR1eoitQO1k,`JSAPI,`SUCCESS,`OTHERS,`CNY,`3.00,`0.00,`0,`0,`0.00,`0.00,`,`,`停车费用,`,`0.02000,`0.54%,`3.00,`0.00,`
`2026-04-21 11:18:24,`wxfc262f382d61c3db,`1723333380,`0,`,`4200003061202604219966492247,`3ecadb14966e49b3b81f7092048a2da4,`obt9LvuT5jYgwdg_5o4R8O6GRVQs,`JSAPI,`SUCCESS,`OTHERS,`CNY,`3.00,`0.00,`0,`0,`0.00,`0.00,`,`,`停车费用,`,`0.02000,`0.54%,`3.00,`0.00,`
`2026-04-21 16:32:14,`wxfc262f382d61c3db,`1723333380,`0,`,`4200003063202604212121309635,`a8ab077f314347efbcc65607c3c27bb3,`obt9LvpdheKmq2rqoZU-e6JAIz7c,`JSAPI,`SUCCESS,`OTHERS,`CNY,`3.00,`0.00,`0,`0,`0.00,`0.00,`,`,`停车费用,`,`0.02000,`0.54%,`3.00,`0.00,`
`2026-04-21 17:20:49,`wxfc262f382d61c3db,`1723333380,`0,`,`4200003064202604212066862833,`f38345453820455884dd1e759c989b4e,`obt9LvgzKlicJEY5T0U3OgtrvLa8,`JSAPI,`SUCCESS,`OTHERS,`CNY,`6.00,`0.00,`0,`0,`0.00,`0.00,`,`,`停车费用,`,`0.03000,`0.54%,`6.00,`0.00,`
`2026-04-21 16:25:32,`wxfc262f382d61c3db,`1723333380,`0,`,`4200003064202604218915692947,`9af61096c5204cc3afbaa8e7a81bb445,`obt9LvmN4y8MBFEOSM3VlMAqUyUw,`JSAPI,`SUCCESS,`OTHERS,`CNY,`3.00,`0.00,`0,`0,`0.00,`0.00,`,`,`停车费用,`,`0.02000,`0.54%,`3.00,`0.00,`
`2026-04-21 12:15:06,`wxfc262f382d61c3db,`1723333380,`0,`,`4200003065202604219279904107,`1e098a637c8b41f0b1dd18bbfb4e94df,`obt9LvqC1F6UBewL1DTG46m8UKXs,`JSAPI,`SUCCESS,`OTHERS,`CNY,`6.00,`0.00,`0,`0,`0.00,`0.00,`,`,`停车费用,`,`0.03000,`0.54%,`6.00,`0.00,`
`2026-04-21 16:19:27,`wxfc262f382d61c3db,`1723333380,`0,`,`4200003066202604213797111555,`e0e426d85c044fe7bec80f835d4c7caa,`obt9LvqC1F6UBewL1DTG46m8UKXs,`JSAPI,`SUCCESS,`OTHERS,`CNY,`3.00,`0.00,`0,`0,`0.00,`0.00,`,`,`停车费用,`,`0.02000,`0.54%,`3.00,`0.00,`
`2026-04-21 00:08:54,`wxfc262f382d61c3db,`1723333380,`0,`,`4200003066202604217672594974,`2cb453888b9d45e68a90985d673038d0,`obt9Lvjjs06tfNgzLM7a-gZBEQR0,`JSAPI,`SUCCESS,`OTHERS,`CNY,`3.00,`0.00,`0,`0,`0.00,`0.00,`,`,`停车费用,`,`0.02000,`0.54%,`3.00,`0.00,`
`2026-04-21 11:14:26,`wxfc262f382d61c3db,`1723333380,`0,`,`4200003070202604217781865434,`b60643139bf74a248a1806c6753c8e46,`obt9LvgzKlicJEY5T0U3OgtrvLa8,`JSAPI,`SUCCESS,`OTHERS,`CNY,`3.00,`0.00,`0,`0,`0.00,`0.00,`,`,`停车费用,`,`0.02000,`0.54%,`3.00,`0.00,`
`2026-04-21 12:40:21,`wxfc262f382d61c3db,`1723333380,`0,`,`4200003073202604210396550131,`776e115e2c9043d5ba7b5fb5a024b305,`obt9Lvr8HhLhK3xfYW0VuknY1Zm0,`JSAPI,`SUCCESS,`OTHERS,`CNY,`3.00,`0.00,`0,`0,`0.00,`0.00,`,`,`停车费用,`,`0.02000,`0.54%,`3.00,`0.00,`
`2026-04-21 21:45:59,`wxfc262f382d61c3db,`1723333380,`0,`,`4200003073202604213421133904,`a4c071899b7c47a190e67a8eb0c7a2e4,`obt9Lvg6pLJtnWtvPyQjg4PLY7Gc,`JSAPI,`SUCCESS,`ICBC_DEBIT,`CNY,`15.00,`0.00,`0,`0,`0.00,`0.00,`,`,`停车费用,`,`0.08000,`0.54%,`15.00,`0.00,`
`2026-04-21 18:33:07,`wxfc262f382d61c3db,`1723333380,`0,`,`4200003074202604218237245071,`b884b635ba84446281cdf7b05b96cc5c,`obt9LvptmnU5W3DQVtrrdL8SuJI0,`JSAPI,`SUCCESS,`OTHERS,`CNY,`3.00,`0.00,`0,`0,`0.00,`0.00,`,`,`停车费用,`,`0.02000,`0.54%,`3.00,`0.00,`
`2026-04-21 15:10:42,`wxfc262f382d61c3db,`1723333380,`0,`,`4200003075202604210545380292,`e20991b426a945dfa67c08b5e77e2cbd,`obt9LvgDmhPDr-Aows_NRHr7TjEE,`JSAPI,`SUCCESS,`OTHERS,`CNY,`3.00,`0.00,`0,`0,`0.00,`0.00,`,`,`停车费用,`,`0.02000,`0.54%,`3.00,`0.00,`
`2026-04-21 22:14:21,`wxfc262f382d61c3db,`1723333380,`0,`,`4200003077202604219960344697,`3ee02879053c4ea6be8a3f47c27ddd3b,`obt9Lvm4Ku0Q5JDmiiyWOVpTUvOg,`JSAPI,`SUCCESS,`CCB_DEBIT,`CNY,`21.00,`0.00,`0,`0,`0.00,`0.00,`,`,`停车费用,`,`0.11000,`0.54%,`21.00,`0.00,`
`2026-04-21 11:18:45,`wxfc262f382d61c3db,`1723333380,`0,`,`4200003079202604210551467358,`d99fd4e05ee74e81a2aaa27553215690,`obt9Lvss11k1m7fo-U2SNt3QRJ7s,`JSAPI,`SUCCESS,`OTHERS,`CNY,`3.00,`0.00,`0,`0,`0.00,`0.00,`,`,`停车费用,`,`0.02000,`0.54%,`3.00,`0.00,`
`2026-04-21 11:37:44,`wxfc262f382d61c3db,`1723333380,`0,`,`4200003079202604214836848015,`9eb901208c6f4c3a93cea30e21d61944,`obt9LvmkaN95nor9sQh7HH7S-Iqc,`JSAPI,`SUCCESS,`OTHERS,`CNY,`6.00,`0.00,`0,`0,`0.00,`0.00,`,`,`停车费用,`,`0.03000,`0.54%,`6.00,`0.00,`
`2026-04-21 11:53:08,`wxfc262f382d61c3db,`1723333380,`0,`,`4200003079202604219253428689,`c28ef4b9c5ef429db55a45485d21212e,`obt9LvmrHrz_C5K0AMX1u67ZFWwg,`JSAPI,`SUCCESS,`OTHERS,`CNY,`3.00,`0.00,`0,`0,`0.00,`0.00,`,`,`停车费用,`,`0.02000,`0.54%,`3.00,`0.00,`
`2026-04-21 10:32:14,`wxfc262f382d61c3db,`1723333380,`0,`,`4200003082202604215500181739,`898a915c77514105ba918ab8b12fddea,`obt9LvvkuRyB0VnAw_Ik5-54kTeQ,`JSAPI,`SUCCESS,`PAB_CREDIT,`CNY,`3.00,`0.00,`0,`0,`0.00,`0.00,`,`,`停车费用,`,`0.02000,`0.54%,`3.00,`0.00,`
`2026-04-21 10:54:08,`wxfc262f382d61c3db,`1723333380,`0,`,`4200003083202604210741417638,`4288832a11704d29a96e2d6f3b7d93d8,`obt9Lvu--1Vw54kNsv3idgmpv8_4,`JSAPI,`SUCCESS,`OTHERS,`CNY,`3.00,`0.00,`0,`0,`0.00,`0.00,`,`,`停车费用,`,`0.02000,`0.54%,`3.00,`0.00,`
`2026-04-21 21:04:24,`wxfc262f382d61c3db,`1723333380,`0,`,`4200003085202604218330665942,`a6fcdcf4a30344bc9f69f0f24b6ba394,`obt9Lvl2Emr6ujU9a-8zPKbfP3zM,`JSAPI,`SUCCESS,`OTHERS,`CNY,`3.00,`0.00,`0,`0,`0.00,`0.00,`,`,`停车费用,`,`0.02000,`0.54%,`3.00,`0.00,`
`2026-04-21 16:31:38,`wxfc262f382d61c3db,`1723333380,`0,`,`4200003086202604211148801819,`741d6f4936ff4813a3627b2aad7729a9,`obt9LvvZXm4THyvfloDCy592pJOk,`JSAPI,`SUCCESS,`BOC_CREDIT,`CNY,`3.00,`0.00,`0,`0,`0.00,`0.00,`,`,`停车费用,`,`0.02000,`0.54%,`3.00,`0.00,`
`2026-04-21 10:45:29,`wxfc262f382d61c3db,`1723333380,`0,`,`4200003087202604213566843568,`7b0f0a41f50b4fad812e035ccecc21b9,`obt9LvvFlP8wX5MdxpWwUjkWapCY,`JSAPI,`SUCCESS,`OTHERS,`CNY,`3.00,`0.00,`0,`0,`0.00,`0.00,`,`,`停车费用,`,`0.02000,`0.54%,`3.00,`0.00,`
`2026-04-21 10:47:50,`wxfc262f382d61c3db,`1723333380,`0,`,`4200003088202604211186382712,`b41f782fdaa94de3a267f8decf17e8d8,`obt9LvrRtWhRNBUxL6rIJYWxgkR4,`JSAPI,`SUCCESS,`OTHERS,`CNY,`3.00,`0.00,`0,`0,`0.00,`0.00,`,`,`停车费用,`,`0.02000,`0.54%,`3.00,`0.00,`
`2026-04-21 21:02:06,`wxfc262f382d61c3db,`1723333380,`0,`,`4200003088202604211998799382,`44dc4330f1234be8ae8f6e25dd8c4abf,`obt9Lvh7yDhGU1CNo9QR5KRQaiyA,`JSAPI,`SUCCESS,`OTHERS,`CNY,`3.00,`0.00,`0,`0,`0.00,`0.00,`,`,`停车费用,`,`0.02000,`0.54%,`3.00,`0.00,`
`2026-04-21 12:01:48,`wxfc262f382d61c3db,`1723333380,`0,`,`4200003088202604214492324638,`ba545511f4f848bc89399a37eceeaf4a,`obt9Lvkvo3eByxWpMtIfUllZW3Es,`JSAPI,`SUCCESS,`CCB_DEBIT,`CNY,`6.00,`0.00,`0,`0,`0.00,`0.00,`,`,`停车费用,`,`0.03000,`0.54%,`6.00,`0.00,`
`2026-04-21 21:22:39,`wxfc262f382d61c3db,`1723333380,`0,`,`4200003088202604216612840255,`0a357f4f1c6341ada6bdedf684820a19,`obt9LvrzL96R1V3o-UFvYgrsoOLo,`JSAPI,`SUCCESS,`OTHERS,`CNY,`9.00,`0.00,`0,`0,`0.00,`0.00,`,`,`停车费用,`,`0.05000,`0.54%,`9.00,`0.00,`
`2026-04-21 17:41:24,`wxfc262f382d61c3db,`1723333380,`0,`,`4200003088202604217459589691,`b1f62cd6f0e5467d8d952845950c4033,`obt9LvimQpgT97hZZpOQ0F1gusmk,`JSAPI,`SUCCESS,`CCB_DEBIT,`CNY,`3.00,`0.00,`0,`0,`0.00,`0.00,`,`,`停车费用,`,`0.02000,`0.54%,`3.00,`0.00,`
`2026-04-21 15:11:02,`wxfc262f382d61c3db,`1723333380,`0,`,`4200003089202604213472088896,`baf839e88561403ba588dc2d99fd5698,`obt9LvuaGFEjgDJMlljwa_4lTXJE,`JSAPI,`SUCCESS,`OTHERS,`CNY,`3.00,`0.00,`0,`0,`0.00,`0.00,`,`,`停车费用,`,`0.02000,`0.54%,`3.00,`0.00,`
`2026-04-21 21:10:15,`wxfc262f382d61c3db,`1723333380,`0,`,`4200003090202604216853248608,`1ec04bb7eb5545058ba661b4f048aa49,`obt9LvtJB-zEQhSB7faRUZDiDHmc,`JSAPI,`SUCCESS,`OTHERS,`CNY,`3.00,`0.00,`0,`0,`0.00,`0.00,`,`,`停车费用,`,`0.02000,`0.54%,`3.00,`0.00,`
`2026-04-21 10:48:24,`wxfc262f382d61c3db,`1723333380,`0,`,`4200003091202604210687957430,`a43af9b0662246c3a323d42b060a9f0f,`obt9LvjTwk2dF6EVe3juxggHh-5M,`JSAPI,`SUCCESS,`PAB_CREDIT,`CNY,`3.00,`0.00,`0,`0,`0.00,`0.00,`,`,`停车费用,`,`0.02000,`0.54%,`3.00,`0.00,`
`2026-04-21 10:55:51,`wxfc262f382d61c3db,`1723333380,`0,`,`4200003091202604217017620981,`fc0f246638f74bdba48597affd715dec,`obt9LvvGnAvghtRuhq392MGyMysU,`JSAPI,`SUCCESS,`OTHERS,`CNY,`3.00,`0.00,`0,`0,`0.00,`0.00,`,`,`停车费用,`,`0.02000,`0.54%,`3.00,`0.00,`
`2026-04-21 11:28:17,`wxfc262f382d61c3db,`1723333380,`0,`,`4200003093202604217959558632,`f484dce9403840b78517be18cafd6e8f,`obt9LvkDH6MAroC7d8JmzSGuJvRg,`JSAPI,`SUCCESS,`OTHERS,`CNY,`3.00,`0.00,`0,`0,`0.00,`0.00,`,`,`停车费用,`,`0.02000,`0.54%,`3.00,`0.00,`
`2026-04-21 13:11:18,`wxfc262f382d61c3db,`1723333380,`0,`,`4200003094202604214870161031,`8633029a131847eb95a026a7bef1f4ab,`obt9LvnvhSVqZZ-06dwxWi3fgSmA,`JSAPI,`SUCCESS,`OTHERS,`CNY,`3.00,`0.00,`0,`0,`0.00,`0.00,`,`,`停车费用,`,`0.02000,`0.54%,`3.00,`0.00,`
`2026-04-21 12:06:05,`wxfc262f382d61c3db,`1723333380,`0,`,`4200003095202604213264536342,`29c6225645b04b7b9f05ce081733dade,`obt9Lvulxgx10DajEXS3GxGcvV5E,`JSAPI,`SUCCESS,`OTHERS,`CNY,`6.00,`0.00,`0,`0,`0.00,`0.00,`,`,`停车费用,`,`0.03000,`0.54%,`6.00,`0.00,`
`2026-04-21 10:56:07,`wxfc262f382d61c3db,`1723333380,`0,`,`4200003095202604217455067948,`dc3e6eb9e0ad4b1b9a3cff2a884fe3cf,`obt9LvvhpaE8Df1tvqrU2elNyhE4,`JSAPI,`SUCCESS,`OTHERS,`CNY,`3.00,`0.00,`0,`0,`0.00,`0.00,`,`,`停车费用,`,`0.02000,`0.54%,`3.00,`0.00,`
`2026-04-21 10:52:53,`wxfc262f382d61c3db,`1723333380,`0,`,`4200003096202604217621906535,`64d48c8754e8482abccaf85e2d83a4e1,`obt9LvpdheKmq2rqoZU-e6JAIz7c,`JSAPI,`SUCCESS,`OTHERS,`CNY,`3.00,`0.00,`0,`0,`0.00,`0.00,`,`,`停车费用,`,`0.02000,`0.54%,`3.00,`0.00,`
`2026-04-21 17:44:00,`wxfc262f382d61c3db,`1723333380,`0,`,`4200003126202604216424299698,`97da9312d02b4cb4be1a8b5659abbfd8,`obt9Lvkvo3eByxWpMtIfUllZW3Es,`JSAPI,`SUCCESS,`CCB_DEBIT,`CNY,`3.00,`0.00,`0,`0,`0.00,`0.00,`,`,`停车费用,`,`0.02000,`0.54%,`3.00,`0.00,`
`2026-04-21 11:14:22,`wxfc262f382d61c3db,`1723333380,`0,`,`4200003127202604212857601987,`63e0188964984364917aa3b8a008f0f6,`obt9LvmrHrz_C5K0AMX1u67ZFWwg,`JSAPI,`SUCCESS,`OTHERS,`CNY,`3.00,`0.00,`0,`0,`0.00,`0.00,`,`,`停车费用,`,`0.02000,`0.54%,`3.00,`0.00,`
`2026-04-21 20:16:23,`wxfc262f382d61c3db,`1723333380,`0,`,`4200003128202604210368895750,`a2057934fa6a4f689f6de54349ef9347,`obt9Lvn-CuUq_1amC-oD3wMPht_E,`JSAPI,`SUCCESS,`OTHERS,`CNY,`3.00,`0.00,`0,`0,`0.00,`0.00,`,`,`停车费用,`,`0.02000,`0.54%,`3.00,`0.00,`
`2026-04-21 21:04:45,`wxfc262f382d61c3db,`1723333380,`0,`,`4200003128202604215563496231,`7fc2df59cf074b23aebf636e192ad666,`obt9LvmVmzcrzvTNlOvBpNbRrFWI,`JSAPI,`SUCCESS,`CCB_DEBIT,`CNY,`3.00,`0.00,`0,`0,`0.00,`0.00,`,`,`停车费用,`,`0.02000,`0.54%,`3.00,`0.00,`
`2026-04-21 20:48:54,`wxfc262f382d61c3db,`1723333380,`0,`,`4200003128202604217219327667,`52334b154f5a49bda7fc06e9d0e60f61,`obt9LviYpa6XcVTdaC18PWBIvdso,`JSAPI,`SUCCESS,`BOC_DEBIT,`CNY,`6.00,`0.00,`0,`0,`0.00,`0.00,`,`,`停车费用,`,`0.03000,`0.54%,`6.00,`0.00,`
`2026-04-21 13:05:10,`wxfc262f382d61c3db,`1723333380,`0,`,`4200003128202604219276308027,`97fc6a13922c4143a03a296605782310,`obt9Lvq0gTEVmMaj4vx0jcc_Gmj0,`JSAPI,`SUCCESS,`OTHERS,`CNY,`3.00,`0.00,`0,`0,`0.00,`0.00,`,`,`停车费用,`,`0.02000,`0.54%,`3.00,`0.00,`
`2026-04-21 21:07:35,`wxfc262f382d61c3db,`1723333380,`0,`,`4200003129202604211006988501,`ab0e30bb443a4d57b2dafcbe09d11ce6,`obt9LvovOtpwnkk7HiLcqigWhHYg,`JSAPI,`SUCCESS,`OTHERS,`CNY,`6.00,`0.00,`0,`0,`0.00,`0.00,`,`,`停车费用,`,`0.03000,`0.54%,`6.00,`0.00,`
`2026-04-21 11:09:59,`wxfc262f382d61c3db,`1723333380,`0,`,`4200003129202604211342640709,`9234100aac674329b8aec8c9a77d2fe8,`obt9LviBVPu1GYpANvfGWD6rDXFk,`JSAPI,`SUCCESS,`OTHERS,`CNY,`3.00,`0.00,`0,`0,`0.00,`0.00,`,`,`停车费用,`,`0.02000,`0.54%,`3.00,`0.00,`
`2026-04-21 14:49:50,`wxfc262f382d61c3db,`1723333380,`0,`,`4200003132202604211191536612,`79a629de6131466193207b2eebbed5dd,`obt9LvoeNvX5JHGdonj1P2gyeD1U,`JSAPI,`SUCCESS,`PSBC_DEBIT,`CNY,`3.00,`0.00,`0,`0,`0.00,`0.00,`,`,`停车费用,`,`0.02000,`0.54%,`3.00,`0.00,`
`2026-04-21 11:07:14,`wxfc262f382d61c3db,`1723333380,`0,`,`4200003132202604214727409364,`a9d47c741fd2467a88e14e509d945828,`obt9Lvg9PIkKfD3pcYHf669-vH_k,`JSAPI,`SUCCESS,`OTHERS,`CNY,`3.00,`0.00,`0,`0,`0.00,`0.00,`,`,`停车费用,`,`0.02000,`0.54%,`3.00,`0.00,`
`2026-04-21 21:29:02,`wxfc262f382d61c3db,`1723333380,`0,`,`4200003132202604216495072301,`6575f1efa27c49bc9907a7915102b99f,`obt9LvtbNfnWxaLqyh8vC18u5O10,`JSAPI,`SUCCESS,`OTHERS,`CNY,`3.00,`0.00,`0,`0,`0.00,`0.00,`,`,`停车费用,`,`0.02000,`0.54%,`3.00,`0.00,`
`2026-04-21 11:36:13,`wxfc262f382d61c3db,`1723333380,`0,`,`4200003132202604219524402123,`3778d25a839b4104aee373f6d46d4c00,`obt9LvndoJnPkMMmuoQOXOOCP4tE,`JSAPI,`SUCCESS,`VISA_CREDIT,`CNY,`6.00,`0.00,`0,`0,`0.00,`0.00,`,`,`停车费用,`,`0.03000,`0.54%,`6.00,`0.00,`
`2026-04-21 17:44:28,`wxfc262f382d61c3db,`1723333380,`0,`,`4200003134202604212914548269,`c95bbfa617fc4b8a89f5ad006a1c478c,`obt9LvpWfuT4yuRZ5LCfkTNVoCcg,`JSAPI,`SUCCESS,`OTHERS,`CNY,`3.00,`0.00,`0,`0,`0.00,`0.00,`,`,`停车费用,`,`0.02000,`0.54%,`3.00,`0.00,`
`2026-04-21 21:18:15,`wxfc262f382d61c3db,`1723333380,`0,`,`4200003135202604211824416976,`0779478f11904bb2b448cd9c3c8d5e40,`obt9Lvhb0BafJCH9GQv4fgcRIBSg,`JSAPI,`SUCCESS,`CMB_CREDIT,`CNY,`3.00,`0.00,`0,`0,`0.00,`0.00,`,`,`停车费用,`,`0.02000,`0.54%,`3.00,`0.00,`
`2026-04-21 10:39:17,`wxfc262f382d61c3db,`1723333380,`0,`,`4200003137202604213947006697,`af6c70076bbc476d94eb388d5576265d,`obt9LvqBiJWHGSdJLx1R0AIGXorU,`JSAPI,`SUCCESS,`OTHERS,`CNY,`3.00,`0.00,`0,`0,`0.00,`0.00,`,`,`停车费用,`,`0.02000,`0.54%,`3.00,`0.00,`
`2026-04-21 20:41:13,`wxfc262f382d61c3db,`1723333380,`0,`,`4200003138202604216315249209,`40b38fa7ded84a49a49f222ad00dec5c,`obt9Lvn8-_-A_xInQVQL8Fuqyb3k,`JSAPI,`SUCCESS,`CMB_CREDIT,`CNY,`6.00,`0.00,`0,`0,`0.00,`0.00,`,`,`停车费用,`,`0.03000,`0.54%,`6.00,`0.00,`
`2026-04-21 10:31:07,`wxfc262f382d61c3db,`1723333380,`0,`,`4200003138202604216723785476,`0f496fa30fd44891bca6fa2b4eb3a8e8,`obt9LvoBZSh9QCAZ6idwDDUqnZLo,`JSAPI,`SUCCESS,`PAB_CREDIT,`CNY,`3.00,`0.00,`0,`0,`0.00,`0.00,`,`,`停车费用,`,`0.02000,`0.54%,`3.00,`0.00,`
`2026-04-22 16:37:13,`wxfc262f382d61c3db,`1723333380,`0,`,`4200003049202604228961467660,`1b64996f7b4148218c5849c76ef4b201,`obt9Lvmaf6Ivx_En5SKaC8LKbxXA,`JSAPI,`SUCCESS,`OTHERS,`CNY,`3.00,`0.00,`0,`0,`0.00,`0.00,`,`,`停车费用,`,`0.02000,`0.54%,`3.00,`0.00,`
`2026-04-22 11:31:25,`wxfc262f382d61c3db,`1723333380,`0,`,`4200003050202604222255230509,`9656f07f1cb142c5903b7f1c080261d8,`obt9LvqrztrxHLTABOYtaFdDZfqw,`JSAPI,`SUCCESS,`CCB_DEBIT,`CNY,`6.00,`0.00,`0,`0,`0.00,`0.00,`,`,`停车费用,`,`0.03000,`0.54%,`6.00,`0.00,`
`2026-04-22 10:48:50,`wxfc262f382d61c3db,`1723333380,`0,`,`4200003050202604228098054102,`4ce7970d88694402a097f806a1840b54,`obt9LvuT5jYgwdg_5o4R8O6GRVQs,`JSAPI,`SUCCESS,`OTHERS,`CNY,`3.00,`0.00,`0,`0,`0.00,`0.00,`,`,`停车费用,`,`0.02000,`0.54%,`3.00,`0.00,`
`2026-04-22 17:50:59,`wxfc262f382d61c3db,`1723333380,`0,`,`4200003051202604224735622742,`fdb077da3a1e48488be692a58e38f55d,`obt9LvpWfuT4yuRZ5LCfkTNVoCcg,`JSAPI,`SUCCESS,`OTHERS,`CNY,`3.00,`0.00,`0,`0,`0.00,`0.00,`,`,`停车费用,`,`0.02000,`0.54%,`3.00,`0.00,`
`2026-04-22 11:01:38,`wxfc262f382d61c3db,`1723333380,`0,`,`4200003051202604226639198514,`fb2375677b024a54a6844ffd7d47867b,`obt9LvqD9m8kn5qRo1IswMwOOIus,`JSAPI,`SUCCESS,`OTHERS,`CNY,`3.00,`0.00,`0,`0,`0.00,`0.00,`,`,`停车费用,`,`0.02000,`0.54%,`3.00,`0.00,`
`2026-04-22 10:49:42,`wxfc262f382d61c3db,`1723333380,`0,`,`4200003052202604222312518485,`9431c0e29bb94df69ac4ae5d4fda29b0,`obt9LvnV5WKX_3DVAONoJs6MtBHQ,`JSAPI,`SUCCESS,`OTHERS,`CNY,`3.00,`0.00,`0,`0,`0.00,`0.00,`,`,`停车费用,`,`0.02000,`0.54%,`3.00,`0.00,`
`2026-04-22 20:41:58,`wxfc262f382d61c3db,`1723333380,`0,`,`4200003052202604222432364698,`dcb0ff72276d45b4977709edb46cd43e,`obt9LvnteK1BPUY-pC_sw6l5SPhw,`JSAPI,`SUCCESS,`OTHERS,`CNY,`3.00,`0.00,`0,`0,`0.00,`0.00,`,`,`停车费用,`,`0.02000,`0.54%,`3.00,`0.00,`
`2026-04-22 00:22:20,`wxfc262f382d61c3db,`1723333380,`0,`,`4200003053202604220612160728,`195d23b3a98a4635b27f2f5c9c043017,`obt9LvsX8SateKWt9dyT4TLKK-gE,`JSAPI,`SUCCESS,`CCB_DEBIT,`CNY,`3.00,`0.00,`0,`0,`0.00,`0.00,`,`,`停车费用,`,`0.02000,`0.54%,`3.00,`0.00,`
`2026-04-22 22:21:37,`wxfc262f382d61c3db,`1723333380,`0,`,`4200003054202604220683582863,`c575f4dcb9c6479da450f671b70c5058,`obt9LvtCDqfSlvHcu91deSvZkoYQ,`JSAPI,`SUCCESS,`OTHERS,`CNY,`3.00,`0.00,`0,`0,`0.00,`0.00,`,`,`停车费用,`,`0.02000,`0.54%,`3.00,`0.00,`
`2026-04-22 17:18:51,`wxfc262f382d61c3db,`1723333380,`0,`,`4200003055202604221329828898,`cb35115f6534474c8a8efdf286185deb,`obt9Lvv_FkueH22RX3kDdgc0glxw,`JSAPI,`SUCCESS,`OTHERS,`CNY,`3.00,`0.00,`0,`0,`0.00,`0.00,`,`,`停车费用,`,`0.02000,`0.54%,`3.00,`0.00,`
`2026-04-22 10:32:01,`wxfc262f382d61c3db,`1723333380,`0,`,`4200003056202604221015713844,`7ad09e8fc38549ae91d36b91846e8127,`obt9Lvih882QTYBOXxHK5XvDBjaM,`JSAPI,`SUCCESS,`OTHERS,`CNY,`3.00,`0.00,`0,`0,`0.00,`0.00,`,`,`停车费用,`,`0.02000,`0.54%,`3.00,`0.00,`
`2026-04-22 17:25:48,`wxfc262f382d61c3db,`1723333380,`0,`,`4200003061202604228775766903,`ab8c024836974ea68904c0af866e74cc,`obt9LvpgxS_CcSSizZuqrgxrr04c,`JSAPI,`SUCCESS,`OTHERS,`CNY,`3.00,`0.00,`0,`0,`0.00,`0.00,`,`,`停车费用,`,`0.02000,`0.54%,`3.00,`0.00,`
`2026-04-22 11:26:41,`wxfc262f382d61c3db,`1723333380,`0,`,`4200003062202604221531373910,`5983738874af40fbb89f5e87f2b3ee06,`obt9LvoBZSh9QCAZ6idwDDUqnZLo,`JSAPI,`SUCCESS,`PAB_CREDIT,`CNY,`6.00,`0.00,`0,`0,`0.00,`0.00,`,`,`停车费用,`,`0.03000,`0.54%,`6.00,`0.00,`
`2026-04-22 11:15:58,`wxfc262f382d61c3db,`1723333380,`0,`,`4200003063202604225173502138,`9abf2da27877490e96ce26cb27a23738,`obt9LvgzKlicJEY5T0U3OgtrvLa8,`JSAPI,`SUCCESS,`OTHERS,`CNY,`3.00,`0.00,`0,`0,`0.00,`0.00,`,`,`停车费用,`,`0.02000,`0.54%,`3.00,`0.00,`
`2026-04-22 17:30:50,`wxfc262f382d61c3db,`1723333380,`0,`,`4200003064202604227759237253,`dd68d47c5e4e43f2bfb93d00b05607e8,`obt9Lvkvo3eByxWpMtIfUllZW3Es,`JSAPI,`SUCCESS,`CCB_DEBIT,`CNY,`3.00,`0.00,`0,`0,`0.00,`0.00,`,`,`停车费用,`,`0.02000,`0.54%,`3.00,`0.00,`
`2026-04-22 11:07:53,`wxfc262f382d61c3db,`1723333380,`0,`,`4200003065202604226143209247,`5e920eef3c67482f9cfb429c18ba8c0a,`obt9LvjAc90Z_yn_01PLg2EhcjKE,`JSAPI,`SUCCESS,`CCB_DEBIT,`CNY,`3.00,`0.00,`0,`0,`0.00,`0.00,`,`,`停车费用,`,`0.02000,`0.54%,`3.00,`0.00,`
`2026-04-22 22:48:54,`wxfc262f382d61c3db,`1723333380,`0,`,`4200003068202604228254541680,`7912d29c584f49bfa9dc2df1357f317f,`obt9Lvu00zRFUlO5mdndliYeRh54,`JSAPI,`SUCCESS,`OTHERS,`CNY,`3.00,`0.00,`0,`0,`0.00,`0.00,`,`,`停车费用,`,`0.02000,`0.54%,`3.00,`0.00,`
`2026-04-22 11:15:40,`wxfc262f382d61c3db,`1723333380,`0,`,`4200003069202604223454316675,`e3c2925eabb742e981206d91d0f62bbd,`obt9LvmcH1yRqPSrHZRE0mXTNUEQ,`JSAPI,`SUCCESS,`OTHERS,`CNY,`3.00,`0.00,`0,`0,`0.00,`0.00,`,`,`停车费用,`,`0.02000,`0.54%,`3.00,`0.00,`
`2026-04-22 11:23:07,`wxfc262f382d61c3db,`1723333380,`0,`,`4200003069202604228869263300,`683ff4ce5d1d41baadf74d1207483283,`obt9LvqU2Lqwk6BHB2HQ-bafrhuU,`JSAPI,`SUCCESS,`OTHERS,`CNY,`6.00,`0.00,`0,`0,`0.00,`0.00,`,`,`停车费用,`,`0.03000,`0.54%,`6.00,`0.00,`
`2026-04-22 20:37:47,`wxfc262f382d61c3db,`1723333380,`0,`,`4200003071202604223043786366,`fb583694cd5b4920b5dfdc318e748b60,`obt9Lvn8-_-A_xInQVQL8Fuqyb3k,`JSAPI,`SUCCESS,`CMB_CREDIT,`CNY,`3.00,`0.00,`0,`0,`0.00,`0.00,`,`,`停车费用,`,`0.02000,`0.54%,`3.00,`0.00,`
`2026-04-22 21:07:38,`wxfc262f382d61c3db,`1723333380,`0,`,`4200003071202604224338152688,`c916e36e654d420889c6aeab7a98e137,`obt9LvptmnU5W3DQVtrrdL8SuJI0,`JSAPI,`SUCCESS,`OTHERS,`CNY,`6.00,`0.00,`0,`0,`0.00,`0.00,`,`,`停车费用,`,`0.03000,`0.54%,`6.00,`0.00,`
`2026-04-22 10:51:40,`wxfc262f382d61c3db,`1723333380,`0,`,`4200003072202604222307148996,`941d67cb06594555993ad0dbbb825dba,`obt9LvvkuRyB0VnAw_Ik5-54kTeQ,`JSAPI,`SUCCESS,`PAB_CREDIT,`CNY,`3.00,`0.00,`0,`0,`0.00,`0.00,`,`,`停车费用,`,`0.02000,`0.54%,`3.00,`0.00,`
`2026-04-22 21:04:56,`wxfc262f382d61c3db,`1723333380,`0,`,`4200003072202604223955657397,`4e4be7193182410d87dacb67d1e64333,`obt9Lvjp7G3tL7SrhEodoLGiahY0,`JSAPI,`SUCCESS,`OTHERS,`CNY,`3.00,`0.00,`0,`0,`0.00,`0.00,`,`,`停车费用,`,`0.02000,`0.54%,`3.00,`0.00,`
`2026-04-22 21:06:52,`wxfc262f382d61c3db,`1723333380,`0,`,`4200003072202604224884034865,`342f814c96d947ad99359b12ca63f3f4,`obt9LvnReBqyiH8jwX99y-EJPlUE,`JSAPI,`SUCCESS,`OTHERS,`CNY,`3.00,`0.00,`0,`0,`0.00,`0.00,`,`,`停车费用,`,`0.02000,`0.54%,`3.00,`0.00,`
`2026-04-22 16:59:38,`wxfc262f382d61c3db,`1723333380,`0,`,`4200003072202604224986260763,`afc156f4a3dd4f9bb4c4885ad78c0b5c,`obt9Lvs7Gs6kKukfnG4Nlskf0YGc,`JSAPI,`SUCCESS,`OTHERS,`CNY,`3.00,`0.00,`0,`0,`0.00,`0.00,`,`,`停车费用,`,`0.02000,`0.54%,`3.00,`0.00,`
`2026-04-22 16:45:11,`wxfc262f382d61c3db,`1723333380,`0,`,`4200003072202604228250017862,`9847f148855e4265b7eb6690d7219e44,`obt9LvpdheKmq2rqoZU-e6JAIz7c,`JSAPI,`SUCCESS,`OTHERS,`CNY,`3.00,`0.00,`0,`0,`0.00,`0.00,`,`,`停车费用,`,`0.02000,`0.54%,`3.00,`0.00,`
`2026-04-22 19:38:07,`wxfc262f382d61c3db,`1723333380,`0,`,`4200003073202604222627460267,`4b93c098281f4409967ccd2aba7829c9,`obt9LvgTSxYJdI2rLbhzmRv7DFY4,`JSAPI,`SUCCESS,`GDB_CREDIT,`CNY,`3.00,`0.00,`0,`0,`0.00,`0.00,`,`,`停车费用,`,`0.02000,`0.54%,`3.00,`0.00,`
`2026-04-22 18:13:24,`wxfc262f382d61c3db,`1723333380,`0,`,`4200003075202604223315803750,`8d99a62592ec4e4db81e32ede8c35cad,`obt9LvnNHv38A3j2sIDtA3i1rju4,`JSAPI,`SUCCESS,`OTHERS,`CNY,`3.00,`0.00,`0,`0,`0.00,`0.00,`,`,`停车费用,`,`0.02000,`0.54%,`3.00,`0.00,`
`2026-04-22 20:34:05,`wxfc262f382d61c3db,`1723333380,`0,`,`4200003076202604224821281115,`b40b8d3f407f4bf0acfbca538c34a29c,`obt9Lvh7yDhGU1CNo9QR5KRQaiyA,`JSAPI,`SUCCESS,`OTHERS,`CNY,`3.00,`0.00,`0,`0,`0.00,`0.00,`,`,`停车费用,`,`0.02000,`0.54%,`3.00,`0.00,`
`2026-04-22 11:53:40,`wxfc262f382d61c3db,`1723333380,`0,`,`4200003077202604228851626266,`e4735277a23d46d6a4b5cb8994a5dc79,`obt9Lvkvo3eByxWpMtIfUllZW3Es,`JSAPI,`SUCCESS,`CCB_DEBIT,`CNY,`6.00,`0.00,`0,`0,`0.00,`0.00,`,`,`停车费用,`,`0.03000,`0.54%,`6.00,`0.00,`
`2026-04-22 18:33:13,`wxfc262f382d61c3db,`1723333380,`0,`,`4200003079202604223508629473,`a8d61b40be944ab78c6f5c01505208bc,`obt9LvlLeD__LgqgJO6UaCIsMBBs,`JSAPI,`SUCCESS,`ICBC_DEBIT,`CNY,`6.00,`0.00,`0,`0,`0.00,`0.00,`,`,`停车费用,`,`0.03000,`0.54%,`6.00,`0.00,`
`2026-04-22 18:15:12,`wxfc262f382d61c3db,`1723333380,`0,`,`4200003079202604226544811846,`91279db054ac416484490b29b8eb32d0,`obt9Lvt84gJjBSwwqyz2WNo1ndlk,`JSAPI,`SUCCESS,`OTHERS,`CNY,`3.00,`0.00,`0,`0,`0.00,`0.00,`,`,`停车费用,`,`0.02000,`0.54%,`3.00,`0.00,`
`2026-04-22 21:35:17,`wxfc262f382d61c3db,`1723333380,`0,`,`4200003081202604223859824076,`5808d1ae5a1048a89fd4f2889807d17f,`obt9LvvyBoBSzL7VPf3N-r0gBzn8,`JSAPI,`SUCCESS,`OTHERS,`CNY,`3.00,`0.00,`0,`0,`0.00,`0.00,`,`,`停车费用,`,`0.02000,`0.54%,`3.00,`0.00,`
`2026-04-22 19:11:31,`wxfc262f382d61c3db,`1723333380,`0,`,`4200003082202604220297044188,`264672aef89e4b8d97a53894e9f53b72,`obt9Lvq0bVtfEGZzlcydp4tm3JbI,`JSAPI,`SUCCESS,`OTHERS,`CNY,`3.00,`0.00,`0,`0,`0.00,`0.00,`,`,`停车费用,`,`0.02000,`0.54%,`3.00,`0.00,`
`2026-04-22 21:06:45,`wxfc262f382d61c3db,`1723333380,`0,`,`4200003082202604227986302679,`eeea134c500d4a23aee6acc2572eebde,`obt9Lvhkql5K-6A3wsqohwDlmcwk,`JSAPI,`SUCCESS,`OTHERS,`CNY,`3.00,`0.00,`0,`0,`0.00,`0.00,`,`,`停车费用,`,`0.02000,`0.54%,`3.00,`0.00,`
`2026-04-22 18:00:56,`wxfc262f382d61c3db,`1723333380,`0,`,`4200003083202604229586098445,`ec1caab1c7104b6685788e811e8a274e,`obt9Lvm4Ku0Q5JDmiiyWOVpTUvOg,`JSAPI,`SUCCESS,`CCB_DEBIT,`CNY,`21.00,`0.00,`0,`0,`0.00,`0.00,`,`,`停车费用,`,`0.11000,`0.54%,`21.00,`0.00,`
`2026-04-22 16:33:06,`wxfc262f382d61c3db,`1723333380,`0,`,`4200003084202604220483795788,`cbf3d79a9ca74bd287bce468299e23ea,`obt9LvmcH1yRqPSrHZRE0mXTNUEQ,`JSAPI,`SUCCESS,`OTHERS,`CNY,`3.00,`0.00,`0,`0,`0.00,`0.00,`,`,`停车费用,`,`0.02000,`0.54%,`3.00,`0.00,`
`2026-04-22 20:25:28,`wxfc262f382d61c3db,`1723333380,`0,`,`4200003086202604222881354827,`940b19be61c141f9998fef7b0d07c2e9,`obt9LvrjRlTw-JaXw47BsorIgXyg,`JSAPI,`SUCCESS,`OTHERS,`CNY,`3.00,`0.00,`0,`0,`0.00,`0.00,`,`,`停车费用,`,`0.02000,`0.54%,`3.00,`0.00,`
`2026-04-22 11:04:43,`wxfc262f382d61c3db,`1723333380,`0,`,`4200003087202604226374134944,`a2531e210a6d45a497bfae32c1a13de1,`obt9LvvFlP8wX5MdxpWwUjkWapCY,`JSAPI,`SUCCESS,`OTHERS,`CNY,`3.00,`0.00,`0,`0,`0.00,`0.00,`,`,`停车费用,`,`0.02000,`0.54%,`3.00,`0.00,`
`2026-04-22 08:56:50,`wxfc262f382d61c3db,`1723333380,`0,`,`4200003087202604229568839270,`2383cc117d6b4f629f5639249afc4bf1,`obt9LvqvDhHcI_fNWgJGe90HxVaw,`JSAPI,`SUCCESS,`OTHERS,`CNY,`30.00,`0.00,`0,`0,`0.00,`0.00,`,`,`停车费用,`,`0.16000,`0.54%,`30.00,`0.00,`
`2026-04-22 11:37:49,`wxfc262f382d61c3db,`1723333380,`0,`,`4200003092202604221831056089,`0ed58ecf3ec24acf9f892707d2dc1407,`obt9LvtZ9qXuImCd-7QaC3cL3IiE,`JSAPI,`SUCCESS,`OTHERS,`CNY,`3.00,`0.00,`0,`0,`0.00,`0.00,`,`,`停车费用,`,`0.02000,`0.54%,`3.00,`0.00,`
`2026-04-22 11:49:14,`wxfc262f382d61c3db,`1723333380,`0,`,`4200003092202604225411015484,`fa83542c804f413d937d70df3993a75e,`obt9Lvulxgx10DajEXS3GxGcvV5E,`JSAPI,`SUCCESS,`OTHERS,`CNY,`6.00,`0.00,`0,`0,`0.00,`0.00,`,`,`停车费用,`,`0.03000,`0.54%,`6.00,`0.00,`
`2026-04-22 17:16:38,`wxfc262f382d61c3db,`1723333380,`0,`,`4200003093202604220587855405,`0d617204a848480aa0f1e769debb30dd,`obt9LviO146Qpy6agML4Jw7sxkmU,`JSAPI,`SUCCESS,`OTHERS,`CNY,`3.00,`0.00,`0,`0,`0.00,`0.00,`,`,`停车费用,`,`0.02000,`0.54%,`3.00,`0.00,`
`2026-04-22 10:33:29,`wxfc262f382d61c3db,`1723333380,`0,`,`4200003095202604228079139957,`40c974439cea48bb8a78877af932df1a,`obt9LvjvPzk1kyKmT6sra9JS8zdo,`JSAPI,`SUCCESS,`OTHERS,`CNY,`3.00,`0.00,`0,`0,`0.00,`0.00,`,`,`停车费用,`,`0.02000,`0.54%,`3.00,`0.00,`
`2026-04-22 20:52:12,`wxfc262f382d61c3db,`1723333380,`0,`,`4200003096202604227227527797,`c8fe91d1623c43fbb702a1f97e2eda52,`obt9LvqGUYGr0ArX1ZiXnyhuG9PA,`JSAPI,`SUCCESS,`OTHERS,`CNY,`3.00,`0.00,`0,`0,`0.00,`0.00,`,`,`停车费用,`,`0.02000,`0.54%,`3.00,`0.00,`
`2026-04-22 12:09:57,`wxfc262f382d61c3db,`1723333380,`0,`,`4200003125202604226780527801,`897c04f97e9d4d8c876b3028d875db94,`obt9LviFowOlypgEUx578T4RQY74,`JSAPI,`SUCCESS,`OTHERS,`CNY,`3.00,`0.00,`0,`0,`0.00,`0.00,`,`,`停车费用,`,`0.02000,`0.54%,`3.00,`0.00,`
`2026-04-22 11:08:13,`wxfc262f382d61c3db,`1723333380,`0,`,`4200003125202604227511607496,`e5d66e3f5b1440d09329bee91ab0c1c9,`obt9LvlmpKA5FPIDEvm1spnsvJV4,`JSAPI,`SUCCESS,`OTHERS,`CNY,`3.00,`0.00,`0,`0,`0.00,`0.00,`,`,`停车费用,`,`0.02000,`0.54%,`3.00,`0.00,`
`2026-04-22 20:17:37,`wxfc262f382d61c3db,`1723333380,`0,`,`4200003127202604228992118263,`fa5407551f3e45619218f2dbff010f30,`obt9Lvvn2bnvLVh_chEW5l-jjGMM,`JSAPI,`SUCCESS,`OTHERS,`CNY,`3.00,`0.00,`0,`0,`0.00,`0.00,`,`,`停车费用,`,`0.02000,`0.54%,`3.00,`0.00,`
`2026-04-22 21:54:49,`wxfc262f382d61c3db,`1723333380,`0,`,`4200003128202604227166282133,`ed57c4711ed044a6b12b605d50714a53,`obt9LvgikPQhPUfFsfHbAVOAxHSA,`JSAPI,`SUCCESS,`OTHERS,`CNY,`3.00,`0.00,`0,`0,`0.00,`0.00,`,`,`停车费用,`,`0.02000,`0.54%,`3.00,`0.00,`
`2026-04-22 17:53:33,`wxfc262f382d61c3db,`1723333380,`0,`,`4200003129202604227340191974,`82f8ce35be4245f5ad551dced814fb30,`obt9Lvqb0lJwYzj04aNGPcDkk384,`JSAPI,`SUCCESS,`ABC_DEBIT,`CNY,`30.00,`0.00,`0,`0,`0.00,`0.00,`,`,`停车费用,`,`0.16000,`0.54%,`30.00,`0.00,`
`2026-04-22 16:42:59,`wxfc262f382d61c3db,`1723333380,`0,`,`4200003130202604229088734903,`4f3c1536603b45a18f56a39da1645ad2,`obt9LvgzKlicJEY5T0U3OgtrvLa8,`JSAPI,`SUCCESS,`OTHERS,`CNY,`3.00,`0.00,`0,`0,`0.00,`0.00,`,`,`停车费用,`,`0.02000,`0.54%,`3.00,`0.00,`
`2026-04-22 21:41:13,`wxfc262f382d61c3db,`1723333380,`0,`,`4200003131202604223511273119,`1c5b8130983f44b2961604eb9991477a,`obt9LvnfoJ9m8rVYbtphXL8ztcJc,`JSAPI,`SUCCESS,`OTHERS,`CNY,`9.00,`0.00,`0,`0,`0.00,`0.00,`,`,`停车费用,`,`0.05000,`0.54%,`9.00,`0.00,`
`2026-04-22 20:35:30,`wxfc262f382d61c3db,`1723333380,`0,`,`4200003132202604227702420260,`87073f63ab0f405a9e070e40f7830ef6,`obt9LvueOAmUKN3CQLJRYIrwcwAM,`JSAPI,`SUCCESS,`OTHERS,`CNY,`3.00,`0.00,`0,`0,`0.00,`0.00,`,`,`停车费用,`,`0.02000,`0.54%,`3.00,`0.00,`
`2026-04-22 16:15:05,`wxfc262f382d61c3db,`1723333380,`0,`,`4200003134202604228384236915,`f80d8fc82d104da7bf60b0304cc1cb8f,`obt9LvvC3fgiCNTAiAxb1Ek1POlY,`JSAPI,`SUCCESS,`OTHERS,`CNY,`3.00,`0.00,`0,`0,`0.00,`0.00,`,`,`停车费用,`,`0.02000,`0.54%,`3.00,`0.00,`
`2026-04-22 10:32:53,`wxfc262f382d61c3db,`1723333380,`0,`,`4200003135202604225341042007,`05ed27c722b040d6b0ad3daa2f3dd33f,`obt9LvqBiJWHGSdJLx1R0AIGXorU,`JSAPI,`SUCCESS,`CCB_DEBIT,`CNY,`3.00,`0.00,`0,`0,`0.00,`0.00,`,`,`停车费用,`,`0.02000,`0.54%,`3.00,`0.00,`
`2026-04-22 15:47:11,`wxfc262f382d61c3db,`1723333380,`0,`,`4200003135202604228183153660,`e1c50d967b45400289b3e0495de26c44,`obt9LvuBtjsjBP3qdwVLru_GDfYM,`JSAPI,`SUCCESS,`OTHERS,`CNY,`6.00,`0.00,`0,`0,`0.00,`0.00,`,`,`停车费用,`,`0.03000,`0.54%,`6.00,`0.00,`
`2026-04-22 22:09:42,`wxfc262f382d61c3db,`1723333380,`0,`,`4200003136202604225784255706,`f95023ed9d7b48498b0d6dad1d2edc34,`obt9LvgX03TepcxmBSb7HzJ0sU2M,`JSAPI,`SUCCESS,`GDB_CREDIT,`CNY,`3.00,`0.00,`0,`0,`0.00,`0.00,`,`,`停车费用,`,`0.02000,`0.54%,`3.00,`0.00,`
`2026-04-22 10:36:14,`wxfc262f382d61c3db,`1723333380,`0,`,`4200003137202604220619868546,`0f6c0bcc85e143aeb0465eb9cfab3044,`obt9LvmcH1yRqPSrHZRE0mXTNUEQ,`JSAPI,`SUCCESS,`OTHERS,`CNY,`3.00,`0.00,`0,`0,`0.00,`0.00,`,`,`停车费用,`,`0.02000,`0.54%,`3.00,`0.00,`
`2026-04-22 16:48:02,`wxfc262f382d61c3db,`1723333380,`0,`,`4200003137202604223126954389,`7e71adfede70482ea0956005b64c3b32,`obt9LvjAc90Z_yn_01PLg2EhcjKE,`JSAPI,`SUCCESS,`CCB_DEBIT,`CNY,`3.00,`0.00,`0,`0,`0.00,`0.00,`,`,`停车费用,`,`0.02000,`0.54%,`3.00,`0.00,`
`2026-04-22 11:08:36,`wxfc262f382d61c3db,`1723333380,`0,`,`4200003138202604225255473115,`75fa9976dfb14ed5ba24ce6ea655f535,`obt9LvvhpaE8Df1tvqrU2elNyhE4,`JSAPI,`SUCCESS,`PAB_CREDIT,`CNY,`3.00,`0.00,`0,`0,`0.00,`0.00,`,`,`停车费用,`,`0.02000,`0.54%,`3.00,`0.00,`
`2026-04-23 20:43:47,`wxfc262f382d61c3db,`1723333380,`0,`,`4200003051202604236842153311,`24fdeae7779746ca93a022af919dc4ba,`obt9LvvA9f-UQoRiF-yknTKD0du4,`JSAPI,`SUCCESS,`OTHERS,`CNY,`3.00,`0.00,`0,`0,`0.00,`0.00,`,`,`停车费用,`,`0.02000,`0.54%,`3.00,`0.00,`
`2026-04-23 11:01:22,`wxfc262f382d61c3db,`1723333380,`0,`,`4200003052202604232429760856,`a2c37d32d7584828b32c837ec0fde231,`obt9LvtwwThKKxLYMDSfOBi6_WAo,`JSAPI,`SUCCESS,`OTHERS,`CNY,`3.00,`0.00,`0,`0,`0.00,`0.00,`,`,`停车费用,`,`0.02000,`0.54%,`3.00,`0.00,`
`2026-04-23 17:04:26,`wxfc262f382d61c3db,`1723333380,`0,`,`4200003053202604230409086240,`b9a8a64acfcf4e04b6369de1ca044566,`obt9Lvkvtp7pImk8JbrBjBt499jM,`JSAPI,`SUCCESS,`OTHERS,`CNY,`12.00,`0.00,`0,`0,`0.00,`0.00,`,`,`停车费用,`,`0.06000,`0.54%,`12.00,`0.00,`
`2026-04-23 11:08:38,`wxfc262f382d61c3db,`1723333380,`0,`,`4200003054202604236244280573,`7bacf85db98d43eab7815934aa045c4e,`obt9LvvhpaE8Df1tvqrU2elNyhE4,`JSAPI,`SUCCESS,`PAB_CREDIT,`CNY,`3.00,`0.00,`0,`0,`0.00,`0.00,`,`,`停车费用,`,`0.02000,`0.54%,`3.00,`0.00,`
`2026-04-23 11:17:30,`wxfc262f382d61c3db,`1723333380,`0,`,`4200003054202604239049807092,`a2003f9837a94bf0b96348d3afcd7da6,`obt9LvqU2Lqwk6BHB2HQ-bafrhuU,`JSAPI,`SUCCESS,`OTHERS,`CNY,`3.00,`0.00,`0,`0,`0.00,`0.00,`,`,`停车费用,`,`0.02000,`0.54%,`3.00,`0.00,`
`2026-04-23 18:25:05,`wxfc262f382d61c3db,`1723333380,`0,`,`4200003055202604235432945135,`e3c320137c224619a28ded0418355b7b,`obt9LvnNHv38A3j2sIDtA3i1rju4,`JSAPI,`SUCCESS,`OTHERS,`CNY,`3.00,`0.00,`0,`0,`0.00,`0.00,`,`,`停车费用,`,`0.02000,`0.54%,`3.00,`0.00,`
`2026-04-23 11:03:45,`wxfc262f382d61c3db,`1723333380,`0,`,`4200003055202604235537841897,`af281d60f8114defaa7fd89a40527437,`obt9LvjAc90Z_yn_01PLg2EhcjKE,`JSAPI,`SUCCESS,`CCB_DEBIT,`CNY,`3.00,`0.00,`0,`0,`0.00,`0.00,`,`,`停车费用,`,`0.02000,`0.54%,`3.00,`0.00,`
`2026-04-23 10:37:21,`wxfc262f382d61c3db,`1723333380,`0,`,`4200003057202604232559353210,`ed36b45a14e74bec806c199975ae0e25,`obt9LvlmpKA5FPIDEvm1spnsvJV4,`JSAPI,`SUCCESS,`OTHERS,`CNY,`3.00,`0.00,`0,`0,`0.00,`0.00,`,`,`停车费用,`,`0.02000,`0.54%,`3.00,`0.00,`
`2026-04-23 10:59:52,`wxfc262f382d61c3db,`1723333380,`0,`,`4200003059202604237979509308,`1816193e82a14e0c98f0237fbc61b4e3,`obt9LvgUoUHOMQmCawZS_Ud8gCcE,`JSAPI,`SUCCESS,`COMM_CREDIT,`CNY,`3.00,`0.00,`0,`0,`0.00,`0.00,`,`,`停车费用,`,`0.02000,`0.54%,`3.00,`0.00,`
`2026-04-23 11:02:01,`wxfc262f382d61c3db,`1723333380,`0,`,`4200003064202604234846828569,`bca6dd8e2b4e4f78a4a244bc72f34c95,`obt9LvqrztrxHLTABOYtaFdDZfqw,`JSAPI,`SUCCESS,`PAB_CREDIT,`CNY,`3.00,`0.00,`0,`0,`0.00,`0.00,`,`,`停车费用,`,`0.02000,`0.54%,`3.00,`0.00,`
`2026-04-23 17:44:42,`wxfc262f382d61c3db,`1723333380,`0,`,`4200003066202604230891366103,`c4d5fbea5fe647899bbc868424bd65a0,`obt9Lvn_0Ssn8opiyWUZtZIRgM6g,`JSAPI,`SUCCESS,`HUNNX_DEBIT,`CNY,`3.00,`0.00,`0,`0,`0.00,`0.00,`,`,`停车费用,`,`0.02000,`0.54%,`3.00,`0.00,`
`2026-04-23 21:55:37,`wxfc262f382d61c3db,`1723333380,`0,`,`4200003066202604232565939394,`0f3b4158c8074e21828cca73dc92c354,`obt9LvrFfHtoxQ9WtfRNlPVFUKuQ,`JSAPI,`SUCCESS,`OTHERS,`CNY,`3.00,`0.00,`0,`0,`0.00,`0.00,`,`,`停车费用,`,`0.02000,`0.54%,`3.00,`0.00,`
`2026-04-23 11:20:54,`wxfc262f382d61c3db,`1723333380,`0,`,`4200003067202604236096291958,`25cdd34dd53c4ae780dd03d545f2271b,`obt9Lvm0HKa1QzK4XG7FkntwygSA,`JSAPI,`SUCCESS,`OTHERS,`CNY,`3.00,`0.00,`0,`0,`0.00,`0.00,`,`,`停车费用,`,`0.02000,`0.54%,`3.00,`0.00,`
`2026-04-23 15:35:33,`wxfc262f382d61c3db,`1723333380,`0,`,`4200003071202604234477011807,`de3b37b98c874546b47ecad7096dadd2,`obt9LvoXQdHf5lm3aMI7J30v84zs,`JSAPI,`SUCCESS,`OTHERS,`CNY,`3.00,`0.00,`0,`0,`0.00,`0.00,`,`,`停车费用,`,`0.02000,`0.54%,`3.00,`0.00,`
`2026-04-23 12:03:35,`wxfc262f382d61c3db,`1723333380,`0,`,`4200003073202604232426839473,`74a45b2546f24f25a89e07e68d07d804,`obt9LviPR8pfkAg4vyJ53LzDkwjk,`JSAPI,`SUCCESS,`ICBC_DEBIT,`CNY,`3.00,`0.00,`0,`0,`0.00,`0.00,`,`,`停车费用,`,`0.02000,`0.54%,`3.00,`0.00,`
`2026-04-23 10:20:33,`wxfc262f382d61c3db,`1723333380,`0,`,`4200003076202604232478322436,`492751ab8c8c4f9ea8d947e72dedee8a,`obt9LvgllfCrA_Fwxx0p14TUDohg,`JSAPI,`SUCCESS,`OTHERS,`CNY,`3.00,`0.00,`0,`0,`0.00,`0.00,`,`,`停车费用,`,`0.02000,`0.54%,`3.00,`0.00,`
`2026-04-23 21:07:39,`wxfc262f382d61c3db,`1723333380,`0,`,`4200003076202604236378692513,`883bbdd0e7f44076883b81d05510d2ff,`obt9Lvun1dP_Y-WPT2M1aLS84HN8,`JSAPI,`SUCCESS,`ABC_DEBIT,`CNY,`3.00,`0.00,`0,`0,`0.00,`0.00,`,`,`停车费用,`,`0.02000,`0.54%,`3.00,`0.00,`
`2026-04-23 10:37:24,`wxfc262f382d61c3db,`1723333380,`0,`,`4200003076202604237385263500,`8686aa385d714b70ab3609ccb6742ce2,`obt9LvoBZSh9QCAZ6idwDDUqnZLo,`JSAPI,`SUCCESS,`PAB_CREDIT,`CNY,`3.00,`0.00,`0,`0,`0.00,`0.00,`,`,`停车费用,`,`0.02000,`0.54%,`3.00,`0.00,`
`2026-04-23 15:22:21,`wxfc262f382d61c3db,`1723333380,`0,`,`4200003076202604237607886547,`224250549b51402db2653de55cb71381,`obt9LvhH16Tk-vgJB-We-j6eUFP0,`JSAPI,`SUCCESS,`OTHERS,`CNY,`3.00,`0.00,`0,`0,`0.00,`0.00,`,`,`停车费用,`,`0.02000,`0.54%,`3.00,`0.00,`
`2026-04-23 11:47:53,`wxfc262f382d61c3db,`1723333380,`0,`,`4200003077202604235356261129,`4aa25c0336ef4cde8c1f06b697218ac4,`obt9LvvFlP8wX5MdxpWwUjkWapCY,`JSAPI,`SUCCESS,`OTHERS,`CNY,`6.00,`0.00,`0,`0,`0.00,`0.00,`,`,`停车费用,`,`0.03000,`0.54%,`6.00,`0.00,`
`2026-04-23 19:37:32,`wxfc262f382d61c3db,`1723333380,`0,`,`4200003078202604239178277690,`c58dc7c12fd34308bba2bc8bba5b7355,`obt9LvsMxbrK5ccEpUVhOdLcUnJU,`JSAPI,`SUCCESS,`OTHERS,`CNY,`3.00,`0.00,`0,`0,`0.00,`0.00,`,`,`停车费用,`,`0.02000,`0.54%,`3.00,`0.00,`
`2026-04-23 11:51:50,`wxfc262f382d61c3db,`1723333380,`0,`,`4200003079202604232641838643,`19088895ef994b348591ca64c92dcf6a,`obt9Lvulxgx10DajEXS3GxGcvV5E,`JSAPI,`SUCCESS,`OTHERS,`CNY,`6.00,`0.00,`0,`0,`0.00,`0.00,`,`,`停车费用,`,`0.03000,`0.54%,`6.00,`0.00,`
`2026-04-23 18:27:25,`wxfc262f382d61c3db,`1723333380,`0,`,`4200003079202604233119137946,`2087366d2c834d6b9552df946d993f99,`obt9LvgOTNvadCVcJwr0mkVoA7ss,`JSAPI,`SUCCESS,`OTHERS,`CNY,`3.00,`0.00,`0,`0,`0.00,`0.00,`,`,`停车费用,`,`0.02000,`0.54%,`3.00,`0.00,`
`2026-04-23 17:43:38,`wxfc262f382d61c3db,`1723333380,`0,`,`4200003080202604233564507373,`da520c535f1946d082d32b68bf0babaf,`obt9LvvFlP8wX5MdxpWwUjkWapCY,`JSAPI,`SUCCESS,`OTHERS,`CNY,`9.00,`0.00,`0,`0,`0.00,`0.00,`,`,`停车费用,`,`0.05000,`0.54%,`9.00,`0.00,`
`2026-04-23 10:47:26,`wxfc262f382d61c3db,`1723333380,`0,`,`4200003080202604239318393223,`0b7f4d4b1a0c400fb98a237f0815cb65,`obt9LvjvPzk1kyKmT6sra9JS8zdo,`JSAPI,`SUCCESS,`OTHERS,`CNY,`3.00,`0.00,`0,`0,`0.00,`0.00,`,`,`停车费用,`,`0.02000,`0.54%,`3.00,`0.00,`
`2026-04-23 10:36:50,`wxfc262f382d61c3db,`1723333380,`0,`,`4200003082202604230356000504,`c7893a6bc78c44899bab134886144517,`obt9LvpkWCu4sk41dvEOCNvufDuo,`JSAPI,`SUCCESS,`OTHERS,`CNY,`3.00,`0.00,`0,`0,`0.00,`0.00,`,`,`停车费用,`,`0.02000,`0.54%,`3.00,`0.00,`
`2026-04-23 17:08:23,`wxfc262f382d61c3db,`1723333380,`0,`,`4200003082202604238647293076,`62363a29d6dc45ef97f3ccc54d1910c2,`obt9LvmTD5tCJqz8xXPDP5n_yRzs,`JSAPI,`SUCCESS,`CCB_DEBIT,`CNY,`3.00,`0.00,`0,`0,`0.00,`0.00,`,`,`停车费用,`,`0.02000,`0.54%,`3.00,`0.00,`
`2026-04-23 13:04:36,`wxfc262f382d61c3db,`1723333380,`0,`,`4200003083202604239360262897,`29bd2d2a9d6642d89d1653e5795e9358,`obt9Lvoz7eXK4R5IVzVTWaFPXAsU,`JSAPI,`SUCCESS,`HRXJB_CREDIT,`CNY,`6.00,`0.00,`0,`0,`0.00,`0.00,`,`,`停车费用,`,`0.03000,`0.54%,`6.00,`0.00,`
`2026-04-23 11:17:38,`wxfc262f382d61c3db,`1723333380,`0,`,`4200003085202604231607491352,`d485797a6c104df8a0104fbb63e7ecc6,`obt9LviBVPu1GYpANvfGWD6rDXFk,`JSAPI,`SUCCESS,`OTHERS,`CNY,`3.00,`0.00,`0,`0,`0.00,`0.00,`,`,`停车费用,`,`0.02000,`0.54%,`3.00,`0.00,`
`2026-04-23 20:48:27,`wxfc262f382d61c3db,`1723333380,`0,`,`4200003086202604230106232545,`aa0a8bf562254b0c8ed47e1085da225d,`obt9LvuRmgSt1k8gf1mX4hXcZ8MU,`JSAPI,`SUCCESS,`OTHERS,`CNY,`3.00,`0.00,`0,`0,`0.00,`0.00,`,`,`停车费用,`,`0.02000,`0.54%,`3.00,`0.00,`
`2026-04-23 14:12:21,`wxfc262f382d61c3db,`1723333380,`0,`,`4200003086202604235732406336,`e1f6ca8fc7a241bd847fe3d93016c92b,`obt9Lvr0Hojg08rUojWU7mD8QdEM,`JSAPI,`SUCCESS,`OTHERS,`CNY,`3.00,`0.00,`0,`0,`0.00,`0.00,`,`,`停车费用,`,`0.02000,`0.54%,`3.00,`0.00,`
`2026-04-23 21:20:00,`wxfc262f382d61c3db,`1723333380,`0,`,`4200003088202604234087031467,`b06e0f0e9e464aca92a6209b78ec2ca0,`obt9LvnPhylkyHpWRVRHywPpsqVQ,`JSAPI,`SUCCESS,`ABC_DEBIT,`CNY,`3.00,`0.00,`0,`0,`0.00,`0.00,`,`,`停车费用,`,`0.02000,`0.54%,`3.00,`0.00,`
`2026-04-23 11:30:20,`wxfc262f382d61c3db,`1723333380,`0,`,`4200003088202604238916086219,`695d0346e3a3409097a10a5485eac55c,`obt9LvrRtWhRNBUxL6rIJYWxgkR4,`JSAPI,`SUCCESS,`OTHERS,`CNY,`6.00,`0.00,`0,`0,`0.00,`0.00,`,`,`停车费用,`,`0.03000,`0.54%,`6.00,`0.00,`
`2026-04-23 18:08:42,`wxfc262f382d61c3db,`1723333380,`0,`,`4200003089202604234853187874,`4bc9229af9474136b79c6fd42c1faab4,`obt9Lvr0zKCLbth_l_4on762eYLM,`JSAPI,`SUCCESS,`OTHERS,`CNY,`6.00,`0.00,`0,`0,`0.00,`0.00,`,`,`停车费用,`,`0.03000,`0.54%,`6.00,`0.00,`
`2026-04-23 12:17:30,`wxfc262f382d61c3db,`1723333380,`0,`,`4200003091202604238869326258,`0941172e84834c33a28b4746ac19c0cd,`obt9LviBVPu1GYpANvfGWD6rDXFk,`JSAPI,`SUCCESS,`OTHERS,`CNY,`3.00,`0.00,`0,`0,`0.00,`0.00,`,`,`停车费用,`,`0.02000,`0.54%,`3.00,`0.00,`
`2026-04-23 12:52:58,`wxfc262f382d61c3db,`1723333380,`0,`,`4200003092202604233706447193,`fe4a95a8a7344d2ba0ca632fd2e15279,`obt9LviBVPu1GYpANvfGWD6rDXFk,`JSAPI,`SUCCESS,`OTHERS,`CNY,`3.00,`0.00,`0,`0,`0.00,`0.00,`,`,`停车费用,`,`0.02000,`0.54%,`3.00,`0.00,`
`2026-04-23 11:07:54,`wxfc262f382d61c3db,`1723333380,`0,`,`4200003092202604237288524020,`838ff360c14441c0b231dfc4589fb0f1,`obt9LvndoJnPkMMmuoQOXOOCP4tE,`JSAPI,`SUCCESS,`VISA_CREDIT,`CNY,`3.00,`0.00,`0,`0,`0.00,`0.00,`,`,`停车费用,`,`0.02000,`0.54%,`3.00,`0.00,`
`2026-04-23 17:34:55,`wxfc262f382d61c3db,`1723333380,`0,`,`4200003094202604231045874642,`5eed14bd43e349d292811c5ed5a4f7b4,`obt9LviO146Qpy6agML4Jw7sxkmU,`JSAPI,`SUCCESS,`OTHERS,`CNY,`3.00,`0.00,`0,`0,`0.00,`0.00,`,`,`停车费用,`,`0.02000,`0.54%,`3.00,`0.00,`
`2026-04-23 12:37:36,`wxfc262f382d61c3db,`1723333380,`0,`,`4200003096202604238807861943,`992bae22916442928625e1b1259dd3e2,`obt9LvjAc90Z_yn_01PLg2EhcjKE,`JSAPI,`SUCCESS,`CCB_DEBIT,`CNY,`6.00,`0.00,`0,`0,`0.00,`0.00,`,`,`停车费用,`,`0.03000,`0.54%,`6.00,`0.00,`
`2026-04-23 11:52:53,`wxfc262f382d61c3db,`1723333380,`0,`,`4200003125202604230068939603,`2e7f8a3e7ae04e0a8511f121097a8622,`obt9LvvvKKN35b-clB3kVNfAogqI,`JSAPI,`SUCCESS,`OTHERS,`CNY,`3.00,`0.00,`0,`0,`0.00,`0.00,`,`,`停车费用,`,`0.02000,`0.54%,`3.00,`0.00,`
`2026-04-23 15:22:31,`wxfc262f382d61c3db,`1723333380,`0,`,`4200003126202604239263910172,`b2491bf65bae4117b951413e409fe231,`obt9LvmCXEgBWWQ-B4MY27cQ5SCo,`JSAPI,`SUCCESS,`OTHERS,`CNY,`3.00,`0.00,`0,`0,`0.00,`0.00,`,`,`停车费用,`,`0.02000,`0.54%,`3.00,`0.00,`
`2026-04-23 10:47:06,`wxfc262f382d61c3db,`1723333380,`0,`,`4200003127202604236083992720,`26bdba6bd3e14837940fc9dc0c7c0e0a,`obt9LvqD9m8kn5qRo1IswMwOOIus,`JSAPI,`SUCCESS,`OTHERS,`CNY,`3.00,`0.00,`0,`0,`0.00,`0.00,`,`,`停车费用,`,`0.02000,`0.54%,`3.00,`0.00,`
`2026-04-23 10:50:02,`wxfc262f382d61c3db,`1723333380,`0,`,`4200003127202604237693555465,`5b7c1058bbe744218fbdb72a6f647fcc,`obt9LvsMjGT6Qsc-PWQxnHkwfX4s,`JSAPI,`SUCCESS,`OTHERS,`CNY,`3.00,`0.00,`0,`0,`0.00,`0.00,`,`,`停车费用,`,`0.02000,`0.54%,`3.00,`0.00,`
`2026-04-23 16:08:08,`wxfc262f382d61c3db,`1723333380,`0,`,`4200003131202604237734538673,`2a9f360aa7d34c05a04d99002553905a,`obt9LvrxoOlnSfzUs8FeFfcIik6M,`JSAPI,`SUCCESS,`OTHERS,`CNY,`3.00,`0.00,`0,`0,`0.00,`0.00,`,`,`停车费用,`,`0.02000,`0.54%,`3.00,`0.00,`
`2026-04-23 18:42:17,`wxfc262f382d61c3db,`1723333380,`0,`,`4200003133202604230724200453,`8a8ab76008994194875f85f70520365d,`obt9LvsMxbrK5ccEpUVhOdLcUnJU,`JSAPI,`SUCCESS,`OTHERS,`CNY,`6.00,`0.00,`0,`0,`0.00,`0.00,`,`,`停车费用,`,`0.03000,`0.54%,`6.00,`0.00,`
`2026-04-23 18:52:26,`wxfc262f382d61c3db,`1723333380,`0,`,`4200003133202604235908951901,`e7a7e179a9df4a92aceb7373a2ab3e25,`obt9LvrncaqIbYuQPCHp9dAIwM94,`JSAPI,`SUCCESS,`CCB_DEBIT,`CNY,`3.00,`0.00,`0,`0,`0.00,`0.00,`,`,`停车费用,`,`0.02000,`0.54%,`3.00,`0.00,`
`2026-04-23 20:41:36,`wxfc262f382d61c3db,`1723333380,`0,`,`4200003133202604239046493275,`503ce37285154f34bf3c90a9be9113ee,`obt9LvjPL-5JvDcwWzzJJ9T5o_bY,`JSAPI,`SUCCESS,`OTHERS,`CNY,`3.00,`0.00,`0,`0,`0.00,`0.00,`,`,`停车费用,`,`0.02000,`0.54%,`3.00,`0.00,`
`2026-04-23 10:36:09,`wxfc262f382d61c3db,`1723333380,`0,`,`4200003134202604234104026511,`a4457c9e59d14eafaa91281ce5fbec5b,`obt9LvvkuRyB0VnAw_Ik5-54kTeQ,`JSAPI,`SUCCESS,`PAB_CREDIT,`CNY,`3.00,`0.00,`0,`0,`0.00,`0.00,`,`,`停车费用,`,`0.02000,`0.54%,`3.00,`0.00,`
`2026-04-23 17:00:03,`wxfc262f382d61c3db,`1723333380,`0,`,`4200003135202604234966946977,`91be0a52e9664ad6bf43e1baad390770,`obt9LvgzKlicJEY5T0U3OgtrvLa8,`JSAPI,`SUCCESS,`OTHERS,`CNY,`3.00,`0.00,`0,`0,`0.00,`0.00,`,`,`停车费用,`,`0.02000,`0.54%,`3.00,`0.00,`
`2026-04-23 13:44:47,`wxfc262f382d61c3db,`1723333380,`0,`,`4200003135202604237676137313,`bcb2233942bc4ed4a17cf568d5a496af,`obt9Lvtx41qv932uPd_bJ4Ug7WvQ,`JSAPI,`SUCCESS,`ICBC_DEBIT,`CNY,`6.00,`0.00,`0,`0,`0.00,`0.00,`,`,`停车费用,`,`0.03000,`0.54%,`6.00,`0.00,`
`2026-04-23 17:06:13,`wxfc262f382d61c3db,`1723333380,`0,`,`4200003137202604233021690877,`733d4db855db45839dec1f75bbb1958a,`obt9LvkikMiqsHZ907gUpNMLhe70,`JSAPI,`SUCCESS,`BANK_DEBIT,`CNY,`3.00,`0.00,`0,`0,`0.00,`0.00,`,`,`停车费用,`,`0.02000,`0.54%,`3.00,`0.00,`
`2026-04-23 20:39:45,`wxfc262f382d61c3db,`1723333380,`0,`,`4200003137202604233782906364,`1f385f1bad5b47ca9471b89881c197a1,`obt9LvsihQ_GApJAcCb-Y0dW5YBY,`JSAPI,`SUCCESS,`OTHERS,`CNY,`3.00,`0.00,`0,`0,`0.00,`0.00,`,`,`停车费用,`,`0.02000,`0.54%,`3.00,`0.00,`
`2026-04-24 20:08:23,`wxfc262f382d61c3db,`1723333380,`0,`,`4200003049202604246453667336,`107bfb38267f4003a77a510ed6f2dd80,`obt9LvpROFOANdId0xw9kpRcr3R8,`JSAPI,`SUCCESS,`OTHERS,`CNY,`3.00,`0.00,`0,`0,`0.00,`0.00,`,`,`停车费用,`,`0.02000,`0.54%,`3.00,`0.00,`
`2026-04-24 10:21:55,`wxfc262f382d61c3db,`1723333380,`0,`,`4200003049202604246985805777,`3400cf6cd189408bab963156123593f9,`obt9LvsP15QrU85gJmqzz6uQ1FDQ,`JSAPI,`SUCCESS,`OTHERS,`CNY,`3.00,`0.00,`0,`0,`0.00,`0.00,`,`,`停车费用,`,`0.02000,`0.54%,`3.00,`0.00,`
`2026-04-24 20:38:43,`wxfc262f382d61c3db,`1723333380,`0,`,`4200003054202604248854202303,`54b0b574ad764048b52c5cb5ca2099f0,`obt9LvnbipQfs4Y7rXnWoY1DFKMo,`JSAPI,`SUCCESS,`OTHERS,`CNY,`3.00,`0.00,`0,`0,`0.00,`0.00,`,`,`停车费用,`,`0.02000,`0.54%,`3.00,`0.00,`
`2026-04-24 00:35:05,`wxfc262f382d61c3db,`1723333380,`0,`,`4200003055202604246103022254,`b1195932a07946579f5da0d08ef3323a,`obt9LvvtEAtEa62PQWPcxptYQPo8,`JSAPI,`SUCCESS,`OTHERS,`CNY,`30.00,`0.00,`0,`0,`0.00,`0.00,`,`,`停车费用,`,`0.16000,`0.54%,`30.00,`0.00,`
`2026-04-24 10:44:32,`wxfc262f382d61c3db,`1723333380,`0,`,`4200003056202604240611763678,`48ddd4c041ef4011b056efcc63f480de,`obt9LvqBiJWHGSdJLx1R0AIGXorU,`JSAPI,`SUCCESS,`OTHERS,`CNY,`3.00,`0.00,`0,`0,`0.00,`0.00,`,`,`停车费用,`,`0.02000,`0.54%,`3.00,`0.00,`
`2026-04-24 17:43:52,`wxfc262f382d61c3db,`1723333380,`0,`,`4200003056202604243665977759,`70fbde5cd6794984ae061e3d4651f2fc,`obt9LvjILFmuVoFAV2gPX-ahhBKQ,`JSAPI,`SUCCESS,`CMB_DEBIT,`CNY,`9.00,`0.00,`0,`0,`0.00,`0.00,`,`,`停车费用,`,`0.05000,`0.54%,`9.00,`0.00,`
`2026-04-24 11:25:06,`wxfc262f382d61c3db,`1723333380,`0,`,`4200003056202604247314185445,`f41b185c2c204d4fb160afca0c106ff0,`obt9LvqhZ9owWqHo3oUy5yzpTlD0,`JSAPI,`SUCCESS,`OTHERS,`CNY,`3.00,`0.00,`0,`0,`0.00,`0.00,`,`,`停车费用,`,`0.02000,`0.54%,`3.00,`0.00,`
`2026-04-24 15:34:31,`wxfc262f382d61c3db,`1723333380,`0,`,`4200003056202604249551328636,`cdd85904bbfa476dbe2fc5db9a1ed519,`obt9LviNdeQiQVIIIDmtrGymJHcY,`JSAPI,`SUCCESS,`OTHERS,`CNY,`3.00,`0.00,`0,`0,`0.00,`0.00,`,`,`停车费用,`,`0.02000,`0.54%,`3.00,`0.00,`
`2026-04-24 20:03:03,`wxfc262f382d61c3db,`1723333380,`0,`,`4200003059202604241317033361,`6e4392fd3a3245cf94b079f0038cfc52,`obt9Lvnrq9nV0gdRg4yWNex3Ae0Y,`JSAPI,`SUCCESS,`ABC_DEBIT,`CNY,`6.00,`0.00,`0,`0,`0.00,`0.00,`,`,`停车费用,`,`0.03000,`0.54%,`6.00,`0.00,`
`2026-04-24 23:45:24,`wxfc262f382d61c3db,`1723333380,`0,`,`4200003059202604249386067482,`e295e827ca54435291e58969778e799c,`obt9LvvtEAtEa62PQWPcxptYQPo8,`JSAPI,`SUCCESS,`OTHERS,`CNY,`30.00,`0.00,`0,`0,`0.00,`0.00,`,`,`停车费用,`,`0.16000,`0.54%,`30.00,`0.00,`
`2026-04-24 21:14:58,`wxfc262f382d61c3db,`1723333380,`0,`,`4200003060202604249683015446,`aad8686ba44349f6b664b3df87fcff9b,`obt9LvqwVFXBq3W3xEpvzSwk3m8s,`JSAPI,`SUCCESS,`OTHERS,`CNY,`6.00,`0.00,`0,`0,`0.00,`0.00,`,`,`停车费用,`,`0.03000,`0.54%,`6.00,`0.00,`
`2026-04-24 20:44:44,`wxfc262f382d61c3db,`1723333380,`0,`,`4200003062202604244806518787,`817bc16dd76845d5a1b5c0aca9b87bcd,`obt9LvvA9f-UQoRiF-yknTKD0du4,`JSAPI,`SUCCESS,`OTHERS,`CNY,`3.00,`0.00,`0,`0,`0.00,`0.00,`,`,`停车费用,`,`0.02000,`0.54%,`3.00,`0.00,`
`2026-04-24 19:17:55,`wxfc262f382d61c3db,`1723333380,`0,`,`4200003063202604242764389031,`f9295afe7a4246eeabf46de24c9ce01b,`obt9LvlELAi-w5r-aulfZc8OBpAc,`JSAPI,`SUCCESS,`OTHERS,`CNY,`9.00,`0.00,`0,`0,`0.00,`0.00,`,`,`停车费用,`,`0.05000,`0.54%,`9.00,`0.00,`
`2026-04-24 20:46:12,`wxfc262f382d61c3db,`1723333380,`0,`,`4200003064202604240600361647,`5df01d9861834e40874fe00fdde00891,`obt9LvpWfuT4yuRZ5LCfkTNVoCcg,`JSAPI,`SUCCESS,`OTHERS,`CNY,`3.00,`0.00,`0,`0,`0.00,`0.00,`,`,`停车费用,`,`0.02000,`0.54%,`3.00,`0.00,`
`2026-04-24 14:52:36,`wxfc262f382d61c3db,`1723333380,`0,`,`4200003064202604247726010758,`9fcee6d853374921ae620066c7e8f97b,`obt9Lvt_po00n-Q5FDO0JvFNvjQM,`JSAPI,`SUCCESS,`OTHERS,`CNY,`12.00,`0.00,`0,`0,`0.00,`0.00,`,`,`停车费用,`,`0.06000,`0.54%,`12.00,`0.00,`
`2026-04-24 19:18:41,`wxfc262f382d61c3db,`1723333380,`0,`,`4200003068202604247785172095,`69c98268687349fc9b811c7410668691,`obt9LvpROFOANdId0xw9kpRcr3R8,`JSAPI,`SUCCESS,`OTHERS,`CNY,`6.00,`0.00,`0,`0,`0.00,`0.00,`,`,`停车费用,`,`0.03000,`0.54%,`6.00,`0.00,`
`2026-04-24 22:25:15,`wxfc262f382d61c3db,`1723333380,`0,`,`4200003069202604249150550294,`ce12aef182e24281ba40590d49f62053,`obt9Lvqv9AAqxRnsyRUYCXyGwdxE,`JSAPI,`SUCCESS,`SPDB_CREDIT,`CNY,`9.00,`0.00,`0,`0,`0.00,`0.00,`,`,`停车费用,`,`0.05000,`0.54%,`9.00,`0.00,`
`2026-04-24 07:54:18,`wxfc262f382d61c3db,`1723333380,`0,`,`4200003070202604246442127705,`85e94b242b3e449b8ef72a9a16926314,`obt9LvqvDhHcI_fNWgJGe90HxVaw,`JSAPI,`SUCCESS,`OTHERS,`CNY,`30.00,`0.00,`0,`0,`0.00,`0.00,`,`,`停车费用,`,`0.16000,`0.54%,`30.00,`0.00,`
`2026-04-24 10:50:48,`wxfc262f382d61c3db,`1723333380,`0,`,`4200003071202604240308603970,`0a42f928aed8401a89f29fe6a6739c79,`obt9LvoBZSh9QCAZ6idwDDUqnZLo,`JSAPI,`SUCCESS,`PAB_CREDIT,`CNY,`3.00,`0.00,`0,`0,`0.00,`0.00,`,`,`停车费用,`,`0.02000,`0.54%,`3.00,`0.00,`
`2026-04-24 10:44:15,`wxfc262f382d61c3db,`1723333380,`0,`,`4200003071202604247600196505,`921613ac8fe247ce99996c6621405676,`obt9LvjvPzk1kyKmT6sra9JS8zdo,`JSAPI,`SUCCESS,`CEB_CREDIT,`CNY,`3.00,`0.00,`0,`0,`0.00,`0.00,`,`,`停车费用,`,`0.02000,`0.54%,`3.00,`0.00,`
`2026-04-24 21:40:02,`wxfc262f382d61c3db,`1723333380,`0,`,`4200003072202604240539705754,`0187e8e1145c4a419457baa17d01732d,`obt9LvuithkBvonrKNm2DAEYqzxo,`JSAPI,`SUCCESS,`CMB_CREDIT,`CNY,`9.00,`0.00,`0,`0,`0.00,`0.00,`,`,`停车费用,`,`0.05000,`0.54%,`9.00,`0.00,`
`2026-04-24 11:28:40,`wxfc262f382d61c3db,`1723333380,`0,`,`4200003073202604240341175420,`664735574c5e4175873f7f8ade446fa4,`obt9LvvFlP8wX5MdxpWwUjkWapCY,`JSAPI,`SUCCESS,`OTHERS,`CNY,`6.00,`0.00,`0,`0,`0.00,`0.00,`,`,`停车费用,`,`0.03000,`0.54%,`6.00,`0.00,`
`2026-04-24 12:09:05,`wxfc262f382d61c3db,`1723333380,`0,`,`4200003074202604244547482971,`c974fd00a4204ad5a77c59245c9deb6f,`obt9Lvg9PIkKfD3pcYHf669-vH_k,`JSAPI,`SUCCESS,`OTHERS,`CNY,`6.00,`0.00,`0,`0,`0.00,`0.00,`,`,`停车费用,`,`0.03000,`0.54%,`6.00,`0.00,`
`2026-04-24 19:39:07,`wxfc262f382d61c3db,`1723333380,`0,`,`4200003074202604248543068855,`127170a066144e3b92c9dbf89937e777,`obt9LvjufdSY1tkMxFruVZdNvqzg,`JSAPI,`SUCCESS,`COMM_DEBIT,`CNY,`6.00,`0.00,`0,`0,`0.00,`0.00,`,`,`停车费用,`,`0.03000,`0.54%,`6.00,`0.00,`
`2026-04-24 20:54:01,`wxfc262f382d61c3db,`1723333380,`0,`,`4200003075202604241311303962,`615a7fc89bbc44f78ca69e4748e4ebaa,`obt9LviYpa6XcVTdaC18PWBIvdso,`JSAPI,`SUCCESS,`BOC_DEBIT,`CNY,`9.00,`0.00,`0,`0,`0.00,`0.00,`,`,`停车费用,`,`0.05000,`0.54%,`9.00,`0.00,`
`2026-04-24 21:17:54,`wxfc262f382d61c3db,`1723333380,`0,`,`4200003076202604244029278871,`262709123d034ad2997cd7f1c9dab1ae,`obt9LvpQM06OjEZkwmNFZ-CKRjaQ,`JSAPI,`SUCCESS,`ICBC_DEBIT,`CNY,`3.00,`0.00,`0,`0,`0.00,`0.00,`,`,`停车费用,`,`0.02000,`0.54%,`3.00,`0.00,`
`2026-04-24 21:49:11,`wxfc262f382d61c3db,`1723333380,`0,`,`4200003083202604245628160251,`2dc83b2f68fd4485a13ca6b750d05ef3,`obt9LvrhKIS7m7r1ig--DC2uBNcU,`JSAPI,`SUCCESS,`OTHERS,`CNY,`3.00,`0.00,`0,`0,`0.00,`0.00,`,`,`停车费用,`,`0.02000,`0.54%,`3.00,`0.00,`
`2026-04-24 11:07:47,`wxfc262f382d61c3db,`1723333380,`0,`,`4200003087202604244867978772,`9799dba6252b471197a3e866555efbeb,`obt9LvrxoOlnSfzUs8FeFfcIik6M,`JSAPI,`SUCCESS,`OTHERS,`CNY,`3.00,`0.00,`0,`0,`0.00,`0.00,`,`,`停车费用,`,`0.02000,`0.54%,`3.00,`0.00,`
`2026-04-24 10:42:04,`wxfc262f382d61c3db,`1723333380,`0,`,`4200003087202604245367126375,`0f80873920ed41c2a83d0bbe32b35563,`obt9Lvu--1Vw54kNsv3idgmpv8_4,`JSAPI,`SUCCESS,`OTHERS,`CNY,`3.00,`0.00,`0,`0,`0.00,`0.00,`,`,`停车费用,`,`0.02000,`0.54%,`3.00,`0.00,`
`2026-04-24 10:48:17,`wxfc262f382d61c3db,`1723333380,`0,`,`4200003088202604246631651532,`0f247f94bf024fd4bd3377b85f8ca1ef,`obt9LvqD9m8kn5qRo1IswMwOOIus,`JSAPI,`SUCCESS,`OTHERS,`CNY,`3.00,`0.00,`0,`0,`0.00,`0.00,`,`,`停车费用,`,`0.02000,`0.54%,`3.00,`0.00,`
`2026-04-24 20:04:07,`wxfc262f382d61c3db,`1723333380,`0,`,`4200003089202604240210345543,`7d27339aac064b9f95e927720e7262df,`obt9Lvt_po00n-Q5FDO0JvFNvjQM,`JSAPI,`SUCCESS,`OTHERS,`CNY,`3.00,`0.00,`0,`0,`0.00,`0.00,`,`,`停车费用,`,`0.02000,`0.54%,`3.00,`0.00,`
`2026-04-24 21:17:15,`wxfc262f382d61c3db,`1723333380,`0,`,`4200003089202604247432422067,`8f0f57f0e5f341d08083ae7613040aa0,`obt9Lvi0Tc80XH-i4nFUgKJybgJI,`JSAPI,`SUCCESS,`OTHERS,`CNY,`6.00,`0.00,`0,`0,`0.00,`0.00,`,`,`停车费用,`,`0.03000,`0.54%,`6.00,`0.00,`
`2026-04-24 20:46:51,`wxfc262f382d61c3db,`1723333380,`0,`,`4200003090202604240357656793,`89fbc8704a3348eda9f6b25738b4833c,`obt9LvmJGaTco46qDivTPO2WvE0U,`JSAPI,`SUCCESS,`OTHERS,`CNY,`9.00,`0.00,`0,`0,`0.00,`0.00,`,`,`停车费用,`,`0.05000,`0.54%,`9.00,`0.00,`
`2026-04-24 10:38:05,`wxfc262f382d61c3db,`1723333380,`0,`,`4200003092202604244136157870,`105963ef83a642568d38af40f3fffc93,`obt9LvvkuRyB0VnAw_Ik5-54kTeQ,`JSAPI,`SUCCESS,`PAB_CREDIT,`CNY,`3.00,`0.00,`0,`0,`0.00,`0.00,`,`,`停车费用,`,`0.02000,`0.54%,`3.00,`0.00,`
`2026-04-24 21:15:58,`wxfc262f382d61c3db,`1723333380,`0,`,`4200003092202604249722850749,`09f8a377c43f461bbb0d3f9cc3adfed0,`obt9LvgzKlicJEY5T0U3OgtrvLa8,`JSAPI,`SUCCESS,`OTHERS,`CNY,`3.00,`0.00,`0,`0,`0.00,`0.00,`,`,`停车费用,`,`0.02000,`0.54%,`3.00,`0.00,`
`2026-04-24 19:50:42,`wxfc262f382d61c3db,`1723333380,`0,`,`4200003093202604246253080147,`85c25636141f4ae39462026508fe4b35,`obt9LvpPT6kjHZ3x1aJG6hkTmATQ,`JSAPI,`SUCCESS,`PSBC_DEBIT,`CNY,`3.00,`0.22,`0,`0,`0.00,`0.00,`,`,`停车费用,`,`0.02000,`0.54%,`3.00,`0.00,`
`2026-04-24 23:16:19,`wxfc262f382d61c3db,`1723333380,`0,`,`4200003095202604248386494909,`87af909022ed4ca1b794a234acae2f62,`obt9LvrkvLxKMmr3tGrOCC7atNdw,`JSAPI,`SUCCESS,`ABC_DEBIT,`CNY,`3.00,`0.00,`0,`0,`0.00,`0.00,`,`,`停车费用,`,`0.02000,`0.54%,`3.00,`0.00,`
`2026-04-24 21:22:29,`wxfc262f382d61c3db,`1723333380,`0,`,`4200003095202604249441871586,`26b84043dc284ca08bdc9a12b4963b8c,`obt9LvvyBoBSzL7VPf3N-r0gBzn8,`JSAPI,`SUCCESS,`OTHERS,`CNY,`3.00,`0.00,`0,`0,`0.00,`0.00,`,`,`停车费用,`,`0.02000,`0.54%,`3.00,`0.00,`
`2026-04-24 11:17:10,`wxfc262f382d61c3db,`1723333380,`0,`,`4200003096202604246084821303,`79f30d3f207a485ba38ed2f2806781eb,`obt9LvqU2Lqwk6BHB2HQ-bafrhuU,`JSAPI,`SUCCESS,`OTHERS,`CNY,`3.00,`0.00,`0,`0,`0.00,`0.00,`,`,`停车费用,`,`0.02000,`0.54%,`3.00,`0.00,`
`2026-04-24 10:41:24,`wxfc262f382d61c3db,`1723333380,`0,`,`4200003096202604249125362883,`61ba127a27f041068380bd28d29283d5,`obt9Lvp-ZwCtyglOhY-JshlM_nHw,`JSAPI,`SUCCESS,`OTHERS,`CNY,`3.00,`0.00,`0,`0,`0.00,`0.00,`,`,`停车费用,`,`0.02000,`0.54%,`3.00,`0.00,`
`2026-04-24 20:26:24,`wxfc262f382d61c3db,`1723333380,`0,`,`4200003125202604242911901967,`6c9a92a1e26b4cd3b859d8dc1a9bbda3,`obt9Lvijf1WMo0cwzAkDTHNCDxNE,`JSAPI,`SUCCESS,`OTHERS,`CNY,`6.00,`0.00,`0,`0,`0.00,`0.00,`,`,`停车费用,`,`0.03000,`0.54%,`6.00,`0.00,`
`2026-04-24 10:39:57,`wxfc262f382d61c3db,`1723333380,`0,`,`4200003127202604249885303935,`7f2de0f26f134051a312e8251024626f,`obt9LvvGnAvghtRuhq392MGyMysU,`JSAPI,`SUCCESS,`OTHERS,`CNY,`3.00,`0.00,`0,`0,`0.00,`0.00,`,`,`停车费用,`,`0.02000,`0.54%,`3.00,`0.00,`
`2026-04-24 21:40:40,`wxfc262f382d61c3db,`1723333380,`0,`,`4200003131202604242464645052,`6de4b04b3d434f639f604e5e7318025a,`obt9LvmefYyMGm80gKVsIESJm1Jw,`JSAPI,`SUCCESS,`OTHERS,`CNY,`3.00,`0.00,`0,`0,`0.00,`0.00,`,`,`停车费用,`,`0.02000,`0.54%,`3.00,`0.00,`
`2026-04-24 15:42:13,`wxfc262f382d61c3db,`1723333380,`0,`,`4200003132202604242793635724,`c698052100634ae0852a45f5eeda8954,`obt9LvnFMLzKUz8xLs88v-8KJG68,`JSAPI,`SUCCESS,`OTHERS,`CNY,`3.00,`0.00,`0,`0,`0.00,`0.00,`,`,`停车费用,`,`0.02000,`0.54%,`3.00,`0.00,`
`2026-04-24 10:40:23,`wxfc262f382d61c3db,`1723333380,`0,`,`4200003133202604248119204982,`d6201af3b92a49de9122acebe0a33ce1,`obt9LvmoPToyJEt0zYHU732LdFfA,`JSAPI,`SUCCESS,`OTHERS,`CNY,`3.00,`0.00,`0,`0,`0.00,`0.00,`,`,`停车费用,`,`0.02000,`0.54%,`3.00,`0.00,`
`2026-04-24 15:42:18,`wxfc262f382d61c3db,`1723333380,`0,`,`4200003137202604246033601912,`d8556ec60b7a4c4e81efa7f933c28ef4,`obt9Lvq2UO8PQdSkgK-LheYdWVe4,`JSAPI,`SUCCESS,`ICBC_DEBIT,`CNY,`3.00,`0.00,`0,`0,`0.00,`0.00,`,`,`停车费用,`,`0.02000,`0.54%,`3.00,`0.00,`
`2026-04-24 16:27:04,`wxfc262f382d61c3db,`1723333380,`0,`,`4200003137202604248794847596,`82fc104ba6084d27be619028c2cf164b,`obt9LvlQc6q1rC4uIiGYrE6sNU2w,`JSAPI,`SUCCESS,`OTHERS,`CNY,`6.00,`0.00,`0,`0,`0.00,`0.00,`,`,`停车费用,`,`0.03000,`0.54%,`6.00,`0.00,`
`2026-04-25 12:49:54,`wxfc262f382d61c3db,`1723333380,`0,`,`4200003049202604254133803668,`20b9c8573a30488da6d6c23f1c61bd6d,`obt9LviO146Qpy6agML4Jw7sxkmU,`JSAPI,`SUCCESS,`OTHERS,`CNY,`3.00,`0.00,`0,`0,`0.00,`0.00,`,`,`停车费用,`,`0.02000,`0.54%,`3.00,`0.00,`
`2026-04-25 19:53:57,`wxfc262f382d61c3db,`1723333380,`0,`,`4200003050202604255405488737,`64b3af933b174a2b9271fe603f3e7c2d,`obt9LvtZFagXaOAap6P7KUACa7dQ,`JSAPI,`SUCCESS,`CSCB_DEBIT,`CNY,`12.00,`0.00,`0,`0,`0.00,`0.00,`,`,`停车费用,`,`0.06000,`0.54%,`12.00,`0.00,`
`2026-04-25 15:32:27,`wxfc262f382d61c3db,`1723333380,`0,`,`4200003050202604257032479010,`c9877ff1a9e14e64af54dab7165c1d91,`obt9LvmfV0IaezP8GQSInITUDUeU,`JSAPI,`SUCCESS,`PAB_CREDIT,`CNY,`3.00,`0.00,`0,`0,`0.00,`0.00,`,`,`停车费用,`,`0.02000,`0.54%,`3.00,`0.00,`
`2026-04-25 21:37:01,`wxfc262f382d61c3db,`1723333380,`0,`,`4200003052202604253449839775,`dfe22b5826c741598984b45a958607b2,`obt9LvkNTf_Hwf1ojuAFj3hLe4-c,`JSAPI,`SUCCESS,`OTHERS,`CNY,`6.00,`0.00,`0,`0,`0.00,`0.00,`,`,`停车费用,`,`0.03000,`0.54%,`6.00,`0.00,`
`2026-04-25 15:56:19,`wxfc262f382d61c3db,`1723333380,`0,`,`4200003053202604252693015575,`923ccc4e8e3b4f3794763e02cf5feb55,`obt9LvtZ2o2LAcbQkYtT1SL_10OA,`JSAPI,`SUCCESS,`OTHERS,`CNY,`9.00,`0.00,`0,`0,`0.00,`0.00,`,`,`停车费用,`,`0.05000,`0.54%,`9.00,`0.00,`
`2026-04-25 19:27:26,`wxfc262f382d61c3db,`1723333380,`0,`,`4200003053202604253248184261,`97f1bdee1613453fb8cea39ac9fd7247,`obt9LvqD9m8kn5qRo1IswMwOOIus,`JSAPI,`SUCCESS,`PAB_DEBIT,`CNY,`3.00,`0.00,`0,`0,`0.00,`0.00,`,`,`停车费用,`,`0.02000,`0.54%,`3.00,`0.00,`
`2026-04-25 21:06:05,`wxfc262f382d61c3db,`1723333380,`0,`,`4200003053202604255842010177,`1511dcc7404843368f742350b80e9f68,`obt9LviMFqn1GVr6vd-xFm9II5gw,`JSAPI,`SUCCESS,`OTHERS,`CNY,`3.00,`0.00,`0,`0,`0.00,`0.00,`,`,`停车费用,`,`0.02000,`0.54%,`3.00,`0.00,`
`2026-04-25 16:39:54,`wxfc262f382d61c3db,`1723333380,`0,`,`4200003056202604250574672785,`1f38e28437084897a3003d7ca1bed4d3,`obt9LvuLEZqOCPRpGRhHvonbxg4Y,`JSAPI,`SUCCESS,`OTHERS,`CNY,`3.00,`0.00,`0,`0,`0.00,`0.00,`,`,`停车费用,`,`0.02000,`0.54%,`3.00,`0.00,`
`2026-04-25 18:52:00,`wxfc262f382d61c3db,`1723333380,`0,`,`4200003056202604254509188573,`5871a4f66e75491798951c7c3d9c5ea1,`obt9LvhbnJ6HLEnEf0xXrBmR0oFo,`JSAPI,`SUCCESS,`OTHERS,`CNY,`3.00,`0.00,`0,`0,`0.00,`0.00,`,`,`停车费用,`,`0.02000,`0.54%,`3.00,`0.00,`
`2026-04-25 17:03:48,`wxfc262f382d61c3db,`1723333380,`0,`,`4200003056202604257211848348,`7b32581eab3344649e8c9404c1ad3cee,`obt9Lvrnl1k4F83gTqyNN1Af0My8,`JSAPI,`SUCCESS,`OTHERS,`CNY,`6.00,`0.00,`0,`0,`0.00,`0.00,`,`,`停车费用,`,`0.03000,`0.54%,`6.00,`0.00,`
`2026-04-25 21:02:03,`wxfc262f382d61c3db,`1723333380,`0,`,`4200003056202604259634605328,`8f38b9a78836453482d3e93daaf8fdbe,`obt9LvvyBoBSzL7VPf3N-r0gBzn8,`JSAPI,`SUCCESS,`OTHERS,`CNY,`30.00,`0.00,`0,`0,`0.00,`0.00,`,`,`停车费用,`,`0.16000,`0.54%,`30.00,`0.00,`
`2026-04-25 17:48:06,`wxfc262f382d61c3db,`1723333380,`0,`,`4200003058202604253041492682,`b3ec0eebde06469285add3518c3d416b,`obt9LvivnQBYwXl97yddg1D2GKus,`JSAPI,`SUCCESS,`ABC_DEBIT,`CNY,`21.00,`0.00,`0,`0,`0.00,`0.00,`,`,`停车费用,`,`0.11000,`0.54%,`21.00,`0.00,`
`2026-04-25 14:13:32,`wxfc262f382d61c3db,`1723333380,`0,`,`4200003058202604254063839222,`e5f6ca7b476340f78a5bbb7953364920,`obt9LvvXKrfCEhswyUafHHlv1ggw,`JSAPI,`SUCCESS,`OTHERS,`CNY,`6.00,`0.00,`0,`0,`0.00,`0.00,`,`,`停车费用,`,`0.03000,`0.54%,`6.00,`0.00,`
`2026-04-25 22:34:21,`wxfc262f382d61c3db,`1723333380,`0,`,`4200003058202604254621042157,`ca6d1afe145143819f01c4f91b6b27fc,`obt9LvinRopMu-6OgEmlHpsvOMqQ,`JSAPI,`SUCCESS,`OTHERS,`CNY,`9.00,`0.00,`0,`0,`0.00,`0.00,`,`,`停车费用,`,`0.05000,`0.54%,`9.00,`0.00,`
`2026-04-25 11:56:03,`wxfc262f382d61c3db,`1723333380,`0,`,`4200003059202604251758667484,`55483ef3b94540edaaef196bd1617801,`obt9LvqbpbSoZ4Mo8C7-g2cElj2E,`JSAPI,`SUCCESS,`OTHERS,`CNY,`3.00,`0.00,`0,`0,`0.00,`0.00,`,`,`停车费用,`,`0.02000,`0.54%,`3.00,`0.00,`
`2026-04-25 11:57:53,`wxfc262f382d61c3db,`1723333380,`0,`,`4200003059202604255397113818,`52812d66bfd74e3aac9e7edb957ad07f,`obt9Lvhkql5K-6A3wsqohwDlmcwk,`JSAPI,`SUCCESS,`OTHERS,`CNY,`3.00,`0.00,`0,`0,`0.00,`0.00,`,`,`停车费用,`,`0.02000,`0.54%,`3.00,`0.00,`
`2026-04-25 17:58:43,`wxfc262f382d61c3db,`1723333380,`0,`,`4200003059202604256065262120,`18f8d1bb71f74e538709e6bea60d42ee,`obt9LvmlYi343Wk8_paDlMePXRos,`JSAPI,`SUCCESS,`OTHERS,`CNY,`3.00,`0.00,`0,`0,`0.00,`0.00,`,`,`停车费用,`,`0.02000,`0.54%,`3.00,`0.00,`
`2026-04-25 18:28:28,`wxfc262f382d61c3db,`1723333380,`0,`,`4200003060202604258219927841,`a30466461a104de0b6c0ed3108d069bb,`obt9LvhmRMlLD62tr0RtZp3FUz3c,`JSAPI,`SUCCESS,`PAB_CREDIT,`CNY,`21.00,`0.00,`0,`0,`0.00,`0.00,`,`,`停车费用,`,`0.11000,`0.54%,`21.00,`0.00,`
`2026-04-25 18:27:04,`wxfc262f382d61c3db,`1723333380,`0,`,`4200003062202604256342394072,`37a017e88150467cb51255a6aa82eedd,`obt9LvjsUzZ6uhQcrJBcmyqFEtUE,`JSAPI,`SUCCESS,`OTHERS,`CNY,`3.00,`0.00,`0,`0,`0.00,`0.00,`,`,`停车费用,`,`0.02000,`0.54%,`3.00,`0.00,`
`2026-04-25 18:00:44,`wxfc262f382d61c3db,`1723333380,`0,`,`4200003063202604258747562738,`04a40631980d45f69f1d2b6f42c7a931,`obt9Lvig5XQf3yYVGRQZqq9G8dfU,`JSAPI,`SUCCESS,`OTHERS,`CNY,`3.00,`0.00,`0,`0,`0.00,`0.00,`,`,`停车费用,`,`0.02000,`0.54%,`3.00,`0.00,`
`2026-04-25 16:41:24,`wxfc262f382d61c3db,`1723333380,`0,`,`4200003064202604250724646472,`438a4a22387443f7b64030e351a6b53d,`obt9Lvn0TyNBxKnnlxFUUvFleCNc,`JSAPI,`SUCCESS,`OTHERS,`CNY,`3.00,`0.00,`0,`0,`0.00,`0.00,`,`,`停车费用,`,`0.02000,`0.54%,`3.00,`0.00,`
`2026-04-25 19:39:46,`wxfc262f382d61c3db,`1723333380,`0,`,`4200003064202604259737292844,`51deaaebf12f4c06b4bd201f51500f3b,`obt9Lvtg9VnM2kW6glwE1NdTk66Y,`JSAPI,`SUCCESS,`OTHERS,`CNY,`3.00,`0.00,`0,`0,`0.00,`0.00,`,`,`停车费用,`,`0.02000,`0.54%,`3.00,`0.00,`
`2026-04-25 14:24:33,`wxfc262f382d61c3db,`1723333380,`0,`,`4200003067202604250573877565,`463804499c544ab4b81f3c16aa213fda,`obt9LvtnfWxw-BEsSAEps4G7Bmv0,`JSAPI,`SUCCESS,`HUNNX_DEBIT,`CNY,`3.00,`0.00,`0,`0,`0.00,`0.00,`,`,`停车费用,`,`0.02000,`0.54%,`3.00,`0.00,`
`2026-04-25 07:40:01,`wxfc262f382d61c3db,`1723333380,`0,`,`4200003067202604255370990944,`cabdb863cbdd45a3ba2491a3cd6c3537,`obt9LvqvDhHcI_fNWgJGe90HxVaw,`JSAPI,`SUCCESS,`OTHERS,`CNY,`30.00,`0.00,`0,`0,`0.00,`0.00,`,`,`停车费用,`,`0.16000,`0.54%,`30.00,`0.00,`
`2026-04-25 21:02:11,`wxfc262f382d61c3db,`1723333380,`0,`,`4200003070202604255013872888,`66bdf27ff9664315b0da0fd63af36f32,`obt9Lvq_2HkA536LqHRksbIM9FfA,`JSAPI,`SUCCESS,`OTHERS,`CNY,`3.00,`0.00,`0,`0,`0.00,`0.00,`,`,`停车费用,`,`0.02000,`0.54%,`3.00,`0.00,`
`2026-04-25 20:41:59,`wxfc262f382d61c3db,`1723333380,`0,`,`4200003070202604255361453709,`cecfdd757d3140b982225f1210e6a10f,`obt9LvpQM06OjEZkwmNFZ-CKRjaQ,`JSAPI,`SUCCESS,`ICBC_DEBIT,`CNY,`9.00,`0.00,`0,`0,`0.00,`0.00,`,`,`停车费用,`,`0.05000,`0.54%,`9.00,`0.00,`
`2026-04-25 18:38:56,`wxfc262f382d61c3db,`1723333380,`0,`,`4200003072202604252851067131,`2d80fa7d266d4a4096ee0b01b3ac0b6f,`obt9Lvl2Emr6ujU9a-8zPKbfP3zM,`JSAPI,`SUCCESS,`OTHERS,`CNY,`3.00,`0.00,`0,`0,`0.00,`0.00,`,`,`停车费用,`,`0.02000,`0.54%,`3.00,`0.00,`
`2026-04-25 21:59:19,`wxfc262f382d61c3db,`1723333380,`0,`,`4200003073202604258019795438,`bc912df5ce5947b784630536833d146c,`obt9LvljYuPoDIgHn7KizTKnGN1s,`JSAPI,`SUCCESS,`BOC_DEBIT,`CNY,`3.00,`0.00,`0,`0,`0.00,`0.00,`,`,`停车费用,`,`0.02000,`0.54%,`3.00,`0.00,`
`2026-04-25 21:49:02,`wxfc262f382d61c3db,`1723333380,`0,`,`4200003074202604257178119838,`b41d69121c76444d8fe196ddd3600f19,`obt9Lvn6AMHMu4Mp08RDpcHtd5_U,`JSAPI,`SUCCESS,`BOC_DEBIT,`CNY,`21.00,`0.00,`0,`0,`0.00,`0.00,`,`,`停车费用,`,`0.11000,`0.54%,`21.00,`0.00,`
`2026-04-25 17:02:33,`wxfc262f382d61c3db,`1723333380,`0,`,`4200003076202604250686305125,`eb8e8f0d9fb2452ca894e9fa4582fe92,`obt9LvldY-7vZlRMWvHURcbQ2uMY,`JSAPI,`SUCCESS,`CCB_DEBIT,`CNY,`3.00,`0.00,`0,`0,`0.00,`0.00,`,`,`停车费用,`,`0.02000,`0.54%,`3.00,`0.00,`
`2026-04-25 19:18:49,`wxfc262f382d61c3db,`1723333380,`0,`,`4200003078202604253121704166,`1b51a5a60b06446e929ddba31f03496d,`obt9Lvp7m7kFQjiUuBgAktqThnDs,`JSAPI,`SUCCESS,`OTHERS,`CNY,`3.00,`0.00,`0,`0,`0.00,`0.00,`,`,`停车费用,`,`0.02000,`0.54%,`3.00,`0.00,`
`2026-04-25 18:55:34,`wxfc262f382d61c3db,`1723333380,`0,`,`4200003078202604255875266065,`d3def7ebac85425a9520bfac30f6cb4c,`obt9LvoxSuHBejOPZ7DBpPyrvQPs,`JSAPI,`SUCCESS,`OTHERS,`CNY,`3.00,`0.00,`0,`0,`0.00,`0.00,`,`,`停车费用,`,`0.02000,`0.54%,`3.00,`0.00,`
`2026-04-25 17:31:01,`wxfc262f382d61c3db,`1723333380,`0,`,`4200003079202604252916929499,`06e338849fef48f1bda15d0fb0df25f5,`obt9LvgKlU7v9CQGzuXnBlV1CHE0,`JSAPI,`SUCCESS,`OTHERS,`CNY,`6.00,`0.00,`0,`0,`0.00,`0.00,`,`,`停车费用,`,`0.03000,`0.54%,`6.00,`0.00,`
`2026-04-25 16:07:26,`wxfc262f382d61c3db,`1723333380,`0,`,`4200003079202604256115396578,`4d6da3c805474f38b3ee529a4aa50cb2,`obt9LvnvvqyaIc5DBdpo1sF9VV64,`JSAPI,`SUCCESS,`OTHERS,`CNY,`3.00,`0.00,`0,`0,`0.00,`0.00,`,`,`停车费用,`,`0.02000,`0.54%,`3.00,`0.00,`
`2026-04-25 16:49:15,`wxfc262f382d61c3db,`1723333380,`0,`,`4200003079202604259947433835,`027d8a1bea1a4c9dbce6a0f2d9d77c04,`obt9Lvn6MQmi0QJbvfOun2zYxZVQ,`JSAPI,`SUCCESS,`OTHERS,`CNY,`12.00,`0.00,`0,`0,`0.00,`0.00,`,`,`停车费用,`,`0.06000,`0.54%,`12.00,`0.00,`
`2026-04-25 20:00:41,`wxfc262f382d61c3db,`1723333380,`0,`,`4200003081202604253761630604,`fda4c6478902441696b89e83ea2e059f,`obt9Lvu7zmooQorCmnZ-g6FPb9B8,`JSAPI,`SUCCESS,`OTHERS,`CNY,`3.00,`0.00,`0,`0,`0.00,`0.00,`,`,`停车费用,`,`0.02000,`0.54%,`3.00,`0.00,`
`2026-04-25 12:50:20,`wxfc262f382d61c3db,`1723333380,`0,`,`4200003081202604258788661129,`b05c6776a2d647c483ecca5d71f2a55b,`obt9LvuBWC7OkGsCEUK7B5tNwRL0,`JSAPI,`SUCCESS,`HUNNX_DEBIT,`CNY,`3.00,`0.00,`0,`0,`0.00,`0.00,`,`,`停车费用,`,`0.02000,`0.54%,`3.00,`0.00,`
`2026-04-25 19:07:55,`wxfc262f382d61c3db,`1723333380,`0,`,`4200003084202604254451064099,`412035faec994af790fe5f95e2493180,`obt9LvqnFsfK8abMplNIebTTK5Ds,`JSAPI,`SUCCESS,`CITIC_CREDIT,`CNY,`3.00,`0.00,`0,`0,`0.00,`0.00,`,`,`停车费用,`,`0.02000,`0.54%,`3.00,`0.00,`
`2026-04-25 17:51:43,`wxfc262f382d61c3db,`1723333380,`0,`,`4200003085202604255605030677,`24d9d1b089f44f818db123cb4f896391,`obt9LvsJs23HjLmbZwRqFv0RuZxk,`JSAPI,`SUCCESS,`OTHERS,`CNY,`3.00,`0.00,`0,`0,`0.00,`0.00,`,`,`停车费用,`,`0.02000,`0.54%,`3.00,`0.00,`
`2026-04-25 17:54:57,`wxfc262f382d61c3db,`1723333380,`0,`,`4200003086202604253041598977,`4425026b1c72441caf862e9de1816bdc,`obt9LvnCjguxfKWrDfvkeUCkPWws,`JSAPI,`SUCCESS,`OTHERS,`CNY,`6.00,`0.00,`0,`0,`0.00,`0.00,`,`,`停车费用,`,`0.03000,`0.54%,`6.00,`0.00,`
`2026-04-25 20:07:09,`wxfc262f382d61c3db,`1723333380,`0,`,`4200003086202604253744197192,`d7095dc3871643db95d413f7f84964d0,`obt9LvndZRc-Yp4remjlPAqUf1qY,`JSAPI,`SUCCESS,`OTHERS,`CNY,`9.00,`0.00,`0,`0,`0.00,`0.00,`,`,`停车费用,`,`0.05000,`0.54%,`9.00,`0.00,`
`2026-04-25 16:34:36,`wxfc262f382d61c3db,`1723333380,`0,`,`4200003087202604252642778796,`ded6e1708f834beb960c2086c644e4ec,`obt9LviYpa6XcVTdaC18PWBIvdso,`JSAPI,`SUCCESS,`CCB_DEBIT,`CNY,`3.00,`0.00,`0,`0,`0.00,`0.00,`,`,`停车费用,`,`0.02000,`0.54%,`3.00,`0.00,`
`2026-04-25 12:50:04,`wxfc262f382d61c3db,`1723333380,`0,`,`4200003088202604251904980411,`8bce5849e480432782a7a5a9f7f482f9,`obt9LvqU2Lqwk6BHB2HQ-bafrhuU,`JSAPI,`SUCCESS,`OTHERS,`CNY,`6.00,`0.00,`0,`0,`0.00,`0.00,`,`,`停车费用,`,`0.03000,`0.54%,`6.00,`0.00,`
`2026-04-25 22:11:22,`wxfc262f382d61c3db,`1723333380,`0,`,`4200003088202604252383710896,`3f44c696ec004efbb6c31295ef2a7b1d,`obt9Lvh1uDqGc3Pe-F1rB9B3EaiM,`JSAPI,`SUCCESS,`OTHERS,`CNY,`3.00,`0.00,`0,`0,`0.00,`0.00,`,`,`停车费用,`,`0.02000,`0.54%,`3.00,`0.00,`
`2026-04-25 15:30:52,`wxfc262f382d61c3db,`1723333380,`0,`,`4200003092202604251690629026,`09e89db71cf249ae849d84fe4fe56d64,`obt9LvtnIZRyvMfArkGJmZPZkEwE,`JSAPI,`SUCCESS,`OTHERS,`CNY,`6.00,`0.00,`0,`0,`0.00,`0.00,`,`,`停车费用,`,`0.03000,`0.54%,`6.00,`0.00,`
`2026-04-25 18:40:32,`wxfc262f382d61c3db,`1723333380,`0,`,`4200003092202604252975585358,`5ffdb5dda650435c8f573152d470b69a,`obt9Lvtl7L1GAQO_2om77iOjShKo,`JSAPI,`SUCCESS,`OTHERS,`CNY,`3.00,`0.00,`0,`0,`0.00,`0.00,`,`,`停车费用,`,`0.02000,`0.54%,`3.00,`0.00,`
`2026-04-25 13:43:35,`wxfc262f382d61c3db,`1723333380,`0,`,`4200003093202604252450321321,`74d43dbf882040949e03802b3dd4dd81,`obt9LvnLRaCxGXVxKMzV433mdP7U,`JSAPI,`SUCCESS,`ABC_DEBIT,`CNY,`3.00,`0.00,`0,`0,`0.00,`0.00,`,`,`停车费用,`,`0.02000,`0.54%,`3.00,`0.00,`
`2026-04-25 17:06:06,`wxfc262f382d61c3db,`1723333380,`0,`,`4200003093202604259843834489,`6236f63963c5405ab8e787905a909159,`obt9LviyjYGgbs-UP4tVMA3-rNCQ,`JSAPI,`SUCCESS,`GDB_CREDIT,`CNY,`9.00,`0.00,`0,`0,`0.00,`0.00,`,`,`停车费用,`,`0.05000,`0.54%,`9.00,`0.00,`
`2026-04-25 15:35:27,`wxfc262f382d61c3db,`1723333380,`0,`,`4200003127202604255891385902,`dc6467b660e74b1a803efa16069eb3a7,`obt9Lvl_VphCWIVqSxEXW69n6byk,`JSAPI,`SUCCESS,`CCB_DEBIT,`CNY,`3.00,`0.00,`0,`0,`0.00,`0.00,`,`,`停车费用,`,`0.02000,`0.54%,`3.00,`0.00,`
`2026-04-25 17:24:54,`wxfc262f382d61c3db,`1723333380,`0,`,`4200003128202604250237052116,`cbae32ea764544a6bbe932f28fe76763,`obt9LvgFpzfeeoCiLASQlqB-SziU,`JSAPI,`SUCCESS,`HUNNX_DEBIT,`CNY,`3.00,`0.00,`0,`0,`0.00,`0.00,`,`,`停车费用,`,`0.02000,`0.54%,`3.00,`0.00,`
`2026-04-25 22:03:37,`wxfc262f382d61c3db,`1723333380,`0,`,`4200003128202604253268804022,`9a8e2db3125d4fefbcde4ba4e5623329,`obt9Lvg5d5s3Y8A4PldHnL9Z1POU,`JSAPI,`SUCCESS,`CCB_DEBIT,`CNY,`6.00,`0.00,`0,`0,`0.00,`0.00,`,`,`停车费用,`,`0.03000,`0.54%,`6.00,`0.00,`
`2026-04-25 22:29:10,`wxfc262f382d61c3db,`1723333380,`0,`,`4200003129202604256649501362,`81fc64ca0f614635b1e248acf1a3e663,`obt9LvggA_iOBNXOEUFz170GRv98,`JSAPI,`SUCCESS,`OTHERS,`CNY,`3.00,`0.00,`0,`0,`0.00,`0.00,`,`,`停车费用,`,`0.02000,`0.54%,`3.00,`0.00,`
`2026-04-25 17:57:45,`wxfc262f382d61c3db,`1723333380,`0,`,`4200003129202604257948278894,`10f9d67129954f02a2d87c0c7eb9010d,`obt9LvnJYa5CV9ugdBMOtx9NBiiE,`JSAPI,`SUCCESS,`OTHERS,`CNY,`3.00,`0.00,`0,`0,`0.00,`0.00,`,`,`停车费用,`,`0.02000,`0.54%,`3.00,`0.00,`
`2026-04-25 18:28:57,`wxfc262f382d61c3db,`1723333380,`0,`,`4200003130202604259619691574,`b6c7b39109ba4377ab5aa27e9750e91a,`obt9LvslVPsyCT6thdTc7uXghSrQ,`JSAPI,`SUCCESS,`OTHERS,`CNY,`6.00,`0.00,`0,`0,`0.00,`0.00,`,`,`停车费用,`,`0.03000,`0.54%,`6.00,`0.00,`
`2026-04-25 15:03:30,`wxfc262f382d61c3db,`1723333380,`0,`,`4200003133202604256557349839,`cdfb3094ec3a4c47a798c1696c807461,`obt9LvmYNoRsTwnmqi3ESneRWTbA,`JSAPI,`SUCCESS,`OTHERS,`CNY,`3.00,`0.00,`0,`0,`0.00,`0.00,`,`,`停车费用,`,`0.02000,`0.54%,`3.00,`0.00,`
`2026-04-25 18:45:56,`wxfc262f382d61c3db,`1723333380,`0,`,`4200003134202604252666133622,`ad2f2cb5b4244adebe025d5bc52169c3,`obt9Lvurkt9wWaLscVi1zWPcAAk8,`JSAPI,`SUCCESS,`OTHERS,`CNY,`3.00,`0.00,`0,`0,`0.00,`0.00,`,`,`停车费用,`,`0.02000,`0.54%,`3.00,`0.00,`
`2026-04-25 14:56:15,`wxfc262f382d61c3db,`1723333380,`0,`,`4200003134202604253541907966,`6f35d1218daf4d289980ab910476e45f,`obt9LviO146Qpy6agML4Jw7sxkmU,`JSAPI,`SUCCESS,`OTHERS,`CNY,`3.00,`0.00,`0,`0,`0.00,`0.00,`,`,`停车费用,`,`0.02000,`0.54%,`3.00,`0.00,`
`2026-04-25 17:54:07,`wxfc262f382d61c3db,`1723333380,`0,`,`4200003134202604258941046695,`06afbace369c4dbe824c32492fadf59f,`obt9Lvh1M7x_Vd_RkzSZqw1sHVmk,`JSAPI,`SUCCESS,`OTHERS,`CNY,`12.00,`0.00,`0,`0,`0.00,`0.00,`,`,`停车费用,`,`0.06000,`0.54%,`12.00,`0.00,`
`2026-04-25 18:15:44,`wxfc262f382d61c3db,`1723333380,`0,`,`4200003136202604250059948641,`510c80c64f07463599e27d778dd00963,`obt9LvuKOMk5IxuW1LD8L9kmY6Wo,`JSAPI,`SUCCESS,`BOC_DEBIT,`CNY,`3.00,`0.00,`0,`0,`0.00,`0.00,`,`,`停车费用,`,`0.02000,`0.54%,`3.00,`0.00,`
`2026-04-25 18:08:02,`wxfc262f382d61c3db,`1723333380,`0,`,`4200003137202604250224777499,`f645e9006b0b4fd78a8f8e9200e17fc0,`obt9LvqwVFXBq3W3xEpvzSwk3m8s,`JSAPI,`SUCCESS,`ICBC_DEBIT,`CNY,`15.00,`0.00,`0,`0,`0.00,`0.00,`,`,`停车费用,`,`0.08000,`0.54%,`15.00,`0.00,`
`2026-04-25 19:05:57,`wxfc262f382d61c3db,`1723333380,`0,`,`4200003137202604257881288288,`343ded9a4b23496f83d7c41843f484c4,`obt9Lvth12oMe11DpDtTykAGzbyo,`JSAPI,`SUCCESS,`OTHERS,`CNY,`3.00,`0.00,`0,`0,`0.00,`0.00,`,`,`停车费用,`,`0.02000,`0.54%,`3.00,`0.00,`
`2026-04-25 17:48:09,`wxfc262f382d61c3db,`1723333380,`0,`,`4200003138202604259903851246,`ddcbcfc557034b4285447b8b6285e30e,`obt9LvrL-pI-SqxnDrDnY5o2hh2Q,`JSAPI,`SUCCESS,`OTHERS,`CNY,`6.00,`0.00,`0,`0,`0.00,`0.00,`,`,`停车费用,`,`0.03000,`0.54%,`6.00,`0.00,`
`2026-04-26 18:31:02,`wxfc262f382d61c3db,`1723333380,`0,`,`4200003050202604263116193517,`f3305c66567b4aa4af29272ab03f3b0e,`obt9LvlyLKnYD9lRHxc-GW52klHg,`JSAPI,`SUCCESS,`ABC_DEBIT,`CNY,`9.00,`0.00,`0,`0,`0.00,`0.00,`,`,`停车费用,`,`0.05000,`0.54%,`9.00,`0.00,`
`2026-04-26 12:18:27,`wxfc262f382d61c3db,`1723333380,`0,`,`4200003050202604265339580286,`a2d6f99e4c6d433a92b957583442b6fd,`obt9LvmJGaTco46qDivTPO2WvE0U,`JSAPI,`SUCCESS,`OTHERS,`CNY,`3.00,`0.00,`0,`0,`0.00,`0.00,`,`,`停车费用,`,`0.02000,`0.54%,`3.00,`0.00,`
`2026-04-26 20:42:11,`wxfc262f382d61c3db,`1723333380,`0,`,`4200003051202604264855849310,`cb08d7163f744b8da6a68a970a282bde,`obt9LvgKggXaor56DxHEXcabz7LE,`JSAPI,`SUCCESS,`OTHERS,`CNY,`9.00,`0.00,`0,`0,`0.00,`0.00,`,`,`停车费用,`,`0.05000,`0.54%,`9.00,`0.00,`
`2026-04-26 19:10:14,`wxfc262f382d61c3db,`1723333380,`0,`,`4200003051202604267339518359,`593fd31a163d430ab471833ecd06d184,`obt9LvpbrPOuv6An2Ynyra_rDexY,`JSAPI,`SUCCESS,`HUNNX_CREDIT,`CNY,`3.00,`1.26,`0,`0,`0.00,`0.00,`,`,`停车费用,`,`0.02000,`0.54%,`3.00,`0.00,`
`2026-04-26 13:33:53,`wxfc262f382d61c3db,`1723333380,`0,`,`4200003052202604260431588543,`7546f916d64b4579a8121d0bb42a56a3,`obt9Lvo8NjYRxATCjN_Gwd-GVduA,`JSAPI,`SUCCESS,`OTHERS,`CNY,`9.00,`0.00,`0,`0,`0.00,`0.00,`,`,`停车费用,`,`0.05000,`0.54%,`9.00,`0.00,`
`2026-04-26 18:50:46,`wxfc262f382d61c3db,`1723333380,`0,`,`4200003052202604265277816477,`7713bef1418644da9b322cf6b777a786,`obt9Lvis3_YE8Vqj9OIRD0D8B0ag,`JSAPI,`SUCCESS,`OTHERS,`CNY,`9.00,`0.00,`0,`0,`0.00,`0.00,`,`,`停车费用,`,`0.05000,`0.54%,`9.00,`0.00,`
`2026-04-26 19:09:33,`wxfc262f382d61c3db,`1723333380,`0,`,`4200003056202604266372192107,`07d7f6b0fd2a4dfc9596808caac3564e,`obt9LvjcQuJ3addsuFvDRR9sUH3U,`JSAPI,`SUCCESS,`BOC_DEBIT,`CNY,`12.00,`0.00,`0,`0,`0.00,`0.00,`,`,`停车费用,`,`0.06000,`0.54%,`12.00,`0.00,`
`2026-04-26 13:57:37,`wxfc262f382d61c3db,`1723333380,`0,`,`4200003056202604269266540977,`71e2a2ecc62040268049effb148f3200,`obt9LvvXKrfCEhswyUafHHlv1ggw,`JSAPI,`SUCCESS,`PAB_CREDIT,`CNY,`6.00,`0.00,`0,`0,`0.00,`0.00,`,`,`停车费用,`,`0.03000,`0.54%,`6.00,`0.00,`
`2026-04-26 20:14:34,`wxfc262f382d61c3db,`1723333380,`0,`,`4200003058202604260437748123,`4c6ac71332754e15888032ea4dfa4efe,`obt9Lvks41GTy4vULYnZ5IVkraMc,`JSAPI,`SUCCESS,`OTHERS,`CNY,`24.00,`0.00,`0,`0,`0.00,`0.00,`,`,`停车费用,`,`0.13000,`0.54%,`24.00,`0.00,`
`2026-04-26 17:14:57,`wxfc262f382d61c3db,`1723333380,`0,`,`4200003059202604261525080561,`938090ebe9214119ba3aa436a656e1be,`obt9Lvg4UELI0UkDuAiXOLQVwdWY,`JSAPI,`SUCCESS,`OTHERS,`CNY,`3.00,`0.00,`0,`0,`0.00,`0.00,`,`,`停车费用,`,`0.02000,`0.54%,`3.00,`0.00,`
`2026-04-26 19:12:03,`wxfc262f382d61c3db,`1723333380,`0,`,`4200003060202604264949719702,`6130e4ee348e4cc398fcd6b6c60d712e,`obt9LvnHJYs8LwsF4HoWz3ttFojo,`JSAPI,`SUCCESS,`OTHERS,`CNY,`9.00,`0.00,`0,`0,`0.00,`0.00,`,`,`停车费用,`,`0.05000,`0.54%,`9.00,`0.00,`
`2026-04-26 15:36:06,`wxfc262f382d61c3db,`1723333380,`0,`,`4200003060202604267623806213,`2a3efac4910441a6b1ed98f4bbc53cdb,`obt9Lvo61MYRpUcu8d2P7XwlMRh8,`JSAPI,`SUCCESS,`OTHERS,`CNY,`3.00,`0.00,`0,`0,`0.00,`0.00,`,`,`停车费用,`,`0.02000,`0.54%,`3.00,`0.00,`
`2026-04-26 22:57:37,`wxfc262f382d61c3db,`1723333380,`0,`,`4200003060202604267999010573,`bfb846ee1ac24eac8b20785f087a1bb2,`obt9LvqMfcsYg_vSpwHk59VA5Dng,`JSAPI,`SUCCESS,`OTHERS,`CNY,`6.00,`0.00,`0,`0,`0.00,`0.00,`,`,`停车费用,`,`0.03000,`0.54%,`6.00,`0.00,`
`2026-04-26 17:22:08,`wxfc262f382d61c3db,`1723333380,`0,`,`4200003064202604260011531585,`6e14462796704aa5824988eee3db8392,`obt9LvpbrPOuv6An2Ynyra_rDexY,`JSAPI,`SUCCESS,`HUNNX_CREDIT,`CNY,`3.00,`0.75,`0,`0,`0.00,`0.00,`,`,`停车费用,`,`0.02000,`0.54%,`3.00,`0.00,`
`2026-04-26 18:05:26,`wxfc262f382d61c3db,`1723333380,`0,`,`4200003064202604265380549660,`b6c8e05d14b24333ada3e7049f011170,`obt9LvgoTO6IEv4YCJlYmRL8MZYc,`JSAPI,`SUCCESS,`OTHERS,`CNY,`3.00,`0.00,`0,`0,`0.00,`0.00,`,`,`停车费用,`,`0.02000,`0.54%,`3.00,`0.00,`
`2026-04-26 20:47:39,`wxfc262f382d61c3db,`1723333380,`0,`,`4200003065202604262726818514,`178d8ca10eb043009327931ad8abab83,`obt9LvsoLtsOUopWXYxpaylwZL6s,`JSAPI,`SUCCESS,`OTHERS,`CNY,`3.00,`0.00,`0,`0,`0.00,`0.00,`,`,`停车费用,`,`0.02000,`0.54%,`3.00,`0.00,`
`2026-04-26 19:29:04,`wxfc262f382d61c3db,`1723333380,`0,`,`4200003065202604268528199427,`7be654f8808e48e2a6b854ad139e8630,`obt9Lvql3tdaTnplKgSaWYvP380M,`JSAPI,`SUCCESS,`OTHERS,`CNY,`3.00,`0.00,`0,`0,`0.00,`0.00,`,`,`停车费用,`,`0.02000,`0.54%,`3.00,`0.00,`
`2026-04-26 09:14:16,`wxfc262f382d61c3db,`1723333380,`0,`,`4200003066202604261103867923,`4501b2920e2b47e68bf7eb8c93a74791,`obt9LvqvDhHcI_fNWgJGe90HxVaw,`JSAPI,`SUCCESS,`OTHERS,`CNY,`15.00,`0.00,`0,`0,`0.00,`0.00,`,`,`停车费用,`,`0.08000,`0.54%,`15.00,`0.00,`
`2026-04-26 15:18:21,`wxfc262f382d61c3db,`1723333380,`0,`,`4200003067202604262984515147,`7861bbaa45b0418ea20cfa83e73d430f,`obt9LviO146Qpy6agML4Jw7sxkmU,`JSAPI,`SUCCESS,`OTHERS,`CNY,`3.00,`0.00,`0,`0,`0.00,`0.00,`,`,`停车费用,`,`0.02000,`0.54%,`3.00,`0.00,`
`2026-04-26 16:45:06,`wxfc262f382d61c3db,`1723333380,`0,`,`4200003067202604266464089392,`c283ced6353b4487b5244590d4a0c180,`obt9LvgdjjUBTt6yYk1_k5TBKHqY,`JSAPI,`SUCCESS,`OTHERS,`CNY,`3.00,`0.00,`0,`0,`0.00,`0.00,`,`,`停车费用,`,`0.02000,`0.54%,`3.00,`0.00,`
`2026-04-26 14:55:56,`wxfc262f382d61c3db,`1723333380,`0,`,`4200003068202604261046604920,`2bc6d7b41cad45f9a2fa497b99d0ebf0,`obt9LvgyWfQl4E9-EGQZiY50Pwac,`JSAPI,`SUCCESS,`OTHERS,`CNY,`3.00,`0.00,`0,`0,`0.00,`0.00,`,`,`停车费用,`,`0.02000,`0.54%,`3.00,`0.00,`
`2026-04-26 18:42:14,`wxfc262f382d61c3db,`1723333380,`0,`,`4200003070202604261757424519,`742b4bf82ce141ee97846c2f9f52e27e,`obt9LvldY-7vZlRMWvHURcbQ2uMY,`JSAPI,`SUCCESS,`CCB_DEBIT,`CNY,`3.00,`0.00,`0,`0,`0.00,`0.00,`,`,`停车费用,`,`0.02000,`0.54%,`3.00,`0.00,`
`2026-04-26 12:19:51,`wxfc262f382d61c3db,`1723333380,`0,`,`4200003070202604269031737039,`e6a6d55c25364ee2993af9e3b86e9089,`obt9Lvn0CgIbrpe5EVYT-8SwgtSI,`JSAPI,`SUCCESS,`CIB_DEBIT,`CNY,`3.00,`0.00,`0,`0,`0.00,`0.00,`,`,`停车费用,`,`0.02000,`0.54%,`3.00,`0.00,`
`2026-04-26 17:31:43,`wxfc262f382d61c3db,`1723333380,`0,`,`4200003070202604269995192557,`022b0eee7fdc4234923913a2af128380,`obt9LvvcIGzkV-HAteA1oz2y4Yus,`JSAPI,`SUCCESS,`OTHERS,`CNY,`6.00,`0.00,`0,`0,`0.00,`0.00,`,`,`停车费用,`,`0.03000,`0.54%,`6.00,`0.00,`
`2026-04-26 16:12:30,`wxfc262f382d61c3db,`1723333380,`0,`,`4200003071202604262791936741,`38610213be7e446ebc3c5343f55ee680,`obt9LvgzKlicJEY5T0U3OgtrvLa8,`JSAPI,`SUCCESS,`OTHERS,`CNY,`3.00,`0.00,`0,`0,`0.00,`0.00,`,`,`停车费用,`,`0.02000,`0.54%,`3.00,`0.00,`
`2026-04-26 17:07:42,`wxfc262f382d61c3db,`1723333380,`0,`,`4200003071202604265295521528,`278862153a6741d19cae9c62a7261044,`obt9LvvUtBCVibTjHrqPtdBvFDmg,`JSAPI,`SUCCESS,`OTHERS,`CNY,`3.00,`0.00,`0,`0,`0.00,`0.00,`,`,`停车费用,`,`0.02000,`0.54%,`3.00,`0.00,`
`2026-04-26 20:39:16,`wxfc262f382d61c3db,`1723333380,`0,`,`4200003072202604264818965478,`c2b9c59f0ceb4a5f8e5fa9b08435cdc4,`obt9LvmtFmKCDDX2H65kPv4qllbw,`JSAPI,`SUCCESS,`OTHERS,`CNY,`3.00,`0.00,`0,`0,`0.00,`0.00,`,`,`停车费用,`,`0.02000,`0.54%,`3.00,`0.00,`
`2026-04-26 18:48:57,`wxfc262f382d61c3db,`1723333380,`0,`,`4200003075202604269339532673,`950d7c167162498384c40d30307a5f64,`obt9LvuREsFCeGgWrf1_JZLyJQg0,`JSAPI,`SUCCESS,`ICBC_DEBIT,`CNY,`6.00,`0.00,`0,`0,`0.00,`0.00,`,`,`停车费用,`,`0.03000,`0.54%,`6.00,`0.00,`
`2026-04-26 21:10:05,`wxfc262f382d61c3db,`1723333380,`0,`,`4200003076202604268728472544,`dff09a8080934c25b2322480d44f4762,`obt9LvpQM06OjEZkwmNFZ-CKRjaQ,`JSAPI,`SUCCESS,`ICBC_DEBIT,`CNY,`24.00,`0.00,`0,`0,`0.00,`0.00,`,`,`停车费用,`,`0.13000,`0.54%,`24.00,`0.00,`
`2026-04-26 21:18:16,`wxfc262f382d61c3db,`1723333380,`0,`,`4200003077202604266562393672,`f6af6e79f3974af3bd71d93c62eb839d,`obt9Lvi3k4E3m834k8NX1UPGqGvw,`JSAPI,`SUCCESS,`OTHERS,`CNY,`3.00,`0.00,`0,`0,`0.00,`0.00,`,`,`停车费用,`,`0.02000,`0.54%,`3.00,`0.00,`
`2026-04-26 14:11:45,`wxfc262f382d61c3db,`1723333380,`0,`,`4200003078202604260224055590,`6c87c4678b1b4fb9a91ba59c3e27134e,`obt9LvsAi9cQeQ3QnCxqoHc7N6I4,`JSAPI,`SUCCESS,`OTHERS,`CNY,`3.00,`0.00,`0,`0,`0.00,`0.00,`,`,`停车费用,`,`0.02000,`0.54%,`3.00,`0.00,`
`2026-04-26 20:50:09,`wxfc262f382d61c3db,`1723333380,`0,`,`4200003081202604264150423008,`796f2ee8cf764eff80ad5f1edbf1ee7b,`obt9LvpwTJFUjJ81e7EqsX95cjWQ,`JSAPI,`SUCCESS,`PAB_CREDIT,`CNY,`12.00,`0.00,`0,`0,`0.00,`0.00,`,`,`停车费用,`,`0.06000,`0.54%,`12.00,`0.00,`
`2026-04-26 18:34:33,`wxfc262f382d61c3db,`1723333380,`0,`,`4200003082202604260626225837,`1494d19cb18b4da5828bcc55a3c01c52,`obt9Lvh8oCl-RNWJvXUHPHc1BZ2I,`JSAPI,`SUCCESS,`OTHERS,`CNY,`3.00,`0.00,`0,`0,`0.00,`0.00,`,`,`停车费用,`,`0.02000,`0.54%,`3.00,`0.00,`
`2026-04-26 15:38:09,`wxfc262f382d61c3db,`1723333380,`0,`,`4200003082202604261868283378,`d231ea5cfdd148ac9e44262c90152194,`obt9Lvu9DZrf41oE4wmaY0CMN0tw,`JSAPI,`SUCCESS,`OTHERS,`CNY,`3.00,`0.00,`0,`0,`0.00,`0.00,`,`,`停车费用,`,`0.02000,`0.54%,`3.00,`0.00,`
`2026-04-26 17:37:18,`wxfc262f382d61c3db,`1723333380,`0,`,`4200003085202604261735332932,`29fc38afc41a4a5dbb66abf07ef8b327,`obt9LvidklciwEYQDUix6WP-Er_M,`JSAPI,`SUCCESS,`OTHERS,`CNY,`12.00,`0.00,`0,`0,`0.00,`0.00,`,`,`停车费用,`,`0.06000,`0.54%,`12.00,`0.00,`
`2026-04-26 17:04:38,`wxfc262f382d61c3db,`1723333380,`0,`,`4200003085202604263581811661,`2735d02282574a9ba2d62350126a9962,`obt9Lviz89camI3QbcOcNG5OGc_Y,`JSAPI,`SUCCESS,`CCB_DEBIT,`CNY,`3.00,`0.00,`0,`0,`0.00,`0.00,`,`,`停车费用,`,`0.02000,`0.54%,`3.00,`0.00,`
`2026-04-26 21:37:01,`wxfc262f382d61c3db,`1723333380,`0,`,`4200003088202604262385728234,`a519bc87764e45ca8c6a958e6bd74070,`obt9LviWgZs5X4io6-cXmaB9ZolU,`JSAPI,`SUCCESS,`OTHERS,`CNY,`9.00,`0.00,`0,`0,`0.00,`0.00,`,`,`停车费用,`,`0.05000,`0.54%,`9.00,`0.00,`
`2026-04-26 17:36:06,`wxfc262f382d61c3db,`1723333380,`0,`,`4200003090202604264155185157,`80df7acbdcd144ee8c222faf4cf73036,`obt9LvipxNf-EDfjVex5qko1H8U8,`JSAPI,`SUCCESS,`HRXJB_DEBIT,`CNY,`3.00,`0.00,`0,`0,`0.00,`0.00,`,`,`停车费用,`,`0.02000,`0.54%,`3.00,`0.00,`
`2026-04-26 16:52:35,`wxfc262f382d61c3db,`1723333380,`0,`,`4200003093202604262806120687,`4e8be25fad6645098727ff6cbd8a12c3,`obt9Lvms3nFfkwdiDHdC_mTzy95Y,`JSAPI,`SUCCESS,`OTHERS,`CNY,`12.00,`0.00,`0,`0,`0.00,`0.00,`,`,`停车费用,`,`0.06000,`0.54%,`12.00,`0.00,`
`2026-04-26 16:30:39,`wxfc262f382d61c3db,`1723333380,`0,`,`4200003093202604265197518589,`be52a08babfd48c79160ff8fb9209dce,`obt9LvqirNe_Imi3nzWGTQ-g736c,`JSAPI,`SUCCESS,`OTHERS,`CNY,`12.00,`0.00,`0,`0,`0.00,`0.00,`,`,`停车费用,`,`0.06000,`0.54%,`12.00,`0.00,`
`2026-04-26 20:35:48,`wxfc262f382d61c3db,`1723333380,`0,`,`4200003093202604269553665792,`4996ed1fcb4f4401a813032d5d7a9767,`obt9LvhaABkcSbdbxvRIIbBdo60Q,`JSAPI,`SUCCESS,`OTHERS,`CNY,`3.00,`0.00,`0,`0,`0.00,`0.00,`,`,`停车费用,`,`0.02000,`0.54%,`3.00,`0.00,`
`2026-04-26 21:18:19,`wxfc262f382d61c3db,`1723333380,`0,`,`4200003095202604268586642945,`3ea5f1bda1cc4e0e92dad793f30545d0,`obt9Lvsbp-B_Do1lHmX744exgE5o,`JSAPI,`SUCCESS,`CMB_DEBIT,`CNY,`3.00,`0.00,`0,`0,`0.00,`0.00,`,`,`停车费用,`,`0.02000,`0.54%,`3.00,`0.00,`
`2026-04-26 16:28:55,`wxfc262f382d61c3db,`1723333380,`0,`,`4200003095202604269763084457,`83562d0905a743a38cde493eea5f3295,`obt9Lvgws2IpjpyFE2-ucm_ojFxE,`JSAPI,`SUCCESS,`PSBC_DEBIT,`CNY,`9.00,`0.17,`0,`0,`0.00,`0.00,`,`,`停车费用,`,`0.05000,`0.54%,`9.00,`0.00,`
`2026-04-26 18:24:18,`wxfc262f382d61c3db,`1723333380,`0,`,`4200003096202604269929442214,`a3dcb9b7c1b94745aa3f575296065484,`obt9LvnIYErY-kNGEgeJ5SqDFeAw,`JSAPI,`SUCCESS,`OTHERS,`CNY,`3.00,`0.00,`0,`0,`0.00,`0.00,`,`,`停车费用,`,`0.02000,`0.54%,`3.00,`0.00,`
`2026-04-26 20:50:04,`wxfc262f382d61c3db,`1723333380,`0,`,`4200003125202604264099180246,`fab6bd57b0174feaadb324488d9d6e96,`obt9LvpEg1zRIEz1I5TE-iO_odbs,`JSAPI,`SUCCESS,`OTHERS,`CNY,`3.00,`0.00,`0,`0,`0.00,`0.00,`,`,`停车费用,`,`0.02000,`0.54%,`3.00,`0.00,`
`2026-04-26 18:33:46,`wxfc262f382d61c3db,`1723333380,`0,`,`4200003125202604267223227762,`325a42e8730c40ca89680c490147959a,`obt9LvhmRMlLD62tr0RtZp3FUz3c,`JSAPI,`SUCCESS,`PAB_CREDIT,`CNY,`21.00,`0.00,`0,`0,`0.00,`0.00,`,`,`停车费用,`,`0.11000,`0.54%,`21.00,`0.00,`
`2026-04-26 20:31:58,`wxfc262f382d61c3db,`1723333380,`0,`,`4200003126202604266798469595,`e8096d501b3b424bb8b55905e3b5c209,`obt9LvkF6IJNX_Mp4H9DVL8jzZL0,`JSAPI,`SUCCESS,`OTHERS,`CNY,`6.00,`0.00,`0,`0,`0.00,`0.00,`,`,`停车费用,`,`0.03000,`0.54%,`6.00,`0.00,`
`2026-04-26 14:35:51,`wxfc262f382d61c3db,`1723333380,`0,`,`4200003126202604267586848232,`7bb64701a61d4f528c42f172b179d8cf,`obt9LvtsBm52bTX63PBQ2tOJE-bs,`JSAPI,`SUCCESS,`OTHERS,`CNY,`3.00,`0.00,`0,`0,`0.00,`0.00,`,`,`停车费用,`,`0.02000,`0.54%,`3.00,`0.00,`
`2026-04-26 20:54:22,`wxfc262f382d61c3db,`1723333380,`0,`,`4200003128202604266078376354,`2a4d03ab67494064aee57b748a11838e,`obt9Lvn3alY_ExQr5ezz4f_rdr7w,`JSAPI,`SUCCESS,`OTHERS,`CNY,`3.00,`0.00,`0,`0,`0.00,`0.00,`,`,`停车费用,`,`0.02000,`0.54%,`3.00,`0.00,`
`2026-04-26 20:53:27,`wxfc262f382d61c3db,`1723333380,`0,`,`4200003131202604269942434929,`5426a24d22c340c9bf2c0ad8f2f494ef,`obt9LvuRmgSt1k8gf1mX4hXcZ8MU,`JSAPI,`SUCCESS,`CEB_DEBIT,`CNY,`3.00,`0.00,`0,`0,`0.00,`0.00,`,`,`停车费用,`,`0.02000,`0.54%,`3.00,`0.00,`
`2026-04-26 11:42:17,`wxfc262f382d61c3db,`1723333380,`0,`,`4200003134202604264278811318,`e629ecea980545db8c1d20d13dc418d3,`obt9LvnReBqyiH8jwX99y-EJPlUE,`JSAPI,`SUCCESS,`OTHERS,`CNY,`3.00,`0.00,`0,`0,`0.00,`0.00,`,`,`停车费用,`,`0.02000,`0.54%,`3.00,`0.00,`
`2026-04-26 12:24:34,`wxfc262f382d61c3db,`1723333380,`0,`,`4200003137202604265738995009,`4c1a8e770ccb44378442327664a4e324,`obt9LviNdeQiQVIIIDmtrGymJHcY,`JSAPI,`SUCCESS,`OTHERS,`CNY,`3.00,`0.00,`0,`0,`0.00,`0.00,`,`,`停车费用,`,`0.02000,`0.54%,`3.00,`0.00,`
`2026-04-27 11:36:08,`wxfc262f382d61c3db,`1723333380,`0,`,`4200003049202604271961287414,`e472d105394b4cbea3ffbed11ef404ae,`obt9LvvGnAvghtRuhq392MGyMysU,`JSAPI,`SUCCESS,`OTHERS,`CNY,`6.00,`0.00,`0,`0,`0.00,`0.00,`,`,`停车费用,`,`0.03000,`0.54%,`6.00,`0.00,`
`2026-04-27 15:23:34,`wxfc262f382d61c3db,`1723333380,`0,`,`4200003049202604275141866504,`c73850bcf5314069a08fc47b673547f3,`obt9LvhGA1WuL1yePL0BeCO7uQik,`JSAPI,`SUCCESS,`PAB_CREDIT,`CNY,`9.00,`0.00,`0,`0,`0.00,`0.00,`,`,`停车费用,`,`0.05000,`0.54%,`9.00,`0.00,`
`2026-04-27 12:35:11,`wxfc262f382d61c3db,`1723333380,`0,`,`4200003051202604273217786680,`aef7a93264674823adb65de6f79db81d,`obt9Lvg9PIkKfD3pcYHf669-vH_k,`JSAPI,`SUCCESS,`OTHERS,`CNY,`3.00,`0.00,`0,`0,`0.00,`0.00,`,`,`停车费用,`,`0.02000,`0.54%,`3.00,`0.00,`
`2026-04-27 10:31:18,`wxfc262f382d61c3db,`1723333380,`0,`,`4200003053202604276837925657,`75d6bb2ceb93466f81fb51731ae8632a,`obt9LvvFlP8wX5MdxpWwUjkWapCY,`JSAPI,`SUCCESS,`OTHERS,`CNY,`3.00,`0.00,`0,`0,`0.00,`0.00,`,`,`停车费用,`,`0.02000,`0.54%,`3.00,`0.00,`
`2026-04-27 10:57:30,`wxfc262f382d61c3db,`1723333380,`0,`,`4200003054202604273546340677,`ca263c8e36a044af9bd4b36d69660936,`obt9LvrRtWhRNBUxL6rIJYWxgkR4,`JSAPI,`SUCCESS,`PAB_CREDIT,`CNY,`3.00,`0.00,`0,`0,`0.00,`0.00,`,`,`停车费用,`,`0.02000,`0.54%,`3.00,`0.00,`
`2026-04-27 16:29:51,`wxfc262f382d61c3db,`1723333380,`0,`,`4200003054202604275782069674,`231605ad299b41b2a84ebd3280775439,`obt9Lvoz7eXK4R5IVzVTWaFPXAsU,`JSAPI,`SUCCESS,`HRXJB_CREDIT,`CNY,`6.00,`0.00,`0,`0,`0.00,`0.00,`,`,`停车费用,`,`0.03000,`0.54%,`6.00,`0.00,`
`2026-04-27 11:20:05,`wxfc262f382d61c3db,`1723333380,`0,`,`4200003055202604270164524121,`d00c7fa2f6494ed6a63da8d83a1b0ecc,`obt9LvqrztrxHLTABOYtaFdDZfqw,`JSAPI,`SUCCESS,`CCB_DEBIT,`CNY,`3.00,`0.00,`0,`0,`0.00,`0.00,`,`,`停车费用,`,`0.02000,`0.54%,`3.00,`0.00,`
`2026-04-27 20:43:08,`wxfc262f382d61c3db,`1723333380,`0,`,`4200003055202604274773963965,`55a6af2ad1fb46488e938413ac4a553c,`obt9LvnHJYs8LwsF4HoWz3ttFojo,`JSAPI,`SUCCESS,`OTHERS,`CNY,`3.00,`0.00,`0,`0,`0.00,`0.00,`,`,`停车费用,`,`0.02000,`0.54%,`3.00,`0.00,`
`2026-04-27 10:39:04,`wxfc262f382d61c3db,`1723333380,`0,`,`4200003056202604272377320268,`21195c387a3a42f29c646ebc1916a52a,`obt9LvnV5WKX_3DVAONoJs6MtBHQ,`JSAPI,`SUCCESS,`OTHERS,`CNY,`3.00,`0.00,`0,`0,`0.00,`0.00,`,`,`停车费用,`,`0.02000,`0.54%,`3.00,`0.00,`
`2026-04-27 10:31:48,`wxfc262f382d61c3db,`1723333380,`0,`,`4200003056202604273625201280,`bf8ae8eb22a74aa7ae7c372a10993d4a,`obt9LvvkuRyB0VnAw_Ik5-54kTeQ,`JSAPI,`SUCCESS,`PAB_CREDIT,`CNY,`3.00,`0.00,`0,`0,`0.00,`0.00,`,`,`停车费用,`,`0.02000,`0.54%,`3.00,`0.00,`
`2026-04-27 10:45:39,`wxfc262f382d61c3db,`1723333380,`0,`,`4200003056202604276603992573,`ca24b29c346b494caa8cecaff228ce32,`obt9LvoBZSh9QCAZ6idwDDUqnZLo,`JSAPI,`SUCCESS,`OTHERS,`CNY,`3.00,`0.00,`0,`0,`0.00,`0.00,`,`,`停车费用,`,`0.02000,`0.54%,`3.00,`0.00,`
`2026-04-27 11:47:00,`wxfc262f382d61c3db,`1723333380,`0,`,`4200003059202604279057534535,`8028afb9136543e6a7cb5ad6ea17effb,`obt9LvgA6c5bp_HNkGzHZmCm3Iwk,`JSAPI,`SUCCESS,`OTHERS,`CNY,`3.00,`0.00,`0,`0,`0.00,`0.00,`,`,`停车费用,`,`0.02000,`0.54%,`3.00,`0.00,`
`2026-04-27 17:56:10,`wxfc262f382d61c3db,`1723333380,`0,`,`4200003060202604271211015975,`6923a328987b4d6684dcba6335934af5,`obt9LvvhpaE8Df1tvqrU2elNyhE4,`JSAPI,`SUCCESS,`PAB_CREDIT,`CNY,`6.00,`0.00,`0,`0,`0.00,`0.00,`,`,`停车费用,`,`0.03000,`0.54%,`6.00,`0.00,`
`2026-04-27 16:07:14,`wxfc262f382d61c3db,`1723333380,`0,`,`4200003061202604275863821180,`c35c1fa5ef2d47caa565573267b027e5,`obt9Lvs1htLg8sqmMw8tuIe4rfg0,`JSAPI,`SUCCESS,`OTHERS,`CNY,`3.00,`0.00,`0,`0,`0.00,`0.00,`,`,`停车费用,`,`0.02000,`0.54%,`3.00,`0.00,`
`2026-04-27 11:44:09,`wxfc262f382d61c3db,`1723333380,`0,`,`4200003062202604270298004795,`ec4105ed914b4c558185e1bc719f6fab,`obt9LvndoJnPkMMmuoQOXOOCP4tE,`JSAPI,`SUCCESS,`OTHERS,`CNY,`6.00,`0.00,`0,`0,`0.00,`0.00,`,`,`停车费用,`,`0.03000,`0.54%,`6.00,`0.00,`
`2026-04-27 16:40:06,`wxfc262f382d61c3db,`1723333380,`0,`,`4200003062202604278129961954,`d992021833dd4d2bb4e6cf6ce2ed847b,`obt9LvmN4y8MBFEOSM3VlMAqUyUw,`JSAPI,`SUCCESS,`OTHERS,`CNY,`3.00,`0.00,`0,`0,`0.00,`0.00,`,`,`停车费用,`,`0.02000,`0.54%,`3.00,`0.00,`
`2026-04-27 10:36:58,`wxfc262f382d61c3db,`1723333380,`0,`,`4200003063202604273106853024,`4819a09534c349a1bbded57ff3537d7c,`obt9LvgUoUHOMQmCawZS_Ud8gCcE,`JSAPI,`SUCCESS,`CEB_CREDIT,`CNY,`3.00,`0.00,`0,`0,`0.00,`0.00,`,`,`停车费用,`,`0.02000,`0.54%,`3.00,`0.00,`
`2026-04-27 10:39:15,`wxfc262f382d61c3db,`1723333380,`0,`,`4200003065202604270683185605,`769fc2860f20453789101078ef692065,`obt9LvuT5jYgwdg_5o4R8O6GRVQs,`JSAPI,`SUCCESS,`OTHERS,`CNY,`3.00,`0.00,`0,`0,`0.00,`0.00,`,`,`停车费用,`,`0.02000,`0.54%,`3.00,`0.00,`
`2026-04-27 10:32:53,`wxfc262f382d61c3db,`1723333380,`0,`,`4200003066202604276087545165,`b6a2e2f63a7047a3ac3eec7818a1ad59,`obt9LvgNmuZuEWj5c9U2RniO2PHo,`JSAPI,`SUCCESS,`OTHERS,`CNY,`3.00,`0.00,`0,`0,`0.00,`0.00,`,`,`停车费用,`,`0.02000,`0.54%,`3.00,`0.00,`
`2026-04-27 11:12:35,`wxfc262f382d61c3db,`1723333380,`0,`,`4200003066202604279092746986,`53f6411da9204f7aa0321dff8973cf2b,`obt9LvlwRGGOdPdCHyY7heqlTWUA,`JSAPI,`SUCCESS,`OTHERS,`CNY,`3.00,`0.00,`0,`0,`0.00,`0.00,`,`,`停车费用,`,`0.02000,`0.54%,`3.00,`0.00,`
`2026-04-27 17:42:27,`wxfc262f382d61c3db,`1723333380,`0,`,`4200003076202604277942796750,`0b0647ebc887491ea3b08f4c47639621,`obt9Lvn8k_VEUW07jH0aXMM_Wh_A,`JSAPI,`SUCCESS,`CITIC_CREDIT,`CNY,`6.00,`0.00,`0,`0,`0.00,`0.00,`,`,`停车费用,`,`0.03000,`0.54%,`6.00,`0.00,`
`2026-04-27 19:18:05,`wxfc262f382d61c3db,`1723333380,`0,`,`4200003077202604276255351552,`e6584f9c4ffb4272996b0bbadfcf2741,`obt9LvuwqaPW8IIzgp9P1NqGGty4,`JSAPI,`SUCCESS,`OTHERS,`CNY,`6.00,`0.00,`0,`0,`0.00,`0.00,`,`,`停车费用,`,`0.03000,`0.54%,`6.00,`0.00,`
`2026-04-27 12:29:40,`wxfc262f382d61c3db,`1723333380,`0,`,`4200003077202604278755890923,`f780143f857d419d88e7299e3ef790fc,`obt9LvmOWux5dWT0ag_6xowekJ10,`JSAPI,`SUCCESS,`OTHERS,`CNY,`6.00,`0.00,`0,`0,`0.00,`0.00,`,`,`停车费用,`,`0.03000,`0.54%,`6.00,`0.00,`
`2026-04-27 10:53:18,`wxfc262f382d61c3db,`1723333380,`0,`,`4200003078202604277562433906,`5d6b5fbea27241cb9ab45127b1fe7330,`obt9LvqD9m8kn5qRo1IswMwOOIus,`JSAPI,`SUCCESS,`OTHERS,`CNY,`3.00,`0.00,`0,`0,`0.00,`0.00,`,`,`停车费用,`,`0.02000,`0.54%,`3.00,`0.00,`
`2026-04-27 18:42:31,`wxfc262f382d61c3db,`1723333380,`0,`,`4200003079202604277377467960,`bb3e21ab17e547a59cbb87340b4b6925,`obt9Lvv_FkueH22RX3kDdgc0glxw,`JSAPI,`SUCCESS,`OTHERS,`CNY,`9.00,`0.00,`0,`0,`0.00,`0.00,`,`,`停车费用,`,`0.05000,`0.54%,`9.00,`0.00,`
`2026-04-27 11:28:59,`wxfc262f382d61c3db,`1723333380,`0,`,`4200003081202604275680545821,`b99ae09577a942e2b6ccf932ea3f8a72,`obt9LvhGWAkbVPWgEWdU8azYt3UU,`JSAPI,`SUCCESS,`PAB_CREDIT,`CNY,`3.00,`0.00,`0,`0,`0.00,`0.00,`,`,`停车费用,`,`0.02000,`0.54%,`3.00,`0.00,`
`2026-04-27 16:06:23,`wxfc262f382d61c3db,`1723333380,`0,`,`4200003081202604279012299361,`b2a7dec2e0664ffdb8f355219d9eb9f9,`obt9LvvgLJEZCnZZd73cIX-sNWLw,`JSAPI,`SUCCESS,`OTHERS,`CNY,`3.00,`0.00,`0,`0,`0.00,`0.00,`,`,`停车费用,`,`0.02000,`0.54%,`3.00,`0.00,`
`2026-04-27 17:54:35,`wxfc262f382d61c3db,`1723333380,`0,`,`4200003084202604271832310696,`981dc2dce51649cb84613d61634b1087,`obt9LvuLEZqOCPRpGRhHvonbxg4Y,`JSAPI,`SUCCESS,`OTHERS,`CNY,`3.00,`0.00,`0,`0,`0.00,`0.00,`,`,`停车费用,`,`0.02000,`0.54%,`3.00,`0.00,`
`2026-04-27 20:50:38,`wxfc262f382d61c3db,`1723333380,`0,`,`4200003084202604278655795033,`49c3e0dc518a489bb14fbbad82447be0,`obt9Lvnrq9nV0gdRg4yWNex3Ae0Y,`JSAPI,`SUCCESS,`ABC_DEBIT,`CNY,`3.00,`0.00,`0,`0,`0.00,`0.00,`,`,`停车费用,`,`0.02000,`0.54%,`3.00,`0.00,`
`2026-04-27 10:40:59,`wxfc262f382d61c3db,`1723333380,`0,`,`4200003085202604275074557073,`d96dc3a31d2449a9a3b59c47c5b17bad,`obt9Lvss__01bD9wsU0vINDfNIMs,`JSAPI,`SUCCESS,`OTHERS,`CNY,`3.00,`0.00,`0,`0,`0.00,`0.00,`,`,`停车费用,`,`0.02000,`0.54%,`3.00,`0.00,`
`2026-04-27 20:25:07,`wxfc262f382d61c3db,`1723333380,`0,`,`4200003086202604272661222546,`e0742eea076a42158b70b390523c7832,`obt9Lvuxpw3hRSp-yfrkWd030_cE,`JSAPI,`SUCCESS,`OTHERS,`CNY,`6.00,`0.00,`0,`0,`0.00,`0.00,`,`,`停车费用,`,`0.03000,`0.54%,`6.00,`0.00,`
`2026-04-27 15:20:23,`wxfc262f382d61c3db,`1723333380,`0,`,`4200003088202604270027497703,`d78d9dcd909d408384ea3d1f68f766a5,`obt9LvqhZ9owWqHo3oUy5yzpTlD0,`JSAPI,`SUCCESS,`OTHERS,`CNY,`18.00,`0.00,`0,`0,`0.00,`0.00,`,`,`停车费用,`,`0.10000,`0.54%,`18.00,`0.00,`
`2026-04-27 17:39:07,`wxfc262f382d61c3db,`1723333380,`0,`,`4200003088202604279654312404,`7bb794dbf14445f9bfde52d6b285b3a3,`obt9LvrK_AzjkDZHXz108IgJpw3w,`JSAPI,`SUCCESS,`OTHERS,`CNY,`3.00,`0.00,`0,`0,`0.00,`0.00,`,`,`停车费用,`,`0.02000,`0.54%,`3.00,`0.00,`
`2026-04-27 21:47:32,`wxfc262f382d61c3db,`1723333380,`0,`,`4200003089202604277338874090,`4bd07ba2d8a04b97bc707a040713e723,`obt9Lvr0zKCLbth_l_4on762eYLM,`JSAPI,`SUCCESS,`CCB_DEBIT,`CNY,`3.00,`0.00,`0,`0,`0.00,`0.00,`,`,`停车费用,`,`0.02000,`0.54%,`3.00,`0.00,`
`2026-04-27 11:22:16,`wxfc262f382d61c3db,`1723333380,`0,`,`4200003091202604276031345009,`e2738aa3ba38473c92ba9a1e4c4b8cef,`obt9LviBA5En8tP7hX_-Ri4EcxJ4,`JSAPI,`SUCCESS,`PAB_CREDIT,`CNY,`3.00,`0.00,`0,`0,`0.00,`0.00,`,`,`停车费用,`,`0.02000,`0.54%,`3.00,`0.00,`
`2026-04-27 10:40:21,`wxfc262f382d61c3db,`1723333380,`0,`,`4200003091202604276183777540,`deb5b8f2f1564ba4825ef59943fce8f0,`obt9Lvp49tkqOLfLkWJ-38_64AUU,`JSAPI,`SUCCESS,`CITIC_CREDIT,`CNY,`3.00,`0.00,`0,`0,`0.00,`0.00,`,`,`停车费用,`,`0.02000,`0.54%,`3.00,`0.00,`
`2026-04-27 11:18:25,`wxfc262f382d61c3db,`1723333380,`0,`,`4200003092202604274421920249,`d4a7430b665a42129fecb30065100b8f,`obt9LvmoPToyJEt0zYHU732LdFfA,`JSAPI,`SUCCESS,`OTHERS,`CNY,`6.00,`0.00,`0,`0,`0.00,`0.00,`,`,`停车费用,`,`0.03000,`0.54%,`6.00,`0.00,`
`2026-04-27 18:24:28,`wxfc262f382d61c3db,`1723333380,`0,`,`4200003093202604271749499522,`1782dc7e13bb45bd96f60d8fddbbceb6,`obt9LvpKmnrQeSlM4Qt5CJX2jJfA,`JSAPI,`SUCCESS,`PAB_CREDIT,`CNY,`6.00,`0.10,`0,`0,`0.00,`0.00,`,`,`停车费用,`,`0.03000,`0.54%,`6.00,`0.00,`
`2026-04-27 10:47:14,`wxfc262f382d61c3db,`1723333380,`0,`,`4200003094202604275498349798,`a13f02c51d704b68a8d108d4487d65d7,`obt9LvsMjGT6Qsc-PWQxnHkwfX4s,`JSAPI,`SUCCESS,`OTHERS,`CNY,`3.00,`0.00,`0,`0,`0.00,`0.00,`,`,`停车费用,`,`0.02000,`0.54%,`3.00,`0.00,`
`2026-04-27 16:07:02,`wxfc262f382d61c3db,`1723333380,`0,`,`4200003125202604272938688488,`77eda8fa2c15422997049ec24c9dfd87,`obt9LvnxOK-O03q5gak2lwVoUo4s,`JSAPI,`SUCCESS,`OTHERS,`CNY,`3.00,`0.00,`0,`0,`0.00,`0.00,`,`,`停车费用,`,`0.02000,`0.54%,`3.00,`0.00,`
`2026-04-27 15:08:25,`wxfc262f382d61c3db,`1723333380,`0,`,`4200003127202604276240645615,`78a5a417bdba4d8b96d8eaf6fc30d03d,`obt9LvhH6wmpOyQ4Y1oRhuHmwn0k,`JSAPI,`SUCCESS,`SPDB_CREDIT,`CNY,`3.00,`0.00,`0,`0,`0.00,`0.00,`,`,`停车费用,`,`0.02000,`0.54%,`3.00,`0.00,`
`2026-04-27 18:11:33,`wxfc262f382d61c3db,`1723333380,`0,`,`4200003129202604271483990790,`4a89b4b20b0542d799e9bab533a4373b,`obt9LvtwilZ2gfI7TjLU3u5no6bU,`JSAPI,`SUCCESS,`OTHERS,`CNY,`3.00,`0.00,`0,`0,`0.00,`0.00,`,`,`停车费用,`,`0.02000,`0.54%,`3.00,`0.00,`
`2026-04-27 10:31:52,`wxfc262f382d61c3db,`1723333380,`0,`,`4200003129202604277376000975,`6da3b8f2f8d641ffa206962de2797a24,`obt9LvsP15QrU85gJmqzz6uQ1FDQ,`JSAPI,`SUCCESS,`OTHERS,`CNY,`3.00,`0.00,`0,`0,`0.00,`0.00,`,`,`停车费用,`,`0.02000,`0.54%,`3.00,`0.00,`
`2026-04-27 15:04:14,`wxfc262f382d61c3db,`1723333380,`0,`,`4200003130202604275895552485,`259b1bd777394f0da548266854ecf687,`obt9LvvzNqIcakBDwFRrHxEjJo-A,`JSAPI,`SUCCESS,`OTHERS,`CNY,`12.00,`0.00,`0,`0,`0.00,`0.00,`,`,`停车费用,`,`0.06000,`0.54%,`12.00,`0.00,`
`2026-04-27 20:47:33,`wxfc262f382d61c3db,`1723333380,`0,`,`4200003130202604279834094120,`d3e44111439749a8b34e05e36d31e11d,`obt9LvuLEZqOCPRpGRhHvonbxg4Y,`JSAPI,`SUCCESS,`OTHERS,`CNY,`3.00,`0.00,`0,`0,`0.00,`0.00,`,`,`停车费用,`,`0.02000,`0.54%,`3.00,`0.00,`
`2026-04-27 16:23:39,`wxfc262f382d61c3db,`1723333380,`0,`,`4200003131202604273606476505,`01fc508def2e4cedac3752736f898bb3,`obt9LvnJYa5CV9ugdBMOtx9NBiiE,`JSAPI,`SUCCESS,`OTHERS,`CNY,`3.00,`0.00,`0,`0,`0.00,`0.00,`,`,`停车费用,`,`0.02000,`0.54%,`3.00,`0.00,`
`2026-04-27 10:39:10,`wxfc262f382d61c3db,`1723333380,`0,`,`4200003132202604274927426334,`05b30ff070284c22bf21ee225377ed9a,`obt9LvqBiJWHGSdJLx1R0AIGXorU,`JSAPI,`SUCCESS,`OTHERS,`CNY,`3.00,`0.00,`0,`0,`0.00,`0.00,`,`,`停车费用,`,`0.02000,`0.54%,`3.00,`0.00,`
`2026-04-27 21:46:51,`wxfc262f382d61c3db,`1723333380,`0,`,`4200003132202604277293890819,`085793095e2a4efd9fb7b8980a79fc27,`obt9LvjI1_tKjHWCKVVmoen3i_SQ,`JSAPI,`SUCCESS,`OTHERS,`CNY,`3.00,`0.00,`0,`0,`0.00,`0.00,`,`,`停车费用,`,`0.02000,`0.54%,`3.00,`0.00,`
`2026-04-27 18:52:25,`wxfc262f382d61c3db,`1723333380,`0,`,`4200003134202604278408256899,`bac3a3097d724a40af1128fd654d7e93,`obt9LvpqqX4B_fT64M6VhgiVt3tw,`JSAPI,`SUCCESS,`ICBC_DEBIT,`CNY,`6.00,`0.00,`0,`0,`0.00,`0.00,`,`,`停车费用,`,`0.03000,`0.54%,`6.00,`0.00,`
`2026-04-27 18:14:34,`wxfc262f382d61c3db,`1723333380,`0,`,`4200003135202604277194466612,`0e3b2a2320234b229fe5714815cbd2c8,`obt9Lvp1GHTObWNU3FL6dIBOBWnw,`JSAPI,`SUCCESS,`OTHERS,`CNY,`6.00,`0.00,`0,`0,`0.00,`0.00,`,`,`停车费用,`,`0.03000,`0.54%,`6.00,`0.00,`
`2026-04-28 22:01:06,`wxfc262f382d61c3db,`1723333380,`0,`,`4200003049202604282108793873,`eff1903a66b54bebb7fb34497066adea,`obt9LvgikPQhPUfFsfHbAVOAxHSA,`JSAPI,`SUCCESS,`OTHERS,`CNY,`3.00,`0.00,`0,`0,`0.00,`0.00,`,`,`停车费用,`,`0.02000,`0.54%,`3.00,`0.00,`
`2026-04-28 18:25:42,`wxfc262f382d61c3db,`1723333380,`0,`,`4200003056202604282721310730,`f2f96450f6624d73b7b67efc4d15e9f7,`obt9LvpgxS_CcSSizZuqrgxrr04c,`JSAPI,`SUCCESS,`OTHERS,`CNY,`3.00,`0.00,`0,`0,`0.00,`0.00,`,`,`停车费用,`,`0.02000,`0.54%,`3.00,`0.00,`
`2026-04-28 10:50:58,`wxfc262f382d61c3db,`1723333380,`0,`,`4200003058202604287836279897,`8e569258dd164ebea4cbfbe40d285804,`obt9LvsMjGT6Qsc-PWQxnHkwfX4s,`JSAPI,`SUCCESS,`OTHERS,`CNY,`3.00,`0.00,`0,`0,`0.00,`0.00,`,`,`停车费用,`,`0.02000,`0.54%,`3.00,`0.00,`
`2026-04-28 10:38:22,`wxfc262f382d61c3db,`1723333380,`0,`,`4200003060202604286547921783,`f19af8da6c1d42dea4f181ac94e8bf33,`obt9LvuT5jYgwdg_5o4R8O6GRVQs,`JSAPI,`SUCCESS,`OTHERS,`CNY,`3.00,`0.00,`0,`0,`0.00,`0.00,`,`,`停车费用,`,`0.02000,`0.54%,`3.00,`0.00,`
`2026-04-28 21:12:45,`wxfc262f382d61c3db,`1723333380,`0,`,`4200003061202604281636354141,`5752b4db2da34ca3b59874e7f47a0209,`obt9Lvq6c_SnG0NzJMybfXmN47GY,`JSAPI,`SUCCESS,`OTHERS,`CNY,`18.00,`0.00,`0,`0,`0.00,`0.00,`,`,`停车费用,`,`0.10000,`0.54%,`18.00,`0.00,`
`2026-04-28 10:41:52,`wxfc262f382d61c3db,`1723333380,`0,`,`4200003062202604285993965212,`0411ff0af9b243e0a114b8da7cbae1ed,`obt9LvhGWAkbVPWgEWdU8azYt3UU,`JSAPI,`SUCCESS,`PAB_CREDIT,`CNY,`3.00,`0.00,`0,`0,`0.00,`0.00,`,`,`停车费用,`,`0.02000,`0.54%,`3.00,`0.00,`
`2026-04-28 17:03:58,`wxfc262f382d61c3db,`1723333380,`0,`,`4200003063202604288272632274,`89e22902fe464e9a9115405dce71c1c0,`obt9Lvkne-Y3bPI3nRY4HzUbdo_o,`JSAPI,`SUCCESS,`CCB_DEBIT,`CNY,`3.00,`0.00,`0,`0,`0.00,`0.00,`,`,`停车费用,`,`0.02000,`0.54%,`3.00,`0.00,`
`2026-04-28 00:45:12,`wxfc262f382d61c3db,`1723333380,`0,`,`4200003065202604286421235313,`1400ea6a1163412793c7e19bfa454692,`obt9LvjIkSmy6MdZP8bmGA2X7k-4,`JSAPI,`SUCCESS,`CCB_DEBIT,`CNY,`3.00,`0.00,`0,`0,`0.00,`0.00,`,`,`停车费用,`,`0.02000,`0.54%,`3.00,`0.00,`
`2026-04-28 20:48:21,`wxfc262f382d61c3db,`1723333380,`0,`,`4200003066202604286914002662,`3865b6d654f849729a2a56656861a0b2,`obt9LvqI4zq7HY65FxPApkJHloVI,`JSAPI,`SUCCESS,`OTHERS,`CNY,`9.00,`0.00,`0,`0,`0.00,`0.00,`,`,`停车费用,`,`0.05000,`0.54%,`9.00,`0.00,`
`2026-04-28 10:21:32,`wxfc262f382d61c3db,`1723333380,`0,`,`4200003066202604289354103000,`5ed638360bed45dba25ce5032aef5348,`obt9LviFfmSdlh1K8jmC39I651y4,`JSAPI,`SUCCESS,`OTHERS,`CNY,`3.00,`0.00,`0,`0,`0.00,`0.00,`,`,`停车费用,`,`0.02000,`0.54%,`3.00,`0.00,`
`2026-04-28 12:07:27,`wxfc262f382d61c3db,`1723333380,`0,`,`4200003068202604288670631159,`095f6c86350e48809032c9fde1ae16ab,`obt9LvpEyRpNlcizXWTXwCuj6q1I,`JSAPI,`SUCCESS,`BOC_DEBIT,`CNY,`3.00,`0.00,`0,`0,`0.00,`0.00,`,`,`停车费用,`,`0.02000,`0.54%,`3.00,`0.00,`
`2026-04-28 10:48:57,`wxfc262f382d61c3db,`1723333380,`0,`,`4200003070202604280070693355,`f41a053edce64672a7310ffce7d9e3ff,`obt9LvqhZ9owWqHo3oUy5yzpTlD0,`JSAPI,`SUCCESS,`OTHERS,`CNY,`3.00,`0.00,`0,`0,`0.00,`0.00,`,`,`停车费用,`,`0.02000,`0.54%,`3.00,`0.00,`
`2026-04-28 10:36:01,`wxfc262f382d61c3db,`1723333380,`0,`,`4200003071202604285981473936,`7f961627dc1543cd88e1e03aa74c8c11,`obt9Lvv_FkueH22RX3kDdgc0glxw,`JSAPI,`SUCCESS,`OTHERS,`CNY,`3.00,`0.00,`0,`0,`0.00,`0.00,`,`,`停车费用,`,`0.02000,`0.54%,`3.00,`0.00,`
`2026-04-28 12:39:39,`wxfc262f382d61c3db,`1723333380,`0,`,`4200003073202604285845396067,`adcd73382ce84898a67ede1f111a2bdc,`obt9LvibkcAsY7PqZa8XeXHynP0I,`JSAPI,`SUCCESS,`PAB_CREDIT,`CNY,`3.00,`0.00,`0,`0,`0.00,`0.00,`,`,`停车费用,`,`0.02000,`0.54%,`3.00,`0.00,`
`2026-04-28 18:10:27,`wxfc262f382d61c3db,`1723333380,`0,`,`4200003074202604283888809371,`92660fd536874377bed8b64cca82e9c3,`obt9LvntKvEoqWRX9col3Nsz3ZX8,`JSAPI,`SUCCESS,`OTHERS,`CNY,`9.00,`0.00,`0,`0,`0.00,`0.00,`,`,`停车费用,`,`0.05000,`0.54%,`9.00,`0.00,`
`2026-04-28 17:50:23,`wxfc262f382d61c3db,`1723333380,`0,`,`4200003074202604285682398441,`c95adc905f2e4a50b00708cf801afa52,`obt9LvkikMiqsHZ907gUpNMLhe70,`JSAPI,`SUCCESS,`BANK_DEBIT,`CNY,`3.00,`0.00,`0,`0,`0.00,`0.00,`,`,`停车费用,`,`0.02000,`0.54%,`3.00,`0.00,`
`2026-04-28 16:25:48,`wxfc262f382d61c3db,`1723333380,`0,`,`4200003074202604288264314137,`943a16e6212c4774aa989f8f1065d875,`obt9LvncGyKQOCBPzeFvGaeAAsEU,`JSAPI,`SUCCESS,`OTHERS,`CNY,`3.00,`0.00,`0,`0,`0.00,`0.00,`,`,`停车费用,`,`0.02000,`0.54%,`3.00,`0.00,`
`2026-04-28 10:39:55,`wxfc262f382d61c3db,`1723333380,`0,`,`4200003075202604289829547550,`d3a09bb2f05141ff80afac6954768c08,`obt9LvjvPzk1kyKmT6sra9JS8zdo,`JSAPI,`SUCCESS,`OTHERS,`CNY,`3.00,`0.00,`0,`0,`0.00,`0.00,`,`,`停车费用,`,`0.02000,`0.54%,`3.00,`0.00,`
`2026-04-28 08:48:53,`wxfc262f382d61c3db,`1723333380,`0,`,`4200003077202604285031082933,`1f616fcdb8cc40dca0e829849e534af1,`obt9LvqvDhHcI_fNWgJGe90HxVaw,`JSAPI,`SUCCESS,`OTHERS,`CNY,`30.00,`0.00,`0,`0,`0.00,`0.00,`,`,`停车费用,`,`0.16000,`0.54%,`30.00,`0.00,`
`2026-04-28 20:49:10,`wxfc262f382d61c3db,`1723333380,`0,`,`4200003080202604289049481428,`2ccb20a5b7964170931cdb3e4611574e,`obt9LvovOtpwnkk7HiLcqigWhHYg,`JSAPI,`SUCCESS,`OTHERS,`CNY,`3.00,`0.00,`0,`0,`0.00,`0.00,`,`,`停车费用,`,`0.02000,`0.54%,`3.00,`0.00,`
`2026-04-28 20:33:39,`wxfc262f382d61c3db,`1723333380,`0,`,`4200003081202604280788824838,`c2e69289cd104f20b6236f29a20e72ea,`obt9LvpROFOANdId0xw9kpRcr3R8,`JSAPI,`SUCCESS,`OTHERS,`CNY,`15.00,`0.00,`0,`0,`0.00,`0.00,`,`,`停车费用,`,`0.08000,`0.54%,`15.00,`0.00,`
`2026-04-28 20:17:48,`wxfc262f382d61c3db,`1723333380,`0,`,`4200003082202604280789317101,`4d5f92a69b544adb8296e9977bc4ff72,`obt9Lvn6MQmi0QJbvfOun2zYxZVQ,`JSAPI,`SUCCESS,`OTHERS,`CNY,`12.00,`0.00,`0,`0,`0.00,`0.00,`,`,`停车费用,`,`0.06000,`0.54%,`12.00,`0.00,`
`2026-04-28 17:02:02,`wxfc262f382d61c3db,`1723333380,`0,`,`4200003082202604288580313583,`4b9ffb6288cf4f3ba8563b3438a9f523,`obt9LvqD9m8kn5qRo1IswMwOOIus,`JSAPI,`SUCCESS,`OTHERS,`CNY,`3.00,`0.00,`0,`0,`0.00,`0.00,`,`,`停车费用,`,`0.02000,`0.54%,`3.00,`0.00,`
`2026-04-28 21:20:45,`wxfc262f382d61c3db,`1723333380,`0,`,`4200003083202604282552866232,`f9c939f586584700b6296e22c67d5df0,`obt9Lvhb0BafJCH9GQv4fgcRIBSg,`JSAPI,`SUCCESS,`CMB_CREDIT,`CNY,`3.00,`0.00,`0,`0,`0.00,`0.00,`,`,`停车费用,`,`0.02000,`0.54%,`3.00,`0.00,`
`2026-04-28 20:49:00,`wxfc262f382d61c3db,`1723333380,`0,`,`4200003083202604283695791341,`657de88e5d7f4142addf1a7aa074f699,`obt9LvpEUwSDAkof-9H1W8pHq02A,`JSAPI,`SUCCESS,`CCB_DEBIT,`CNY,`3.00,`0.00,`0,`0,`0.00,`0.00,`,`,`停车费用,`,`0.02000,`0.54%,`3.00,`0.00,`
`2026-04-28 11:26:38,`wxfc262f382d61c3db,`1723333380,`0,`,`4200003085202604280243536868,`399f8f90b7724314bfc05253a8d6b457,`obt9LvvhpaE8Df1tvqrU2elNyhE4,`JSAPI,`SUCCESS,`PAB_CREDIT,`CNY,`6.00,`0.00,`0,`0,`0.00,`0.00,`,`,`停车费用,`,`0.03000,`0.54%,`6.00,`0.00,`
`2026-04-28 10:31:53,`wxfc262f382d61c3db,`1723333380,`0,`,`4200003085202604289307281553,`dd2e352583994715b002e06447bbe08b,`obt9LvozGH6bT49Ig-_bwp2vy0aE,`JSAPI,`SUCCESS,`OTHERS,`CNY,`3.00,`0.00,`0,`0,`0.00,`0.00,`,`,`停车费用,`,`0.02000,`0.54%,`3.00,`0.00,`
`2026-04-28 20:46:30,`wxfc262f382d61c3db,`1723333380,`0,`,`4200003088202604284552543014,`efcc5d17b698439f82dc90a7a99cbd51,`obt9LviYpa6XcVTdaC18PWBIvdso,`JSAPI,`SUCCESS,`CCB_DEBIT,`CNY,`3.00,`0.00,`0,`0,`0.00,`0.00,`,`,`停车费用,`,`0.02000,`0.54%,`3.00,`0.00,`
`2026-04-28 10:32:23,`wxfc262f382d61c3db,`1723333380,`0,`,`4200003091202604281621944361,`555cacddbe29488aa63bde317fa4f260,`obt9LvvkuRyB0VnAw_Ik5-54kTeQ,`JSAPI,`SUCCESS,`PAB_CREDIT,`CNY,`3.00,`0.00,`0,`0,`0.00,`0.00,`,`,`停车费用,`,`0.02000,`0.54%,`3.00,`0.00,`
`2026-04-28 10:26:30,`wxfc262f382d61c3db,`1723333380,`0,`,`4200003091202604283815062183,`91d92ee85cf041e8a5cd4a39be2fd383,`obt9Lvss__01bD9wsU0vINDfNIMs,`JSAPI,`SUCCESS,`OTHERS,`CNY,`3.00,`0.00,`0,`0,`0.00,`0.00,`,`,`停车费用,`,`0.02000,`0.54%,`3.00,`0.00,`
`2026-04-28 11:01:06,`wxfc262f382d61c3db,`1723333380,`0,`,`4200003095202604280700944088,`3f8c9167a05d411da8bf5dce3eff8ef9,`obt9LvtwwThKKxLYMDSfOBi6_WAo,`JSAPI,`SUCCESS,`PAB_CREDIT,`CNY,`3.00,`0.00,`0,`0,`0.00,`0.00,`,`,`停车费用,`,`0.02000,`0.54%,`3.00,`0.00,`
`2026-04-28 12:15:25,`wxfc262f382d61c3db,`1723333380,`0,`,`4200003095202604282118271411,`714e8f49a0e44f06aec88f43d1dab81c,`obt9LvoyWYq20Yg3iUuG-FPd7z48,`JSAPI,`SUCCESS,`ABC_DEBIT,`CNY,`30.00,`0.00,`0,`0,`0.00,`0.00,`,`,`停车费用,`,`0.16000,`0.54%,`30.00,`0.00,`
`2026-04-28 17:10:38,`wxfc262f382d61c3db,`1723333380,`0,`,`4200003096202604281931287005,`88c736a6a6234b2ba6b14b5155048cde,`obt9LvqU2Lqwk6BHB2HQ-bafrhuU,`JSAPI,`SUCCESS,`OTHERS,`CNY,`6.00,`0.00,`0,`0,`0.00,`0.00,`,`,`停车费用,`,`0.03000,`0.54%,`6.00,`0.00,`
`2026-04-28 10:37:51,`wxfc262f382d61c3db,`1723333380,`0,`,`4200003096202604282705470677,`aa5d387c0edc4bff8ed3cda454610b7b,`obt9LvqBiJWHGSdJLx1R0AIGXorU,`JSAPI,`SUCCESS,`OTHERS,`CNY,`3.00,`0.00,`0,`0,`0.00,`0.00,`,`,`停车费用,`,`0.02000,`0.54%,`3.00,`0.00,`
`2026-04-28 12:08:25,`wxfc262f382d61c3db,`1723333380,`0,`,`4200003125202604287108564124,`50edbf16216c4e7683d9eba459db6564,`obt9Lvj4hwiGW2O71SnR4m5KhRuQ,`JSAPI,`SUCCESS,`OTHERS,`CNY,`3.00,`0.00,`0,`0,`0.00,`0.00,`,`,`停车费用,`,`0.02000,`0.54%,`3.00,`0.00,`
`2026-04-28 10:18:30,`wxfc262f382d61c3db,`1723333380,`0,`,`4200003127202604289834800060,`434981b43e614b508e1d41880c45aaa0,`obt9LvgzKlicJEY5T0U3OgtrvLa8,`JSAPI,`SUCCESS,`OTHERS,`CNY,`3.00,`0.00,`0,`0,`0.00,`0.00,`,`,`停车费用,`,`0.02000,`0.54%,`3.00,`0.00,`
`2026-04-28 11:17:44,`wxfc262f382d61c3db,`1723333380,`0,`,`4200003128202604286127232845,`4ba5fa6536444129bb68b4c5ab9e7a15,`obt9LviBA5En8tP7hX_-Ri4EcxJ4,`JSAPI,`SUCCESS,`PAB_CREDIT,`CNY,`3.00,`0.00,`0,`0,`0.00,`0.00,`,`,`停车费用,`,`0.02000,`0.54%,`3.00,`0.00,`
`2026-04-28 20:50:32,`wxfc262f382d61c3db,`1723333380,`0,`,`4200003129202604287381077890,`c86f987a396d441c82243ec64219de6d,`obt9Lvl2Emr6ujU9a-8zPKbfP3zM,`JSAPI,`SUCCESS,`OTHERS,`CNY,`3.00,`0.00,`0,`0,`0.00,`0.00,`,`,`停车费用,`,`0.02000,`0.54%,`3.00,`0.00,`
`2026-04-28 16:35:47,`wxfc262f382d61c3db,`1723333380,`0,`,`4200003131202604285488526349,`b43c535f5ba549aa9c72f4a139985d43,`obt9LvgMr4ITlpa7CmXw9XtwqqRI,`JSAPI,`SUCCESS,`CCB_DEBIT,`CNY,`3.00,`0.00,`0,`0,`0.00,`0.00,`,`,`停车费用,`,`0.02000,`0.54%,`3.00,`0.00,`
`2026-04-28 16:05:23,`wxfc262f382d61c3db,`1723333380,`0,`,`4200003131202604288959845226,`0e60da10d7124050948fa39a4775ea26,`obt9Lvn0CgIbrpe5EVYT-8SwgtSI,`JSAPI,`SUCCESS,`OTHERS,`CNY,`3.00,`0.00,`0,`0,`0.00,`0.00,`,`,`停车费用,`,`0.02000,`0.54%,`3.00,`0.00,`
`2026-04-28 17:38:21,`wxfc262f382d61c3db,`1723333380,`0,`,`4200003132202604288756534404,`198ea5575d2c403094d6cff46aa60968,`obt9LvuLEZqOCPRpGRhHvonbxg4Y,`JSAPI,`SUCCESS,`OTHERS,`CNY,`3.00,`0.00,`0,`0,`0.00,`0.00,`,`,`停车费用,`,`0.02000,`0.54%,`3.00,`0.00,`
`2026-04-28 17:37:40,`wxfc262f382d61c3db,`1723333380,`0,`,`4200003133202604288358186944,`181e983bc510422ab367d4a0234da406,`obt9LvgzKlicJEY5T0U3OgtrvLa8,`JSAPI,`SUCCESS,`OTHERS,`CNY,`6.00,`0.00,`0,`0,`0.00,`0.00,`,`,`停车费用,`,`0.03000,`0.54%,`6.00,`0.00,`
`2026-04-28 10:50:55,`wxfc262f382d61c3db,`1723333380,`0,`,`4200003134202604280697462582,`8437f205ad36497382b8c508b332302f,`obt9Lvp49tkqOLfLkWJ-38_64AUU,`JSAPI,`SUCCESS,`CITIC_CREDIT,`CNY,`3.00,`0.00,`0,`0,`0.00,`0.00,`,`,`停车费用,`,`0.02000,`0.54%,`3.00,`0.00,`
`2026-04-28 17:24:51,`wxfc262f382d61c3db,`1723333380,`0,`,`4200003136202604280852976639,`115092351180438086a109274064ffb7,`obt9LvoV7IZP-9Jg8UVHsm5uvfpA,`JSAPI,`SUCCESS,`GDB_CREDIT,`CNY,`3.00,`0.00,`0,`0,`0.00,`0.00,`,`,`停车费用,`,`0.02000,`0.54%,`3.00,`0.00,`
`2026-04-28 10:50:28,`wxfc262f382d61c3db,`1723333380,`0,`,`4200003136202604286671992413,`941ce57a877849d4a4f8b95c0fa64e97,`obt9LvnV5WKX_3DVAONoJs6MtBHQ,`JSAPI,`SUCCESS,`OTHERS,`CNY,`3.00,`0.00,`0,`0,`0.00,`0.00,`,`,`停车费用,`,`0.02000,`0.54%,`3.00,`0.00,`
`2026-04-28 10:45:44,`wxfc262f382d61c3db,`1723333380,`0,`,`4200003138202604285307558956,`2f98f6d25090419397942f84515dee3e,`obt9LvqD9m8kn5qRo1IswMwOOIus,`JSAPI,`SUCCESS,`OTHERS,`CNY,`3.00,`0.00,`0,`0,`0.00,`0.00,`,`,`停车费用,`,`0.02000,`0.54%,`3.00,`0.00,`
`2026-04-28 10:31:51,`wxfc262f382d61c3db,`1723333380,`0,`,`4200003140202604289041664071,`9157445218b643e8bdcfa1eefca3db15,`obt9LvoBZSh9QCAZ6idwDDUqnZLo,`JSAPI,`SUCCESS,`OTHERS,`CNY,`3.00,`0.00,`0,`0,`0.00,`0.00,`,`,`停车费用,`,`0.02000,`0.54%,`3.00,`0.00,`
`2026-04-29 21:52:41,`wxfc262f382d61c3db,`1723333380,`0,`,`4200003049202604293776424737,`167026c8db834971ab5450e5056049cc,`obt9LvnV5WKX_3DVAONoJs6MtBHQ,`JSAPI,`SUCCESS,`OTHERS,`CNY,`3.00,`0.00,`0,`0,`0.00,`0.00,`,`,`停车费用,`,`0.02000,`0.54%,`3.00,`0.00,`
`2026-04-29 03:23:59,`wxfc262f382d61c3db,`1723333380,`0,`,`4200003051202604295812877059,`ce7126e4d7a24de0a3305a052639ebf0,`obt9Lvvmhm4Zo_ClRaaz_OXGIiLI,`JSAPI,`SUCCESS,`OTHERS,`CNY,`18.00,`0.00,`0,`0,`0.00,`0.00,`,`,`停车费用,`,`0.10000,`0.54%,`18.00,`0.00,`
`2026-04-29 10:46:41,`wxfc262f382d61c3db,`1723333380,`0,`,`4200003051202604299532488592,`7c887cf15e9245b1b927f0dea1014cd3,`obt9Lvss__01bD9wsU0vINDfNIMs,`JSAPI,`SUCCESS,`OTHERS,`CNY,`3.00,`0.00,`0,`0,`0.00,`0.00,`,`,`停车费用,`,`0.02000,`0.54%,`3.00,`0.00,`
`2026-04-29 11:07:53,`wxfc262f382d61c3db,`1723333380,`0,`,`4200003052202604290461051302,`864a72f153724881bc6aefe0adfa98a5,`obt9LvgeqF90DrZ21Me1l8g26tic,`JSAPI,`SUCCESS,`OTHERS,`CNY,`3.00,`0.00,`0,`0,`0.00,`0.00,`,`,`停车费用,`,`0.02000,`0.54%,`3.00,`0.00,`
`2026-04-29 08:58:06,`wxfc262f382d61c3db,`1723333380,`0,`,`4200003052202604293261896286,`52aed776aa8b4d5a8e04036b72237558,`obt9LvqvDhHcI_fNWgJGe90HxVaw,`JSAPI,`SUCCESS,`OTHERS,`CNY,`21.00,`0.00,`0,`0,`0.00,`0.00,`,`,`停车费用,`,`0.11000,`0.54%,`21.00,`0.00,`
`2026-04-29 20:09:50,`wxfc262f382d61c3db,`1723333380,`0,`,`4200003052202604298769618470,`5ecba4357b2541abb5cbde808f85e935,`obt9LvmvA87JJ4uzkAn94C8NeEiY,`JSAPI,`SUCCESS,`BANK_DEBIT,`CNY,`3.00,`0.00,`0,`0,`0.00,`0.00,`,`,`停车费用,`,`0.02000,`0.54%,`3.00,`0.00,`
`2026-04-29 18:19:26,`wxfc262f382d61c3db,`1723333380,`0,`,`4200003053202604293432201072,`1a8114ab47c84aa593ff96d2dd76de7d,`obt9LvhwxNX1ikTA8uQFIa0MIhiQ,`JSAPI,`SUCCESS,`CMB_CREDIT,`CNY,`9.00,`0.00,`0,`0,`0.00,`0.00,`,`,`停车费用,`,`0.05000,`0.54%,`9.00,`0.00,`
`2026-04-29 20:32:55,`wxfc262f382d61c3db,`1723333380,`0,`,`4200003054202604296650795483,`a1add21e486e40e7944fff7698a89071,`obt9LvrjNYnkHqYs80UfDsAwPXwA,`JSAPI,`SUCCESS,`OTHERS,`CNY,`3.00,`0.00,`0,`0,`0.00,`0.00,`,`,`停车费用,`,`0.02000,`0.54%,`3.00,`0.00,`
`2026-04-29 20:55:00,`wxfc262f382d61c3db,`1723333380,`0,`,`4200003055202604290754524620,`86c9a91be5b84a5c96ac0e7bfd28fdaa,`obt9LvpWfuT4yuRZ5LCfkTNVoCcg,`JSAPI,`SUCCESS,`OTHERS,`CNY,`3.00,`0.00,`0,`0,`0.00,`0.00,`,`,`停车费用,`,`0.02000,`0.54%,`3.00,`0.00,`
`2026-04-29 15:16:53,`wxfc262f382d61c3db,`1723333380,`0,`,`4200003057202604294290953694,`1316b49534214f6995215ecac512ad40,`obt9Lvqtg65f52oxvITWq57I5nqs,`JSAPI,`SUCCESS,`ABC_DEBIT,`CNY,`6.00,`0.00,`0,`0,`0.00,`0.00,`,`,`停车费用,`,`0.03000,`0.54%,`6.00,`0.00,`
`2026-04-29 12:07:52,`wxfc262f382d61c3db,`1723333380,`0,`,`4200003058202604299593921767,`ea937a33c50647988edf3069e20a5638,`obt9LviBVPu1GYpANvfGWD6rDXFk,`JSAPI,`SUCCESS,`OTHERS,`CNY,`6.00,`0.00,`0,`0,`0.00,`0.00,`,`,`停车费用,`,`0.03000,`0.54%,`6.00,`0.00,`
`2026-04-29 18:34:16,`wxfc262f382d61c3db,`1723333380,`0,`,`4200003059202604291241981853,`c21f42f031144bc6a4997e63607962b6,`obt9LvkDqjI8Ac8kN_EqqEC83jbE,`JSAPI,`SUCCESS,`OTHERS,`CNY,`9.00,`0.00,`0,`0,`0.00,`0.00,`,`,`停车费用,`,`0.05000,`0.54%,`9.00,`0.00,`
`2026-04-29 15:34:53,`wxfc262f382d61c3db,`1723333380,`0,`,`4200003061202604292461197487,`ca87861aedc6480a8a82d922bce5b050,`obt9LvoukNujPFE3lRM7mIeGkHv8,`JSAPI,`SUCCESS,`GDB_CREDIT,`CNY,`3.00,`0.00,`0,`0,`0.00,`0.00,`,`,`停车费用,`,`0.02000,`0.54%,`3.00,`0.00,`
`2026-04-29 13:00:36,`wxfc262f382d61c3db,`1723333380,`0,`,`4200003063202604291062818635,`54dc0391e0494a7797441001fcf64d4b,`obt9Lvnb4zWaxP6gYTCNjBI5Ht-8,`JSAPI,`SUCCESS,`PSBC_CREDIT,`CNY,`3.00,`0.00,`0,`0,`0.00,`0.00,`,`,`停车费用,`,`0.02000,`0.54%,`3.00,`0.00,`
`2026-04-29 16:11:57,`wxfc262f382d61c3db,`1723333380,`0,`,`4200003064202604295950674980,`35f6d27aa30642fd8cb8ab187b1000c0,`obt9Lvq5cRDJhSIF1xCHXfa4QBcI,`JSAPI,`SUCCESS,`OTHERS,`CNY,`3.00,`0.00,`0,`0,`0.00,`0.00,`,`,`停车费用,`,`0.02000,`0.54%,`3.00,`0.00,`
`2026-04-29 13:16:58,`wxfc262f382d61c3db,`1723333380,`0,`,`4200003064202604296338682398,`e7273f7b045c43dd8a1fb647097f8c43,`obt9LvvO34YOZtCzptrUp1NKTw1Q,`JSAPI,`SUCCESS,`OTHERS,`CNY,`3.00,`0.00,`0,`0,`0.00,`0.00,`,`,`停车费用,`,`0.02000,`0.54%,`3.00,`0.00,`
`2026-04-29 17:46:18,`wxfc262f382d61c3db,`1723333380,`0,`,`4200003065202604298709579178,`6853761aa15548a7b624e22d1db157aa,`obt9Lvkvo3eByxWpMtIfUllZW3Es,`JSAPI,`SUCCESS,`CCB_DEBIT,`CNY,`6.00,`0.00,`0,`0,`0.00,`0.00,`,`,`停车费用,`,`0.03000,`0.54%,`6.00,`0.00,`
`2026-04-29 12:18:03,`wxfc262f382d61c3db,`1723333380,`0,`,`4200003066202604296262453446,`1c02bebbbdf84950a899f7d8c7177bf4,`obt9LvtrOhaVgY3wwyAjqOqseIjU,`JSAPI,`SUCCESS,`COMM_CREDIT,`CNY,`3.00,`0.00,`0,`0,`0.00,`0.00,`,`,`停车费用,`,`0.02000,`0.54%,`3.00,`0.00,`
`2026-04-29 21:39:24,`wxfc262f382d61c3db,`1723333380,`0,`,`4200003067202604296214352300,`007465a8e7bd4c1781c29d9474267fee,`obt9LvpZmy6z67cnnDv4giSmFuQ8,`JSAPI,`SUCCESS,`OTHERS,`CNY,`9.00,`0.00,`0,`0,`0.00,`0.00,`,`,`停车费用,`,`0.05000,`0.54%,`9.00,`0.00,`
`2026-04-29 21:35:37,`wxfc262f382d61c3db,`1723333380,`0,`,`4200003069202604292612723883,`208fab67ce404334a141de044edd43bb,`obt9LvjI1_tKjHWCKVVmoen3i_SQ,`JSAPI,`SUCCESS,`OTHERS,`CNY,`9.00,`0.00,`0,`0,`0.00,`0.00,`,`,`停车费用,`,`0.05000,`0.54%,`9.00,`0.00,`
`2026-04-29 17:04:58,`wxfc262f382d61c3db,`1723333380,`0,`,`4200003069202604295552760927,`4f449d2c8ad84cb988fb4de6add1ca29,`obt9LvgzKlicJEY5T0U3OgtrvLa8,`JSAPI,`SUCCESS,`OTHERS,`CNY,`3.00,`0.00,`0,`0,`0.00,`0.00,`,`,`停车费用,`,`0.02000,`0.54%,`3.00,`0.00,`
`2026-04-29 20:03:44,`wxfc262f382d61c3db,`1723333380,`0,`,`4200003072202604294391833646,`4979a2b2cb51433e9c328c628f91b86c,`obt9Lvt3oq49rEK2nWpBJTAg_Mkw,`JSAPI,`SUCCESS,`OTHERS,`CNY,`3.00,`0.00,`0,`0,`0.00,`0.00,`,`,`停车费用,`,`0.02000,`0.54%,`3.00,`0.00,`
`2026-04-29 18:15:43,`wxfc262f382d61c3db,`1723333380,`0,`,`4200003073202604295768074540,`0dec2a388bff46b18e6d4e92481e663b,`obt9LvrIdp5bl6TxenR8tsytVNd0,`JSAPI,`SUCCESS,`OTHERS,`CNY,`15.00,`0.00,`0,`0,`0.00,`0.00,`,`,`停车费用,`,`0.08000,`0.54%,`15.00,`0.00,`
`2026-04-29 19:53:40,`wxfc262f382d61c3db,`1723333380,`0,`,`4200003076202604296941724887,`24af58eaaf8f41f3add8ad6c60e448d2,`obt9LvovOtpwnkk7HiLcqigWhHYg,`JSAPI,`SUCCESS,`OTHERS,`CNY,`3.00,`0.00,`0,`0,`0.00,`0.00,`,`,`停车费用,`,`0.02000,`0.54%,`3.00,`0.00,`
`2026-04-29 16:03:15,`wxfc262f382d61c3db,`1723333380,`0,`,`4200003083202604291124280046,`f547d7e289b7444cb152611c0f953aef,`obt9Lvu4StS37OAHoykJ-vaeTRak,`JSAPI,`SUCCESS,`OTHERS,`CNY,`3.00,`0.00,`0,`0,`0.00,`0.00,`,`,`停车费用,`,`0.02000,`0.54%,`3.00,`0.00,`
`2026-04-29 18:06:28,`wxfc262f382d61c3db,`1723333380,`0,`,`4200003089202604291033422217,`61440223296d462ea9a978405842e619,`obt9Lvuqs43rFxI3dQnbCfpFIckw,`JSAPI,`SUCCESS,`UPQUICKPASS_CREDIT,`CNY,`3.00,`0.00,`0,`0,`0.00,`0.00,`,`,`停车费用,`,`0.02000,`0.54%,`3.00,`0.00,`
`2026-04-29 19:53:37,`wxfc262f382d61c3db,`1723333380,`0,`,`4200003091202604291074349215,`d92c9a9d56034d099f8479aa87948eaf,`obt9Lvg8zc_bF5ZioROx0HJ4yEtU,`JSAPI,`SUCCESS,`OTHERS,`CNY,`3.00,`0.00,`0,`0,`0.00,`0.00,`,`,`停车费用,`,`0.02000,`0.54%,`3.00,`0.00,`
`2026-04-29 19:23:47,`wxfc262f382d61c3db,`1723333380,`0,`,`4200003092202604293513718264,`583b0bf73b55469892eefcab5401ad62,`obt9LvpROFOANdId0xw9kpRcr3R8,`JSAPI,`SUCCESS,`OTHERS,`CNY,`9.00,`0.00,`0,`0,`0.00,`0.00,`,`,`停车费用,`,`0.05000,`0.54%,`9.00,`0.00,`
`2026-04-29 18:20:08,`wxfc262f382d61c3db,`1723333380,`0,`,`4200003095202604299197785621,`416307ff12214e619315fb6176f8f5cb,`obt9LvrIdp5bl6TxenR8tsytVNd0,`JSAPI,`SUCCESS,`OTHERS,`CNY,`15.00,`0.00,`0,`0,`0.00,`0.00,`,`,`停车费用,`,`0.08000,`0.54%,`15.00,`0.00,`
`2026-04-29 21:24:54,`wxfc262f382d61c3db,`1723333380,`0,`,`4200003096202604297243900109,`ba9529ad61034cc7a76662413252b3e4,`obt9LvoBZSh9QCAZ6idwDDUqnZLo,`JSAPI,`SUCCESS,`PAB_CREDIT,`CNY,`3.00,`0.00,`0,`0,`0.00,`0.00,`,`,`停车费用,`,`0.02000,`0.54%,`3.00,`0.00,`
`2026-04-29 20:33:42,`wxfc262f382d61c3db,`1723333380,`0,`,`4200003127202604292362354678,`9e74863102804a02a018ed5234bd25c6,`obt9LvnWRfVwlx63HX8DiHdw-3uw,`JSAPI,`SUCCESS,`OTHERS,`CNY,`6.00,`0.00,`0,`0,`0.00,`0.00,`,`,`停车费用,`,`0.03000,`0.54%,`6.00,`0.00,`
`2026-04-29 10:46:33,`wxfc262f382d61c3db,`1723333380,`0,`,`4200003128202604299819367301,`da0973a44e7847e9a2a6c57df9de49ba,`obt9LvgUoUHOMQmCawZS_Ud8gCcE,`JSAPI,`SUCCESS,`CEB_CREDIT,`CNY,`3.00,`0.00,`0,`0,`0.00,`0.00,`,`,`停车费用,`,`0.02000,`0.54%,`3.00,`0.00,`
`2026-04-29 12:20:18,`wxfc262f382d61c3db,`1723333380,`0,`,`4200003129202604292984585798,`ea5e5821feda40fe94215319d3cfb52a,`obt9LvgikPQhPUfFsfHbAVOAxHSA,`JSAPI,`SUCCESS,`ICBC_DEBIT,`CNY,`3.00,`0.00,`0,`0,`0.00,`0.00,`,`,`停车费用,`,`0.02000,`0.54%,`3.00,`0.00,`
`2026-04-29 11:15:28,`wxfc262f382d61c3db,`1723333380,`0,`,`4200003129202604296643231771,`06f764b6e81d49f4a347f0c266a2cb99,`obt9LvmN4y8MBFEOSM3VlMAqUyUw,`JSAPI,`SUCCESS,`OTHERS,`CNY,`3.00,`0.00,`0,`0,`0.00,`0.00,`,`,`停车费用,`,`0.02000,`0.54%,`3.00,`0.00,`
`2026-04-29 10:45:51,`wxfc262f382d61c3db,`1723333380,`0,`,`4200003130202604290218811461,`7a7514313d1444b2a4ede91c4be3c780,`obt9LvgzKlicJEY5T0U3OgtrvLa8,`JSAPI,`SUCCESS,`OTHERS,`CNY,`3.00,`0.00,`0,`0,`0.00,`0.00,`,`,`停车费用,`,`0.02000,`0.54%,`3.00,`0.00,`
`2026-04-29 21:11:47,`wxfc262f382d61c3db,`1723333380,`0,`,`4200003130202604296100864585,`9c7e00c0cc884b349fc5ecb7a8035719,`obt9Lvl2Emr6ujU9a-8zPKbfP3zM,`JSAPI,`SUCCESS,`OTHERS,`CNY,`3.00,`0.00,`0,`0,`0.00,`0.00,`,`,`停车费用,`,`0.02000,`0.54%,`3.00,`0.00,`
`2026-04-29 21:34:00,`wxfc262f382d61c3db,`1723333380,`0,`,`4200003132202604292046645056,`528b091eb84e46e6a9e935021e59b948,`obt9LvqC1F6UBewL1DTG46m8UKXs,`JSAPI,`SUCCESS,`PAB_DEBIT,`CNY,`3.00,`0.00,`0,`0,`0.00,`0.00,`,`,`停车费用,`,`0.02000,`0.54%,`3.00,`0.00,`
`2026-04-29 21:49:05,`wxfc262f382d61c3db,`1723333380,`0,`,`4200003132202604292717994577,`ec3e514f3b2c4893b7ce998b4a0e5daf,`obt9LvoQuah0EwrmtVhXJQdCZxbg,`JSAPI,`SUCCESS,`OTHERS,`CNY,`6.00,`0.00,`0,`0,`0.00,`0.00,`,`,`停车费用,`,`0.03000,`0.54%,`6.00,`0.00,`
`2026-04-29 22:24:55,`wxfc262f382d61c3db,`1723333380,`0,`,`4200003132202604296802581155,`8a1e81b87ac8435689727ab087be9f28,`obt9LvqDNHAfYbPiVL0FgmBIsMIY,`JSAPI,`SUCCESS,`OTHERS,`CNY,`3.00,`0.00,`0,`0,`0.00,`0.00,`,`,`停车费用,`,`0.02000,`0.54%,`3.00,`0.00,`
`2026-04-29 18:47:03,`wxfc262f382d61c3db,`1723333380,`0,`,`4200003137202604292870999803,`4de9c48f6fc5415a85b3d3fa5bb11fff,`obt9LviO146Qpy6agML4Jw7sxkmU,`JSAPI,`SUCCESS,`OTHERS,`CNY,`3.00,`0.00,`0,`0,`0.00,`0.00,`,`,`停车费用,`,`0.02000,`0.54%,`3.00,`0.00,`
`2026-04-29 21:12:33,`wxfc262f382d61c3db,`1723333380,`0,`,`4200003137202604294534537829,`ad5f415107914ca8aac318143f465c23,`obt9LvmVmzcrzvTNlOvBpNbRrFWI,`JSAPI,`SUCCESS,`OTHERS,`CNY,`3.00,`0.00,`0,`0,`0.00,`0.00,`,`,`停车费用,`,`0.02000,`0.54%,`3.00,`0.00,`
`2026-04-30 10:45:27,`wxfc262f382d61c3db,`1723333380,`0,`,`4200003050202604301130412594,`379221ebfff64e47880cd8baaf9694cb,`obt9LvsMjGT6Qsc-PWQxnHkwfX4s,`JSAPI,`SUCCESS,`OTHERS,`CNY,`3.00,`0.00,`0,`0,`0.00,`0.00,`,`,`停车费用,`,`0.02000,`0.54%,`3.00,`0.00,`
`2026-04-30 20:15:03,`wxfc262f382d61c3db,`1723333380,`0,`,`4200003051202604303482159833,`fb8f0364d70f49ab9af97c463b858c98,`obt9LvigwWl2G2RuyqNSKL909SqM,`JSAPI,`SUCCESS,`OTHERS,`CNY,`3.00,`0.00,`0,`0,`0.00,`0.00,`,`,`停车费用,`,`0.02000,`0.54%,`3.00,`0.00,`
`2026-04-30 11:18:27,`wxfc262f382d61c3db,`1723333380,`0,`,`4200003053202604303076915281,`9a4aac97440a4dab915a72b3c51d813e,`obt9Lvp-ZwCtyglOhY-JshlM_nHw,`JSAPI,`SUCCESS,`OTHERS,`CNY,`3.00,`0.00,`0,`0,`0.00,`0.00,`,`,`停车费用,`,`0.02000,`0.54%,`3.00,`0.00,`
`2026-04-30 21:40:30,`wxfc262f382d61c3db,`1723333380,`0,`,`4200003054202604300185173237,`c2660f6e5c584db3ad988debea7a22b8,`obt9LvjI1_tKjHWCKVVmoen3i_SQ,`JSAPI,`SUCCESS,`OTHERS,`CNY,`3.00,`0.00,`0,`0,`0.00,`0.00,`,`,`停车费用,`,`0.02000,`0.54%,`3.00,`0.00,`
`2026-04-30 12:10:02,`wxfc262f382d61c3db,`1723333380,`0,`,`4200003056202604309082439607,`f8e463d968b341b6a4a9993918c69f41,`obt9LviBVPu1GYpANvfGWD6rDXFk,`JSAPI,`SUCCESS,`OTHERS,`CNY,`6.00,`0.00,`0,`0,`0.00,`0.00,`,`,`停车费用,`,`0.03000,`0.54%,`6.00,`0.00,`
`2026-04-30 10:34:19,`wxfc262f382d61c3db,`1723333380,`0,`,`4200003058202604301644793105,`b33035d407a040c4a9f5fff42b3e245e,`obt9Lvih882QTYBOXxHK5XvDBjaM,`JSAPI,`SUCCESS,`OTHERS,`CNY,`3.00,`0.00,`0,`0,`0.00,`0.00,`,`,`停车费用,`,`0.02000,`0.54%,`3.00,`0.00,`
`2026-04-30 21:09:50,`wxfc262f382d61c3db,`1723333380,`0,`,`4200003058202604306275395755,`245a4718bc3a4e7f930398a79e5f8137,`obt9LvpEg1zRIEz1I5TE-iO_odbs,`JSAPI,`SUCCESS,`OTHERS,`CNY,`3.00,`0.00,`0,`0,`0.00,`0.00,`,`,`停车费用,`,`0.02000,`0.54%,`3.00,`0.00,`
`2026-04-30 17:46:42,`wxfc262f382d61c3db,`1723333380,`0,`,`4200003059202604306980312085,`ab59b59b84e342cdb5b99b6939a23cb6,`obt9Lvq5k8LFsIpQ8_EXSVVphtkQ,`JSAPI,`SUCCESS,`CCB_DEBIT,`CNY,`3.00,`0.00,`0,`0,`0.00,`0.00,`,`,`停车费用,`,`0.02000,`0.54%,`3.00,`0.00,`
`2026-04-30 11:03:43,`wxfc262f382d61c3db,`1723333380,`0,`,`4200003060202604301078041829,`0c60f77a4f18453f989dcd9f316ffe42,`obt9LvrxoOlnSfzUs8FeFfcIik6M,`JSAPI,`SUCCESS,`OTHERS,`CNY,`3.00,`0.00,`0,`0,`0.00,`0.00,`,`,`停车费用,`,`0.02000,`0.54%,`3.00,`0.00,`
`2026-04-30 21:44:36,`wxfc262f382d61c3db,`1723333380,`0,`,`4200003061202604308589057260,`4bbd8f0899264917ab5e8909c6fbe9c1,`obt9LvqI4zq7HY65FxPApkJHloVI,`JSAPI,`SUCCESS,`OTHERS,`CNY,`9.00,`0.00,`0,`0,`0.00,`0.00,`,`,`停车费用,`,`0.05000,`0.54%,`9.00,`0.00,`
`2026-04-30 16:04:59,`wxfc262f382d61c3db,`1723333380,`0,`,`4200003063202604306037944133,`89e19a5182c046ff8e85539aa33c8af5,`obt9LvsMjGT6Qsc-PWQxnHkwfX4s,`JSAPI,`SUCCESS,`OTHERS,`CNY,`3.00,`0.00,`0,`0,`0.00,`0.00,`,`,`停车费用,`,`0.02000,`0.54%,`3.00,`0.00,`
`2026-04-30 12:17:35,`wxfc262f382d61c3db,`1723333380,`0,`,`4200003063202604308697511421,`df80f32dec844a588de172790b250655,`obt9LvhGWAkbVPWgEWdU8azYt3UU,`JSAPI,`SUCCESS,`CCB_CREDIT,`CNY,`6.00,`3.00,`0,`0,`0.00,`0.00,`,`,`停车费用,`,`0.03000,`0.54%,`6.00,`0.00,`
`2026-04-30 10:52:31,`wxfc262f382d61c3db,`1723333380,`0,`,`4200003064202604308360117201,`f3568901124e4074939faf9e0e941321,`obt9LvsP15QrU85gJmqzz6uQ1FDQ,`JSAPI,`SUCCESS,`OTHERS,`CNY,`3.00,`0.00,`0,`0,`0.00,`0.00,`,`,`停车费用,`,`0.02000,`0.54%,`3.00,`0.00,`
`2026-04-30 13:19:27,`wxfc262f382d61c3db,`1723333380,`0,`,`4200003065202604304096322207,`63285b5d746b42e5b0899ced4382ce2e,`obt9Lvnf0_jJU0oyxNXd2j0F09SI,`JSAPI,`SUCCESS,`OTHERS,`CNY,`3.00,`0.00,`0,`0,`0.00,`0.00,`,`,`停车费用,`,`0.02000,`0.54%,`3.00,`0.00,`
`2026-04-30 13:04:48,`wxfc262f382d61c3db,`1723333380,`0,`,`4200003065202604305543704303,`058f3ebad1104774a6484aab14ddea8b,`obt9LvixGNRskK9i-CRNY6_6QeVQ,`JSAPI,`SUCCESS,`CCB_DEBIT,`CNY,`6.00,`0.00,`0,`0,`0.00,`0.00,`,`,`停车费用,`,`0.03000,`0.54%,`6.00,`0.00,`
`2026-04-30 18:33:26,`wxfc262f382d61c3db,`1723333380,`0,`,`4200003066202604301508225889,`c172a663e0314de098d03b370fda09f5,`obt9LvvhpaE8Df1tvqrU2elNyhE4,`JSAPI,`SUCCESS,`PAB_CREDIT,`CNY,`3.00,`0.00,`0,`0,`0.00,`0.00,`,`,`停车费用,`,`0.02000,`0.54%,`3.00,`0.00,`
`2026-04-30 11:27:42,`wxfc262f382d61c3db,`1723333380,`0,`,`4200003069202604303218038534,`e84802347ae04953977086597ff8b1e7,`obt9Lvof84f65M-vlNsOPiegNjOc,`JSAPI,`SUCCESS,`OTHERS,`CNY,`3.00,`0.00,`0,`0,`0.00,`0.00,`,`,`停车费用,`,`0.02000,`0.54%,`3.00,`0.00,`
`2026-04-30 18:13:41,`wxfc262f382d61c3db,`1723333380,`0,`,`4200003070202604301191826164,`791d27dd914246ce90ef78dbfc581334,`obt9LvnV5WKX_3DVAONoJs6MtBHQ,`JSAPI,`SUCCESS,`OTHERS,`CNY,`3.00,`0.00,`0,`0,`0.00,`0.00,`,`,`停车费用,`,`0.02000,`0.54%,`3.00,`0.00,`
`2026-04-30 11:01:16,`wxfc262f382d61c3db,`1723333380,`0,`,`4200003070202604303349453304,`625928c2c44c414f854f5934eee6611c,`obt9LvtwwThKKxLYMDSfOBi6_WAo,`JSAPI,`SUCCESS,`PAB_CREDIT,`CNY,`3.00,`0.00,`0,`0,`0.00,`0.00,`,`,`停车费用,`,`0.02000,`0.54%,`3.00,`0.00,`
`2026-04-30 20:40:18,`wxfc262f382d61c3db,`1723333380,`0,`,`4200003078202604308062923416,`a3304689c8f54dafa667880e69de2c59,`obt9Lvv1lWt-HI8XPssZeJMlbz2g,`JSAPI,`SUCCESS,`HUNNX_DEBIT,`CNY,`6.00,`0.00,`0,`0,`0.00,`0.00,`,`,`停车费用,`,`0.03000,`0.54%,`6.00,`0.00,`
`2026-04-30 21:22:23,`wxfc262f382d61c3db,`1723333380,`0,`,`4200003079202604301042314583,`812d08fe0b244166b308a7516b764e1f,`obt9LvpWfuT4yuRZ5LCfkTNVoCcg,`JSAPI,`SUCCESS,`OTHERS,`CNY,`3.00,`0.00,`0,`0,`0.00,`0.00,`,`,`停车费用,`,`0.02000,`0.54%,`3.00,`0.00,`
`2026-04-30 15:27:07,`wxfc262f382d61c3db,`1723333380,`0,`,`4200003079202604302777837021,`c9e6aa120e45456b89cf5578e8b46d61,`obt9Lvui9U4WNw9OPj_NZ0Hgc0kA,`JSAPI,`SUCCESS,`ABC_DEBIT,`CNY,`3.00,`0.00,`0,`0,`0.00,`0.00,`,`,`停车费用,`,`0.02000,`0.54%,`3.00,`0.00,`
`2026-04-30 17:42:34,`wxfc262f382d61c3db,`1723333380,`0,`,`4200003079202604304505697654,`70c6bbdb4db94bd1a9f204e48c43c9be,`obt9Lvkvo3eByxWpMtIfUllZW3Es,`JSAPI,`SUCCESS,`CCB_DEBIT,`CNY,`3.00,`0.00,`0,`0,`0.00,`0.00,`,`,`停车费用,`,`0.02000,`0.54%,`3.00,`0.00,`
`2026-04-30 07:51:25,`wxfc262f382d61c3db,`1723333380,`0,`,`4200003081202604300546112255,`a641aa12921c4c178e3262257096d741,`obt9LvqvDhHcI_fNWgJGe90HxVaw,`JSAPI,`SUCCESS,`OTHERS,`CNY,`21.00,`0.00,`0,`0,`0.00,`0.00,`,`,`停车费用,`,`0.11000,`0.54%,`21.00,`0.00,`
`2026-04-30 10:53:39,`wxfc262f382d61c3db,`1723333380,`0,`,`4200003082202604300830250788,`0dd0398890b449cf826f09b69aa30369,`obt9Lvv_FkueH22RX3kDdgc0glxw,`JSAPI,`SUCCESS,`OTHERS,`CNY,`3.00,`0.00,`0,`0,`0.00,`0.00,`,`,`停车费用,`,`0.02000,`0.54%,`3.00,`0.00,`
`2026-04-30 17:31:35,`wxfc262f382d61c3db,`1723333380,`0,`,`4200003082202604301150296057,`b500329bbc264c95beefa848c0405347,`obt9LvgOTNvadCVcJwr0mkVoA7ss,`JSAPI,`SUCCESS,`OTHERS,`CNY,`3.00,`0.00,`0,`0,`0.00,`0.00,`,`,`停车费用,`,`0.02000,`0.54%,`3.00,`0.00,`
`2026-04-30 20:56:02,`wxfc262f382d61c3db,`1723333380,`0,`,`4200003082202604305489621893,`c6927d41746d441f94a82ac46ab7a156,`obt9LviO146Qpy6agML4Jw7sxkmU,`JSAPI,`SUCCESS,`OTHERS,`CNY,`3.00,`0.00,`0,`0,`0.00,`0.00,`,`,`停车费用,`,`0.02000,`0.54%,`3.00,`0.00,`
`2026-04-30 21:42:30,`wxfc262f382d61c3db,`1723333380,`0,`,`4200003083202604307583482495,`7d021e1e42c444f9aae83de5f82dd412,`obt9LvjmAl0J74wi-WJxAJTdZmo0,`JSAPI,`SUCCESS,`ICBC_DEBIT,`CNY,`3.00,`0.00,`0,`0,`0.00,`0.00,`,`,`停车费用,`,`0.02000,`0.54%,`3.00,`0.00,`
`2026-04-30 11:27:23,`wxfc262f382d61c3db,`1723333380,`0,`,`4200003085202604309674982054,`1eebbe07f0c24fb4ad406e8d1b5581bd,`obt9LvgzKlicJEY5T0U3OgtrvLa8,`JSAPI,`SUCCESS,`OTHERS,`CNY,`6.00,`0.00,`0,`0,`0.00,`0.00,`,`,`停车费用,`,`0.03000,`0.54%,`6.00,`0.00,`
`2026-04-30 18:29:06,`wxfc262f382d61c3db,`1723333380,`0,`,`4200003088202604307449576374,`2d85236ebfdb422b86881612a77c3711,`obt9LvnNHv38A3j2sIDtA3i1rju4,`JSAPI,`SUCCESS,`OTHERS,`CNY,`15.00,`0.00,`0,`0,`0.00,`0.00,`,`,`停车费用,`,`0.08000,`0.54%,`15.00,`0.00,`
`2026-04-30 17:35:57,`wxfc262f382d61c3db,`1723333380,`0,`,`4200003089202604301340668359,`36c3a24a17404ae88ce98afaa3bcc382,`obt9LvpxPj2zvWu0YFjuqfK_2HRM,`JSAPI,`SUCCESS,`OTHERS,`CNY,`3.00,`0.00,`0,`0,`0.00,`0.00,`,`,`停车费用,`,`0.02000,`0.54%,`3.00,`0.00,`
`2026-04-30 10:59:09,`wxfc262f382d61c3db,`1723333380,`0,`,`4200003090202604302517927531,`9e427adfae294dd7aa043f66dbb5ade4,`obt9Lvvn2bnvLVh_chEW5l-jjGMM,`JSAPI,`SUCCESS,`OTHERS,`CNY,`3.00,`0.00,`0,`0,`0.00,`0.00,`,`,`停车费用,`,`0.02000,`0.54%,`3.00,`0.00,`
`2026-04-30 10:56:55,`wxfc262f382d61c3db,`1723333380,`0,`,`4200003091202604301760069077,`0ef04fdc95374a36868cc411fcd7a9a1,`obt9Lvp49tkqOLfLkWJ-38_64AUU,`JSAPI,`SUCCESS,`CITIC_CREDIT,`CNY,`3.00,`0.00,`0,`0,`0.00,`0.00,`,`,`停车费用,`,`0.02000,`0.54%,`3.00,`0.00,`
`2026-04-30 11:06:06,`wxfc262f382d61c3db,`1723333380,`0,`,`4200003093202604307162294750,`3358d8b4b6ab4c2f81ed0733f7779ce1,`obt9LvkCl8YV1WUWRh-5Jxyp2DbQ,`JSAPI,`SUCCESS,`OTHERS,`CNY,`3.00,`0.00,`0,`0,`0.00,`0.00,`,`,`停车费用,`,`0.02000,`0.54%,`3.00,`0.00,`
`2026-04-30 14:45:56,`wxfc262f382d61c3db,`1723333380,`0,`,`4200003095202604306185721473,`e92c7d6b195749ae9c6777d24cfacc62,`obt9LvuUf-K3wTITgSsNxSZ3O52w,`JSAPI,`SUCCESS,`OTHERS,`CNY,`3.00,`0.00,`0,`0,`0.00,`0.00,`,`,`停车费用,`,`0.02000,`0.54%,`3.00,`0.00,`
`2026-04-30 11:15:40,`wxfc262f382d61c3db,`1723333380,`0,`,`4200003095202604306235571015,`a24587db69124dc09fe20631b0eec281,`obt9LvqD9m8kn5qRo1IswMwOOIus,`JSAPI,`SUCCESS,`PAB_DEBIT,`CNY,`3.00,`0.00,`0,`0,`0.00,`0.00,`,`,`停车费用,`,`0.02000,`0.54%,`3.00,`0.00,`
`2026-04-30 21:40:27,`wxfc262f382d61c3db,`1723333380,`0,`,`4200003095202604306861921622,`7886803082c24f1fa6512e8104b44fe9,`obt9LvqxNuwfW99xoTidARQttOGY,`JSAPI,`SUCCESS,`OTHERS,`CNY,`6.00,`0.00,`0,`0,`0.00,`0.00,`,`,`停车费用,`,`0.03000,`0.54%,`6.00,`0.00,`
`2026-04-30 21:17:15,`wxfc262f382d61c3db,`1723333380,`0,`,`4200003095202604309070253681,`b3544f1f3c7b44d5a50862feb93f4eae,`obt9Lvmt26Zs8BcIwSbcymJMdBXo,`JSAPI,`SUCCESS,`HRXJB_DEBIT,`CNY,`6.00,`0.00,`0,`0,`0.00,`0.00,`,`,`停车费用,`,`0.03000,`0.54%,`6.00,`0.00,`
`2026-04-30 16:36:51,`wxfc262f382d61c3db,`1723333380,`0,`,`4200003126202604301600192588,`f09d9006834f4886867ae8638d6c6c02,`obt9LviO146Qpy6agML4Jw7sxkmU,`JSAPI,`SUCCESS,`OTHERS,`CNY,`3.00,`0.00,`0,`0,`0.00,`0.00,`,`,`停车费用,`,`0.02000,`0.54%,`3.00,`0.00,`
`2026-04-30 20:55:32,`wxfc262f382d61c3db,`1723333380,`0,`,`4200003126202604306396958641,`787824ea67dc4d688d9b7320b7977226,`obt9LvkikMiqsHZ907gUpNMLhe70,`JSAPI,`SUCCESS,`BANK_DEBIT,`CNY,`3.00,`0.00,`0,`0,`0.00,`0.00,`,`,`停车费用,`,`0.02000,`0.54%,`3.00,`0.00,`
`2026-04-30 20:39:58,`wxfc262f382d61c3db,`1723333380,`0,`,`4200003127202604302095613880,`42fc8dbf22c44fd6b28c07a3966aa103,`obt9LvmvA87JJ4uzkAn94C8NeEiY,`JSAPI,`SUCCESS,`BANK_DEBIT,`CNY,`3.00,`0.00,`0,`0,`0.00,`0.00,`,`,`停车费用,`,`0.02000,`0.54%,`3.00,`0.00,`
`2026-04-30 17:12:48,`wxfc262f382d61c3db,`1723333380,`0,`,`4200003127202604306631260682,`b25c3eeed2ae473788d63e33f9f9de7e,`obt9LvuInODudcD_puKV0sZBF_1U,`JSAPI,`SUCCESS,`ABC_DEBIT,`CNY,`6.00,`0.00,`0,`0,`0.00,`0.00,`,`,`停车费用,`,`0.03000,`0.54%,`6.00,`0.00,`
`2026-04-30 21:19:49,`wxfc262f382d61c3db,`1723333380,`0,`,`4200003127202604309403406150,`a3b7922feb6146a98f65dc9fde524354,`obt9LvuemKW1prMlk7nCMkhj41Cw,`JSAPI,`SUCCESS,`OTHERS,`CNY,`6.00,`0.00,`0,`0,`0.00,`0.00,`,`,`停车费用,`,`0.03000,`0.54%,`6.00,`0.00,`
`2026-04-30 11:45:05,`wxfc262f382d61c3db,`1723333380,`0,`,`4200003128202604308304718429,`37f2e1c00f8f4e00a13fcbac615a38ae,`obt9LvqC1F6UBewL1DTG46m8UKXs,`JSAPI,`SUCCESS,`CCB_DEBIT,`CNY,`6.00,`0.00,`0,`0,`0.00,`0.00,`,`,`停车费用,`,`0.03000,`0.54%,`6.00,`0.00,`
`2026-04-30 10:36:13,`wxfc262f382d61c3db,`1723333380,`0,`,`4200003133202604306452869012,`0362e9691621430581876a2b80ba7689,`obt9LvvkuRyB0VnAw_Ik5-54kTeQ,`JSAPI,`SUCCESS,`PAB_CREDIT,`CNY,`3.00,`0.00,`0,`0,`0.00,`0.00,`,`,`停车费用,`,`0.02000,`0.54%,`3.00,`0.00,`
`2026-04-30 10:46:22,`wxfc262f382d61c3db,`1723333380,`0,`,`4200003135202604306250852257,`b74fdc0bdad243a1adb48dafeaf61f38,`obt9LvoBZSh9QCAZ6idwDDUqnZLo,`JSAPI,`SUCCESS,`OTHERS,`CNY,`3.00,`0.00,`0,`0,`0.00,`0.00,`,`,`停车费用,`,`0.02000,`0.54%,`3.00,`0.00,`
`2026-04-30 10:59:47,`wxfc262f382d61c3db,`1723333380,`0,`,`4200003135202604306810133013,`44d822cf741e425faaff617984b7d5d6,`obt9LvuT5jYgwdg_5o4R8O6GRVQs,`JSAPI,`SUCCESS,`OTHERS,`CNY,`3.00,`0.00,`0,`0,`0.00,`0.00,`,`,`停车费用,`,`0.02000,`0.54%,`3.00,`0.00,`
`2026-04-30 21:40:32,`wxfc262f382d61c3db,`1723333380,`0,`,`4200003136202604304467252451,`0b52463581e148e69ca178415476fa71,`obt9LvmefYyMGm80gKVsIESJm1Jw,`JSAPI,`SUCCESS,`OTHERS,`CNY,`3.00,`0.00,`0,`0,`0.00,`0.00,`,`,`停车费用,`,`0.02000,`0.54%,`3.00,`0.00,`
`2026-04-30 12:07:21,`wxfc262f382d61c3db,`1723333380,`0,`,`4200003136202604304871326773,`80732e40b3694487a35bc6e85b6bfb02,`obt9LvqhZ9owWqHo3oUy5yzpTlD0,`JSAPI,`SUCCESS,`OTHERS,`CNY,`6.00,`0.00,`0,`0,`0.00,`0.00,`,`,`停车费用,`,`0.03000,`0.54%,`6.00,`0.00,`
`2026-04-30 10:51:24,`wxfc262f382d61c3db,`1723333380,`0,`,`4200003136202604306115569074,`588edd636de94fc88c74e5c758cc2caa,`obt9Lvof84f65M-vlNsOPiegNjOc,`JSAPI,`SUCCESS,`OTHERS,`CNY,`3.00,`0.00,`0,`0,`0.00,`0.00,`,`,`停车费用,`,`0.02000,`0.54%,`3.00,`0.00,`
`2026-04-30 11:03:03,`wxfc262f382d61c3db,`1723333380,`0,`,`4200003137202604301625991980,`aca289a5e7894c14b4aaffcc29668c8b,`obt9LvvGnAvghtRuhq392MGyMysU,`JSAPI,`SUCCESS,`OTHERS,`CNY,`3.00,`0.00,`0,`0,`0.00,`0.00,`,`,`停车费用,`,`0.02000,`0.54%,`3.00,`0.00,`
`2026-04-30 11:19:03,`wxfc262f382d61c3db,`1723333380,`0,`,`4200003137202604308746513848,`9c0cc82a126944df9ffad97cabe8799e,`obt9Lvkvo3eByxWpMtIfUllZW3Es,`JSAPI,`SUCCESS,`CCB_DEBIT,`CNY,`3.00,`0.00,`0,`0,`0.00,`0.00,`,`,`停车费用,`,`0.02000,`0.54%,`3.00,`0.00,`
`2026-04-30 10:38:50,`wxfc262f382d61c3db,`1723333380,`0,`,`4200003138202604301675272289,`3734f391dad244098137e16e43a6ab17,`obt9LvjvPzk1kyKmT6sra9JS8zdo,`JSAPI,`SUCCESS,`OTHERS,`CNY,`3.00,`0.00,`0,`0,`0.00,`0.00,`,`,`停车费用,`,`0.02000,`0.54%,`3.00,`0.00,`
`2026-04-30 21:24:28,`wxfc262f382d61c3db,`1723333380,`0,`,`4200003138202604304985197631,`440fbfdea8a640e380f810409bba770c,`obt9LvsRRgjuY14Plt0yWm2Jk6MI,`JSAPI,`SUCCESS,`OTHERS,`CNY,`3.00,`0.00,`0,`0,`0.00,`0.00,`,`,`停车费用,`,`0.02000,`0.54%,`3.00,`0.00,`
`2026-04-30 10:25:32,`wxfc262f382d61c3db,`1723333380,`0,`,`4200003139202604300042993445,`d68821917f3a4975b3a44f96295cf780,`obt9LvmN4y8MBFEOSM3VlMAqUyUw,`JSAPI,`SUCCESS,`CCB_CREDIT,`CNY,`3.00,`0.00,`0,`0,`0.00,`0.00,`,`,`停车费用,`,`0.02000,`0.54%,`3.00,`0.00,`
`2026-04-30 19:59:02,`wxfc262f382d61c3db,`1723333380,`0,`,`4200003140202604300442686697,`e888e08d6ae34b46bb4a2ed03c6eae13,`obt9Lvn8k_VEUW07jH0aXMM_Wh_A,`JSAPI,`SUCCESS,`CITIC_CREDIT,`CNY,`3.00,`0.00,`0,`0,`0.00,`0.00,`,`,`停车费用,`,`0.02000,`0.54%,`3.00,`0.00,`
总交易单数,应结订单总金额,退款总金额,充值券退款总金额,手续费总金额,订单总金额,申请退款总金额
`2157.0,`11964.0,`0.0,`0.0,`68.48,`11964.0,`0.0